,DSSTox_CID,NR-Aromatase,SMILES
0,9661,0.0,CC/C(=C(\c1ccc(O)cc1)c1ccc(OCCN(C)C)cc1)c1ccccc1
1,26148,0.0,CCCCCCCCCCCCCCCC[N+](C)(C)CC.[Br-]
2,1871,0.0,CC/C(=C(\c1ccccc1)c1ccc(OCCN(C)C)cc1)c1ccccc1.O=C(O)CC(O)(CC(=O)O)C(=O)O
3,17683,0.0,CC[C@H](C)[C@H]1O[C@]2(CC[C@@H]1C)C[C@@H]1C[C@@H](C/C=C(\C)[C@@H](O[C@H]3C[C@H](OC)[C@@H](O[C@H]4C[C@H](OC)[C@@H](O)[C@H](C)O4)[C@H](C)O3)[C@@H](C)/C=C/C=C3\CO[C@@H]4[C@H](O)C(C)=C[C@@H](C(=O)O1)[C@]34O)O2
4,5608,0.0,CCCCCCCC[N+](CCCCCCCC)(CCCCCCCC)CCCCCCCC.[Br-]
5,22067,0.0,CCCCCCCC[P+](CCCCCCCC)(CCCCCCCC)CCCCCCCC.[Br-]
6,28863,0.0,COC(=O)C[C@](O)(CCCC(C)(C)O)C(=O)O[C@@H]1C(OC)=CC23CCCN2CCc2cc4c(cc2[C@H]13)OCO4
7,13051,0.0,CCCCCCCCCCCCCCCCn1cc[n+](C)c1.O=S(=O)([N-]S(=O)(=O)C(F)(F)F)C(F)(F)F
8,451,0.0,CCCCCCCCCCCC[N+](C)(C)Cc1ccccc1.[Br-]
9,3452,0.0,O=C1OC2(c3ccccc31)c1cc(Br)c(O)c(Br)c1Oc1c2cc(Br)c(O)c1Br
10,7573,0.0,CC/C(=C(\c1ccccc1)c1ccc(OCCN(C)C)cc1)c1ccccc1.O=C(O)CC(O)(CC(=O)O)C(=O)O
11,24495,0.0,C[C@]12O[C@H](C[C@]1(O)CO)n1c3ccccc3c3c4c(c5c6ccccc6n2c5c31)CNC4=O
12,28148,0.0,CCCCCCCCCCCCCCCC[n+]1ccccc1.[Br-]
13,20679,0.0,CO/N=C1/C[C@]2(C[C@@H]3C[C@@H](C/C=C(\C)C[C@@H](C)/C=C/C=C4\CO[C@@H]5[C@H](O)C(C)=C[C@@H](C(=O)O3)[C@]45O)O2)O[C@H](/C(C)=C/C(C)C)[C@H]1C
14,14691,0.0,CCCCCCCCCCCCCCCCn1cc[n+](C)c1.[Cl-]
15,27118,0.0,Clc1ccc(COC(Cn2ccnc2)c2ccc(Cl)cc2Cl)cc1.O=[N+]([O-])O
16,4929,0.0,CC[C@]1(O)C[C@H]2C[N@](CCc3c([nH]c4ccccc34)[C@@](C(=O)OC)(c3cc4c(cc3OC)N(C=O)[C@H]3[C@@](O)(C(=O)OC)[C@H](OC(C)=O)[C@]5(CC)C=CCN6CC[C@]43[C@@H]65)C2)C1
17,1390,0.0,CCCCCCCCCCCCCCCC[n+]1ccccc1.[Br-]
18,6864,0.0,CC=O
19,25478,0.0,CCCCCCCCCCCCCCn1cc[n+](C)c1.O=S(=O)([N-]S(=O)(=O)C(F)(F)F)C(F)(F)F
20,21496,0.0,CCCCCCCCCCCCn1cc[n+](C)c1.F[B-](F)(F)F
21,2832,0.0,CCCCCCCCCCCCn1cc[n+](C)c1.O=S(=O)([O-])C(F)(F)F
22,3993,0.0,CCN(CC)CCOc1ccc(Cc2ccccc2)cc1
23,11593,0.0,O=c1[nH]c2ccccc2n1C1CCN(CCCC(c2ccc(F)cc2)c2ccc(F)cc2)CC1
24,6353,0.0,CC(C)(C)CC(C)(C)c1ccc(O)c(Cc2ccc(Cl)cc2Cl)c1
25,18721,0.0,CSc1nc2cc(Cl)c(Oc3cccc(Cl)c3Cl)cc2[nH]1
26,27711,0.0,CCCCCCCCCCCCCCCC[n+]1ccccc1.[Cl-]
27,16446,0.0,Cl.O=C(c1ccc(OCCN2CCCCC2)cc1)c1c(-c2ccc(O)cc2)sc2cc(O)ccc12
28,1039,0.0,Clc1ccc(C(Cn2ccnc2)OCc2ccsc2Cl)c(Cl)c1
29,2444,0.0,CC[C@H]1CN2CCc3cc(OC)c(OC)cc3[C@@H]2C[C@@H]1C[C@H]1NCCc2cc(OC)c(OC)cc21
30,29318,0.0,CCCCCCCCCCCCn1cc[n+](C)c1.O=S(=O)([N-]S(=O)(=O)C(F)(F)F)C(F)(F)F
31,24901,0.0,CO[C@H]1C[C@@H]2CC[C@@H](C)[C@@](O)(O2)C(=O)C(=O)N2CCCC[C@H]2C(=O)O[C@H]([C@H](C)C[C@@H]2CC[C@@H](O)[C@H](OC)C2)CC(=O)[C@H](C)/C=C(\C)[C@@H](O)[C@@H](OC)C(=O)[C@H](C)C[C@H](C)/C=C/C=C/C=C/1C
32,26712,0.0,C[n+]1c2cc(N)ccc2cc2ccc(N)cc21.Nc1ccc2cc3ccc(N)cc3nc2c1.[Cl-]
33,12630,0.0,CCNc1ccc(C(=C2C=CC(=[N+](CC)CC)C=C2)c2ccc(N(CC)CC)cc2)c2ccccc12.[Cl-]
34,14252,0.0,Clc1ccc(COC(Cn2ccnc2)c2ccc(Cl)cc2Cl)cc1.O=[N+]([O-])O
35,9202,0.0,C=C1/C(=C\C=C2/CCC[C@]3(C)[C@@H]([C@H](C)CCCC(C)(C)O)CC[C@@H]23)C[C@@H](O)C[C@@H]1O
36,15164,0.0,N#CC(CCc1ccc(Cl)cc1)(Cn1cncn1)c1ccccc1
37,10605,0.0,O=[N+]([O-])c1cc(I)c(O)c(I)c1
38,4507,0.0,COC(=O)C[C@](O)(CCCC(C)(C)O)C(=O)O[C@@H]1C(OC)=CC23CCCN2CCc2cc4c(cc2[C@H]13)OCO4
39,84,0.0,CO[C@H]1[C@@H](O)C[C@H](O[C@H]2[C@@H](O)C[C@H](O[C@H]3[C@@H](O)C[C@H](O[C@H]4CC[C@@]5(C)[C@H](CC[C@@H]6[C@@H]5C[C@@H](O)[C@]5(C)[C@@H](C7=CC(=O)OC7)CC[C@]65O)C4)O[C@@H]3C)O[C@@H]2C)O[C@@H]1C
40,20305,0.0,C[C@@H]1O[C@@H](O[C@H]2C[C@@H](O)[C@]3(CO)[C@H]4[C@H](O)C[C@]5(C)[C@@H](C6=CC(=O)OC6)CC[C@]5(O)[C@@H]4CC[C@]3(O)C2)[C@H](O)[C@H](O)[C@H]1O
41,7421,0.0,CCCCCCCCCCCCCC[n+]1ccccc1.[Br-]
42,25816,0.0,CCCCCCCCCCn1cc[n+](CCCCCCCCCC)c1C.[Cl-]
43,22599,0.0,CO[C@@H]1[C@H](O)C[C@@H](O[C@@H]2C[C@H](Oc3cc4cc5c(c(O)c4c(O)c3C)C(=O)[C@@H](O[C@H]3C[C@@H](O[C@H]4C[C@@H](O[C@H]6C[C@](C)(O)[C@@H](OC(C)=O)[C@H](C)O6)[C@H](O)[C@@H](C)O4)[C@H](O)[C@@H](C)O3)[C@H]([C@H](OC)C(=O)[C@@H](O)[C@@H](C)O)C5)O[C@H](C)[C@@H]2OC(=O)O)O[C@@H]1C
44,6183,0.0,CCOC(=O)C1(c2ccccc2)CCN(CCC(C#N)(c2ccccc2)c2ccccc2)CC1.Cl
45,28559,0.0,CC(C)C1CCC(Cc2ccc(Cl)cc2)C1(O)Cn1cncn1
46,5373,0.0,CC/C(=C(\c1ccccc1)c1ccc(OCCN(C)C)cc1)c1ccccc1
47,1640,0.0,CN(C)CCOc1ccc(/C(=C(/CCCl)c2ccccc2)c2ccccc2)cc1.O=C(O)CC(O)(CC(=O)O)C(=O)O
48,23900,0.0,CCOC(=O)Oc1c(OC)cc(C(=O)O[C@@H]2C[C@@H]3CN4CCc5c([nH]c6cc(OC)ccc56)[C@H]4C[C@@H]3[C@H](C(=O)OC)[C@H]2OC)cc1OC
49,8009,0.0,C[C@H]1O[C@@H](O[C@H]2[C@@H](O)C[C@H](O[C@H]3[C@@H](O)C[C@H](O[C@H]4CC[C@@]5(C)[C@H](CC[C@@H]6[C@@H]5C[C@@H](O)[C@]5(C)[C@@H](C7=CC(=O)OC7)CC[C@]65O)C4)O[C@@H]3C)O[C@@H]2C)C[C@H](O)[C@@H]1O
50,3736,0.0,C[C@@H]1O[C@@H](O[C@H]2C[C@@H](O)[C@]3(CO)[C@H]4[C@H](O)C[C@]5(C)[C@@H](C6=CC(=O)OC6)CC[C@]5(O)[C@@H]4CC[C@]3(O)C2)[C@H](O)[C@H](O)[C@H]1O
51,3100,0.0,C[C@@H]1C[C@@H]([C@H](O)CC2CC(=O)NC(=O)C2)C(=O)[C@@H](C)C1
52,746,0.0,O=C1OC2(c3ccc(O)cc3Oc3cc(O)ccc32)c2ccccc21
53,303,0.0,N#CC(C#N)=NNc1cccc(Cl)c1
54,27396,0.0,CCCCCCCCCCCCCCCCn1cc[n+](C)c1.F[B-](F)(F)F
55,2009,0.0,CCN(CC)CCOc1ccc(C(=C(Cl)c2ccccc2)c2ccccc2)cc1.O=C(O)CC(O)(CC(=O)O)C(=O)O
56,25103,0.0,CC/N=c1/cc2oc3cc(NCC)c(C)cc3c(-c3ccccc3C(=O)OCC)c-2cc1C.Cl
57,17239,0.0,CCC/C=C/C=C/C(=O)O[C@H]1/C(=C/C(=O)OC)C[C@H]2C[C@H]([C@@H](C)O)OC(=O)C[C@H](O)C[C@@H]3C[C@H](OC(C)=O)C(C)(C)[C@](O)(C[C@@H]4C/C(=C/C(=O)OC)C[C@H](/C=C/C(C)(C)[C@]1(O)O2)O4)O3
58,26504,0.0,CC/N=c1/cc2oc3cc(NCC)c(C)cc3c(-c3ccccc3C(=O)OCC)c-2cc1C.Cl
59,7146,0.0,COC(=O)N(C(=O)N1CO[C@@]2(C(=O)OC)Cc3cc(Cl)ccc3C2=N1)c1ccc(OC(F)(F)F)cc1
60,21238,0.0,CC(C)N(C(=O)SCC(Cl)=CCl)C(C)C
61,13836,0.0,CC(CN1c2ccccc2Sc2ccccc21)N(C)C
62,24682,0.0,CCCOC/C(=N\c1ccc(Cl)cc1C(F)(F)F)n1ccnc1
63,5072,0.0,CC(C)(C)c1ccc(C(=O)CCCN2CCC(OC(c3ccccc3)c3ccccc3)CC2)cc1
64,5813,0.0,Cc1ccc(S(=O)(=O)N[C@@H](CCCCN)C(=O)CCl)cc1.Cl
65,29136,0.0,O=C1NCN(c2ccccc2)C12CCN(CCCC(c1ccc(F)cc1)c1ccc(F)cc1)CC2
66,21746,0.0,CC(C)C[C@H](NC(=O)[C@H](Cc1ccccc1)NC(=O)c1cnccn1)B(O)O
67,30037,0.0,Nc1ccc2cc3ccc(N)cc3nc2c1.Nc1ccc2cc3ccc(N)cc3nc2c1.O=S(=O)(O)O
68,24216,0.0,CCCCCCCCCCCC[N+](C)(C)C.[Cl-]
69,6629,0.0,CN(C)c1ccc2nc3ccc(N(C)C)cc3[s+]c2c1.[Cl-]
70,4332,0.0,CCOC(=O)C1=C(C)NC(C)=C(C(=O)OCC)C1c1ccccc1/C=C/C(=O)OC(C)(C)C
71,1237,0.0,Cl.Nc1c2ccccc2nc2ccccc12.O
72,7733,0.0,CN(C)CCCN1c2ccccc2Sc2ccc(Cl)cc21
73,4674,0.0,CO[C@H]1C[C@H](O[C@H]2[C@H](C)O[C@@H](O[C@@H]3/C(C)=C/C[C@@H]4C[C@@H](C[C@]5(C=C[C@H](C)[C@@H](C6CCCCC6)O5)O4)OC(=O)[C@@H]4C=C(C)[C@@H](O)[C@H]5OC/C(=C\C=C\[C@@H]3C)[C@]54O)C[C@@H]2OC)O[C@@H](C)[C@@H]1O
74,12310,0.0,CO[C@H]1C[C@@H]2CC[C@@H](C)[C@@](O)(O2)C(=O)C(=O)N2CCCC[C@H]2C(=O)O[C@H]([C@H](C)C[C@@H]2CC[C@@H](O)[C@H](OC)C2)CC(=O)[C@H](C)/C=C(\C)[C@@H](O)[C@@H](OC)C(=O)[C@H](C)C[C@H](C)/C=C/C=C/C=C/1C
75,576,0.0,CC[C@]1(O)C[C@H]2C[N@](CCc3c([nH]c4ccccc34)[C@@](C(=O)OC)(c3cc4c(cc3OC)N(C)[C@H]3[C@@](O)(C(N)=O)[C@H](O)[C@]5(CC)C=CCN6CC[C@]43[C@@H]65)C2)C1.O=S(=O)(O)O
76,11310,0.0,COCc1c(C(C)C)nc(C(C)C)c(/C=C/[C@@H](O)C[C@@H](O)CC(=O)[O-])c1-c1ccc(F)cc1.[Na+]
77,27894,0.0,Clc1ccc(COC(Cn2ccnc2)c2ccc(Cl)cc2Cl)cc1.O=[N+]([O-])O
78,2658,0.0,O=c1oc2ccccc2c(O)c1C(CC(O)c1ccc(-c2ccc(Br)cc2)cc1)c1ccccc1
79,22260,0.0,CO[C@@H]1[C@@H](O[C@@H]2O[C@H](C)[C@@H](O[C@H]3C[C@@](C)(O)[C@@H](OC(=O)CC(C)C)[C@H](C)O3)[C@H](N(C)C)[C@H]2O)[C@@H](CC=O)C[C@@H](C)C(=O)/C=C/C2OC2C[C@@H](C)OC(=O)C[C@H]1OC(C)=O
80,25638,0.0,CN(CCCN1c2ccccc2CCc2ccccc21)CC(=O)c1ccc(Cl)cc1.Cl
81,26263,0.0,Clc1ccccc1C(c1ccccc1)(c1ccccc1)n1ccnc1
82,10169,0.0,N#C/C(=C1/SC[C@@H](c2ccc(Cl)cc2Cl)S1)n1ccnc1
83,15452,0.0,C=C(c1ccc(C(=O)O)cc1)c1cc2c(cc1C)C(C)(C)CCC2(C)C
84,20131,0.0,CO[C@H]1C[C@@H]2CC[C@@H](C)[C@@](O)(O2)C(=O)C(=O)N2CCCC[C@H]2C(=O)O[C@H]([C@H](C)C[C@@H]2CC[C@@H](OCCO)[C@H](OC)C2)CC(=O)[C@H](C)/C=C(\C)[C@@H](O)[C@@H](OC)C(=O)[C@H](C)C[C@H](C)/C=C/C=C/C=C/1C
85,13535,0.0,O=C1OC2(c3ccc([O-])cc3Oc3cc([O-])ccc32)c2ccccc21.[Na+].[Na+]
86,26944,0.0,Clc1ccc(C(Cn2ccnc2)OCc2c(Cl)cccc2Cl)c(Cl)c1
87,25354,0.0,CC1(C)CCC(C)(C)c2cc(NC(=O)c3ccc(C(=O)O)cc3)ccc21
88,27535,0.0,O=C(O)CN(CC(=O)O)CC1=CC2C(=CC1=O)Oc1cc(O)c(CN(CC(=O)O)CC(=O)O)cc1C21OC(=O)c2ccccc21
89,8992,0.0,Oc1ccc(C2(c3ccc(O)cc3)CC3CC2C2CCCC32)cc1
90,15008,0.0,CCCCCCCCCCCCCCn1cc[n+](C)c1.[Cl-]
91,28709,0.0,CO[C@H](C(=O)[C@@H](O)[C@@H](C)O)C1Cc2cc3cc(O[C@H]4C[C@@H](O[C@H]5C[C@@H](O)[C@H](O)[C@@H](C)O5)[C@@H](O)[C@@H](C)O4)c(C)c(O)c3c(O)c2C(=O)[C@H]1O[C@H]1C[C@@H](O[C@H]2C[C@@H](O[C@H]3C[C@](C)(O)[C@H](O)[C@@H](C)O3)[C@H](O)[C@@H](C)O2)[C@H](O)[C@@H](C)O1
92,3588,0.0,CO[C@H](C(=O)[C@@H](O)[C@@H](C)O)C1Cc2cc3cc(O[C@H]4C[C@@H](O[C@H]5C[C@@H](O)[C@H](O)[C@@H](C)O5)[C@@H](O)[C@@H](C)O4)c(C)c(O)c3c(O)c2C(=O)[C@H]1O[C@H]1C[C@@H](O[C@H]2C[C@@H](O[C@H]3C[C@](C)(O)[C@H](O)[C@@H](C)O3)[C@H](O)[C@@H](C)O2)[C@H](O)[C@@H](C)O1
93,3240,0.0,FC(F)C(F)(F)OCC(Cn1cncn1)c1ccc(Cl)cc1Cl
94,19719,0.0,CCOC(=O)C1=C(COCCN)NC(C)=C(C(=O)OC)C1c1ccccc1Cl.O=S(=O)(O)c1ccccc1
95,25951,0.0,O=C1OC2(c3ccc(O)cc3Oc3cc(O)ccc32)c2ccccc21
96,6060,0.0,Clc1ccc(CCC(Cn2ccnc2)Sc2c(Cl)cccc2Cl)cc1.O=[N+]([O-])O
97,895,0.0,CCCCC(CC)COP(=O)(O)OCC(CC)CCCC
98,2180,0.0,C[C@H](CCC(=O)O)[C@H]1CC[C@H]2[C@@H]3CC[C@@H]4C[C@H](O)CC[C@]4(C)[C@H]3CC[C@]12C
99,22383,0.0,C[C@]1(Cn2ccnn2)[C@H](C(=O)[O-])N2C(=O)C[C@H]2S1(=O)=O.[Na+]
100,1805,0.0,O=[N+]([O-])c1ccc(O/N=C/c2cc(Br)c(O)c(Br)c2)c([N+](=O)[O-])c1
101,24350,0.0,Clc1ccc(C(c2ccc(Cl)cc2)C(Cl)(Cl)Cl)cc1
102,24822,0.0,CCCCCCCCCCn1cc[n+](C)c1.F[P-](F)(F)(F)(F)F
103,4055,0.0,N#Cc1cc(I)c(O)c(I)c1
104,7821,0.0,CC(C)(C)C(=O)OCOC(=O)C1N2C(=O)CC2S(=O)(=O)C1(C)C
105,21424,0.0,N#Cc1cc(Br)c(O)c(Br)c1
106,7300,0.0,CCCC[Sn](Cl)(Cl)CCCC
107,1096,0.0,CN1CCc2cc3c(cc2C1O)OCO3.Cl
108,28933,0.0,C=CCOC(Cn1ccnc1)c1ccc(Cl)cc1Cl
109,5293,0.0,Oc1c(Cl)c(Cl)cc(Cl)c1Cl
110,21624,0.0,Cc1c2oc3c(C)ccc(C(=O)N[C@@H]4C(=O)N[C@H](C(C)C)C(=O)N5CCC[C@H]5C(=O)N(C)CC(=O)N(C)[C@@H](C(C)C)C(=O)O[C@@H]4C)c3nc-2c(C(=O)N[C@@H]2C(=O)N[C@H](C(C)C)C(=O)N3CCC[C@H]3C(=O)N(C)CC(=O)N(C)[C@@H](C(C)C)C(=O)O[C@@H]2C)c(N)c1=O
111,6511,0.0,CCCC(Cn1cncn1)c1ccc(Cl)cc1Cl
112,13982,0.0,CC/C(=C(\c1ccccc1)c1ccc(OCCN(C)C)cc1)c1ccccc1
113,9327,0.0,CC[C@H]1CN2CCc3cc(OC)c(OC)cc3[C@@H]2C[C@@H]1C[C@H]1NCCc2cc(OC)c(OC)cc21.Cl.Cl
114,17513,0.0,CC[C@@H](C(=O)O)[C@@H]1O[C@@H]([C@@H](C)[C@H](O)[C@H](C)C(=O)[C@H](CC)[C@H]2O[C@]3(C=C[C@@H](O)[C@]4(CC[C@@](C)([C@H]5CC[C@](O)(CC)[C@H](C)O5)O4)O3)[C@H](C)C[C@@H]2C)[C@@H](C)C[C@@H]1C
115,7024,0.0,CN(C)C(=S)[S-].CN(C)C(=S)[S-].[Zn+2]
116,1485,0.0,CC1(COc2ccc(CC3SC(=O)NC3=O)cc2)CCCCC1
117,27255,0.0,COc1ccc(CN2CCN(C(c3ccc(F)cc3)c3ccc(F)cc3)CC2)c(OC)c1OC.Cl.Cl
118,26402,0.0,O=C1CCc2ccc(OCCCCN3CCN(c4cccc(Cl)c4Cl)CC3)cc2N1
119,21875,0.0,CN1CCN2c3ccccc3Cc3ccccc3C2C1
120,3870,0.0,Oc1ccc(O)cc1
121,21122,0.0,CCCCCCCCOc1ccccc1C(=O)Nc1ccc(C(=O)OCC[N+](C)(CC)CC)cc1.[Br-]
122,5490,0.0,O=C([O-])c1ccccc1-c1c2cc(Br)c(=O)c(Br)c-2oc2c(Br)c([O-])c(Br)cc12.[Na+].[Na+]
123,12045,0.0,CC[C@@]1([C@@H]2O[C@@H]([C@H]3O[C@@](O)(CO)[C@H](C)C[C@@H]3C)C[C@@H]2C)CC[C@H]([C@]2(C)CC[C@]3(C[C@H](O)[C@@H](C)[C@@H]([C@@H](C)[C@@H](OC)[C@H](C)C(=O)[O-])O3)O2)O1.[Na+]
124,8685,0.0,O=[N+]([O-])c1ccc(Oc2ccc(N=C=S)cc2)cc1
125,15592,0.0,C=C1CC[C@H](O)C/C1=C/C=C1\CCC[C@]2(C)[C@@H]([C@H](C)CCCC(C)(C)O)CC[C@@H]12
126,25220,0.0,c1ccc(-c2ccc(C(c3ccccc3)n3ccnc3)cc2)cc1
127,2990,0.0,C/C=C1\NC(=O)[C@H]2CSSCC/C=C/[C@H](CC(=O)N[C@H](C(C)C)C(=O)N2)OC(=O)[C@@H](C(C)C)NC1=O
128,26817,0.0,Cc1nnc2n1-c1sc(CCc3ccc(CC(C)C)cc3)cc1C(c1ccccc1Cl)=NC2C
129,9880,0.0,CC[C@@]1(O)C[C@H](O[C@H]2C[C@H](N(C)C)[C@H](O[C@H]3C[C@H](O)[C@H](O[C@H]4CCC(=O)[C@H](C)O4)[C@H](C)O3)[C@H](C)O2)c2c(cc3c(c2O)C(=O)c2c(O)cccc2C3=O)[C@H]1C(=O)OC.Cl
130,222,0.0,N=C(N)NC(=O)c1nc(Cl)c(N)nc1N
131,4866,0.0,CCCCCCCCCCCCCCCCCCn1cc[n+](C)c1.F[P-](F)(F)(F)(F)F
132,20458,0.0,CCCCCCCC(=O)CC[C@@H]1[C@@H](C/C=C\CCCC(=O)OC(C)C)[C@@H](O)C[C@H]1O
133,24629,0.0,CC/C(=C(\c1ccccc1)c1ccc(OCCN(C)C)cc1)c1ccccc1.O=C(O)CC(O)(CC(=O)O)C(=O)O
134,4170,0.0,CC1(CN2CCC(n3c(=O)[nH]c4ccccc43)CC2)OCc2ccccc2-n2cccc21
135,12430,0.0,O=C(c1ccc(OCCN2CCCCC2)cc1)c1c(-c2ccc(O)cc2)sc2cc(O)ccc12
136,10774,0.0,CCCCC1C(=O)N(c2ccccc2)N(c2ccc(O)cc2)C1=O
137,17047,0.0,CC[n+]1c(-c2ccccc2)c2cc(N)ccc2c2ccc(N)cc21.[Br-]
138,2586,0.0,O=S(=O)([O-])c1ccccc1C=Cc1ccc(-c2ccc(C=Cc3ccccc3S(=O)(=O)[O-])cc2)cc1.[Na+].[Na+]
139,14877,0.0,COc1cc2c(c(OC)c1OC)-c1ccc(OC)c(=O)cc1[C@@H](NC(C)=O)CC2
140,29807,0.0,CCc1nc(N)nc(N)c1-c1ccc(Cl)cc1
141,27073,0.0,CCN(CC)CCOc1ccc(C(=C(Cl)c2ccccc2)c2ccccc2)cc1
142,807,0.0,Cl.Nc1c2ccccc2nc2ccccc12.O
143,13255,0.0,CCCCCCCCCCCCn1cc[n+](C)c1.F[P-](F)(F)(F)(F)F
144,24987,0.0,Nc1nc2nc[nH]c2c(=S)[nH]1
145,2339,0.0,Cc1c(C(=O)NN2CCCCC2)nn(-c2ccc(Cl)cc2Cl)c1-c1ccc(Cl)cc1
146,5959,0.0,O=C([O-])C[C@H](O)CC(O)/C=C/c1c(C2CC2)nc2ccccc2c1-c1ccc(F)cc1.O=C([O-])C[C@H](O)C[C@H](O)/C=C/c1c(C2CC2)nc2ccccc2c1-c1ccc(F)cc1.[Ca+2]
147,28790,0.0,Clc1ccc(C(Cn2ccnc2)OCc2csc3c(Cl)cccc23)c(Cl)c1.O=[N+]([O-])O
148,25563,0.0,Cc1ccc(-n2nc(C(C)(C)C)cc2NC(=O)Nc2ccc(OCCN3CCOCC3)c3ccccc23)cc1
149,1937,0.0,Cc1cc(Nc2ccccc2C(=O)O)ccc1Cl
150,14486,0.0,C/C(=C\c1csc(C)n1)C1C[C@@H]2O[C@]2(C)CCC[C@H](C)C(O)[C@@H](C)C(=O)C(C)(C)[C@@H](O)CC(=O)O1
151,27622,0.0,CCCCc1oc2ccccc2c1C(=O)c1cc(I)c(OCCN(CC)CC)c(I)c1
152,4990,0.0,CCCCc1oc2ccccc2c1C(=O)c1cc(I)c(OCCN(CC)CC)c(I)c1.Cl
153,6784,0.0,CCOc1ccc(Cc2nccc3cc(OCC)c(OCC)cc23)cc1OCC.Cl
154,26656,0.0,Cl.O=C(CCCN1CCC(O)(c2cccc(C(F)(F)F)c2)CC1)c1ccc(F)cc1
155,12869,0.0,Cl.O=C(c1ccc(OCCN2CCCCC2)cc1)c1c(-c2ccc(O)cc2)sc2cc(O)ccc12
156,18321,0.0,Cc1nc2ccccc2n1Cc1ccc(Cl)cc1
157,24568,0.0,CN(C)S(=O)(=O)N(SC(F)(Cl)Cl)c1ccccc1
158,11129,0.0,CN[C@H]1CCc2cc(OC)c(OC)c(OC)c2-c2ccc(OC)c(=O)cc21
159,16229,0.0,COc1ccccc1NC(=O)c1cc2ccccc2cc1O
160,26057,0.0,O=C(O)c1ccccc1Nc1cccc(C(F)(F)F)c1
161,18880,0.0,O=c1[nH]c(=O)n([C@H]2C[C@H](O)[C@@H](CO)O2)cc1F
162,3337,0.0,N#C/C(=C1/SC[C@@H](c2ccc(Cl)cc2Cl)S1)n1ccnc1
163,613,0.0,CCCCC[C@H](O)/C=C/[C@@H]1[C@@H](C/C=C\CCCC(=O)O)[C@@H](O)C[C@H]1O.COC(N)(CO)CO
164,1309,0.0,CC(=O)O[C@H]1C(=O)[C@@]2(C)[C@H]([C@H](OC(=O)c3ccccc3)[C@]3(O)C[C@H](OC(=O)[C@H](O)[C@@H](NC(=O)c4ccccc4)c4ccccc4)C(C)=C1C3(C)C)[C@]1(OC(C)=O)CO[C@@H]1C[C@@H]2O
165,2110,0.0,CC(C)C[C@H](NC(=O)[C@H](Cc1ccccc1)NC(=O)c1cnccn1)B(O)O
166,25880,0.0,O=C(O)[C@@H](S)[C@H](S)C(=O)O
167,16736,0.0,O=C(O)Cn1c2ccccc2c(=O)c2ccccc21
168,5168,0.0,C[C@H]1O[C@@H](O[C@H]2[C@@H](O)C[C@H](O[C@H]3[C@@H](O)C[C@H](O[C@H]4CC[C@@]5(C)[C@H](CC[C@@H]6[C@@H]5C[C@@H](O)[C@]5(C)[C@@H](C7=CC(=O)OC7)CC[C@]65O)C4)O[C@@H]3C)O[C@@H]2C)C[C@H](O)[C@@H]1O
169,4795,0.0,O=c1ccc2cc(O[C@@H]3O[C@H](CO)[C@@H](O)[C@H](O)[C@H]3O)c(O)cc2o1
170,7636,0.0,COc1cc([C@@H]2c3cc4c(cc3C(O[C@@H]3O[C@@H]5CO[C@@H](C)O[C@H]5[C@H](O)[C@H]3O)C3COC(=O)[C@@H]32)OCO4)cc(OC)c1OP(=O)(O)O
171,10413,0.0,Cc1ccc2c(Br)cc(Br)c(O)c2n1
172,11474,0.0,Oc1ccc2[nH]cc(CCCCN3CC=C(c4ccccc4)CC3)c2c1
173,7248,0.0,CC(=O)S[C@@H]1CC2=CC(=O)CC[C@]2(C)[C@H]2CC[C@@]3(C)[C@@H](CC[C@@]34CCC(=O)O4)[C@H]12
174,5661,0.0,Cc1cc(C)c(C=C2C(=O)Nc3ccccc32)[nH]1
175,6243,0.0,CN(Cc1cc(Br)cc(Br)c1N)C1CCCCC1.Cl
176,3150,0.0,C=CCOC(Cn1ccnc1)c1ccc(Cl)cc1Cl
177,2925,0.0,Cc1ccc(N(SC(F)(Cl)Cl)S(=O)(=O)N(C)C)cc1
178,27179,0.0,CN1C[C@H](C(=O)N[C@]2(C)O[C@@]3(O)[C@@H]4CCCN4C(=O)[C@H](Cc4ccccc4)N3C2=O)C[C@@H]2c3cccc4[nH]cc(c34)C[C@H]21
179,13669,0.0,COc1cc([C@@H]2c3cc4c(cc3[C@H](O)[C@H]3COC(=O)[C@H]23)OCO4)cc(OC)c1OC
180,147,0.0,CN1C(=O)[C@@H](NC(=O)c2cc3ccccc3[nH]2)N=C(c2ccccc2)c2ccccc21
181,27771,0.0,CCCOc1ccc2[nH]c(NC(=O)OC)nc2c1
182,5744,0.0,O=C1C(Cl)=C(Cl)C(=O)c2ccccc21
183,2740,0.0,C=CCOC(Cn1ccnc1)c1ccc(Cl)cc1Cl.O=S(=O)(O)O
184,3680,0.0,OCC(S)CS
185,28398,0.0,O=[N+]([O-])c1ccc2ccc3cccc4ccc1c2c34
186,15773,0.0,CC(=O)O[C@@]12CO[C@@H]1C[C@H](O)[C@@]1(C)C(=O)[C@H](O)C3=C(C)[C@@H](OC(=O)[C@H](O)[C@@H](NC(=O)OC(C)(C)C)c4ccccc4)C[C@@](O)([C@@H](OC(=O)c4ccccc4)[C@H]21)C3(C)C
187,28602,0.0,CC1=C(/C=C/C(C)=C/C=C/C(C)=C/C(=O)O)C(C)(C)CCC1
188,7945,0.0,CC(C)(C)NCC(O)c1cc(Cl)c(N)c(Cl)c1
189,20745,0.0,CCCCCCCCn1cc[n+](C)c1.O=S(=O)([N-]S(=O)(=O)C(F)(F)F)C(F)(F)F
190,21357,0.0,C[C@]12CCC(=O)C=C1[C@@H]1C[C@@H]1[C@H]1[C@@H]3[C@@H]4C[C@@H]4[C@@]4(CCC(=O)O4)[C@@]3(C)CC[C@@H]12
191,28521,0.0,CC1=C(/C=C/C(C)=C/C=C/C(C)=C/C(=O)O)C(C)(C)CCC1
192,22502,0.0,CC1(C)N=C(N)N=C(N)N1c1ccc(Cl)cc1.Cl
193,1745,0.0,COP(=O)(OC)OC(=CCl)c1cc(Cl)c(Cl)cc1Cl
194,24396,0.0,CCC(Cc1c(I)cc(I)c(O)c1I)C(=O)O
195,1594,0.0,CC1(C)S[C@@H]2[C@H](NC(=O)[C@H](N)c3ccccc3)C(=O)N2[C@H]1C(=O)OCOC(=O)[C@@H]1N2C(=O)C[C@H]2S(=O)(=O)C1(C)C.Cc1ccc(S(=O)(=O)O)cc1
196,24129,0.0,CCCCCCCCCCn1cc[n+](C)c1.[Cl-]
197,12568,0.0,CCOC(=O)c1ccccc1C(=C1C=C(Br)C(=O)C(Br)=C1)c1cc(Br)c(O)c(Br)c1
198,27438,0.0,CCCC(=O)OC[C@@H](OC(=O)CCC)[C@@H](OC(=O)CCC)[C@H](Cn1c2nc(=O)[nH]c(=O)c-2nc2cc(C)c(C)cc21)OC(=O)CCC
199,25767,0.0,COc1cccc2c1C(=O)c1c(O)c3c(c(O)c1C2=O)C[C@@](O)(C(C)=O)C[C@@H]3O[C@H]1C[C@H](N)[C@H](O)[C@H](C)O1.Cl
200,969,0.0,O=[N+]([O-])c1ccc(O)c([N+](=O)[O-])c1
201,9151,0.0,CC1(C)CCC(C)(C)c2cc(C(=O)Nc3ccc(C(=O)O)cc3)ccc21
202,532,0.0,Cc1cc(=O)oc2cc(O)cc(O)c12
203,6688,0.0,CC(C)(c1ccccc1)c1ccc(Nc2ccc(C(C)(C)c3ccccc3)cc2)cc1
204,14366,0.0,CCOP(=O)(OCC)Oc1nc(Cl)c(Cl)cc1Cl
205,9762,0.0,CCCCCCCCn1cc[n+](C)c1.O=S(=O)([O-])C(F)(F)F
206,25436,0.0,O=C(Nc1ccccc1)c1cc([N+](=O)[O-])ccc1Cl
207,24780,0.0,CCCCCCCCCC(CC)c1ccc(S(=O)(=O)O)cc1
208,13,0.0,CCCCCCCCCC(CC)c1ccc(S(=O)(=O)[O-])cc1.[Na+]
209,28964,0.0,CC(C)C(Nc1ccc(C(F)(F)F)cc1Cl)C(=O)OC(C#N)c1cccc(Oc2ccccc2)c1
210,29366,0.0,Cc1cccc(Nc2ccccc2C(=O)O)c1C
211,3522,0.0,O=C(OCC(COC(=O)c1ccccc1)(COC(=O)c1ccccc1)COC(=O)c1ccccc1)c1ccccc1
212,4568,0.0,ClC1=C(Cl)C(Cl)(Cl)C(Cl)=C1Cl
213,415,0.0,O=[N+]([O-])c1cccc2ccccc12
214,26562,0.0,O=[N+]([O-])c1cc(C(F)(F)F)c(Cl)c([N+](=O)[O-])c1Nc1ncc(C(F)(F)F)cc1Cl
215,26302,0.0,COc1ccc(CCN(C)CCCC(C#N)(c2ccc(OC)c(OC)c2)C(C)C)cc1OC
216,10055,0.0,CC[C@@]1([C@@H]2O[C@@H]([C@H]3O[C@@](O)(CO)[C@H](C)C[C@@H]3C)C[C@@H]2C)CC[C@H]([C@]2(C)CC[C@]3(C[C@H](O)[C@@H](C)[C@@H]([C@@H](C)[C@@H](OC)[C@H](C)C(=O)[O-])O3)O2)O1.[Na+]
217,26228,0.0,C=C1CC[C@H](O)C/C1=C/C=C1\CCC[C@]2(C)[C@@H]([C@H](C)CC[C@@H](O)C(C)(C)O)CC[C@@H]12
218,693,0.0,C=C[C@@]1(C)CC(=O)[C@]2(O)[C@@]3(C)[C@@H](O)CCC(C)(C)[C@@H]3[C@H](O)[C@H](OC(C)=O)[C@@]2(C)O1
219,27828,0.0,CCCCCc1cc(O)c2c(c1)OC(C)(C)[C@@H]1CCC(C)=C[C@@H]21
220,21978,0.0,O=C(O)C1(c2ccc3c(c2)OC[C@H](Cc2ccc(-c4ccccc4)cc2)[C@H]3O)CCCC1
221,22144,0.0,Cc1cc(-n2c(=O)[nH]c(=O)n(C)c2=O)ccc1Oc1ccc(S(=O)(=O)C(F)(F)F)cc1
222,11907,0.0,C=C1/C(=C\C=C2/CCC[C@]3(C)[C@@H]([C@H](C)/C=C/[C@@H](O)C4CC4)CC[C@@H]23)C[C@@H](O)C[C@@H]1O
223,25165,0.0,CC(=O)[C@]1(O)Cc2c(O)c3c(c(O)c2[C@@H](O[C@H]2C[C@H](N)[C@H](O)[C@H](C)O2)C1)C(=O)c1c(O)cccc1C3=O
224,29085,0.0,CC(=O)[C@]1(O)Cc2c(O)c3c(c(O)c2[C@@H](O[C@H]2C[C@H](N)[C@H](O)[C@H](C)O2)C1)C(=O)c1c(O)cccc1C3=O
225,8117,0.0,CCN(CC)CCC(=O)N1c2ccccc2Sc2ccc(C(F)(F)F)cc21
226,4278,0.0,CC(=O)[C@]1(O)Cc2c(O)c3c(c(O)c2[C@@H](O[C@H]2C[C@H](N)[C@H](O)[C@H](C)O2)C1)C(=O)c1ccccc1C3=O.Cl
227,23766,0.0,CN(C)CCCN1c2ccccc2CCc2ccccc21
228,26457,0.0,CN(C)CCOC(c1ccccc1)c1ccccc1
229,21041,0.0,CN1CCN(C2=Nc3ccccc3Sc3ccc(Cl)cc32)CC1
230,6127,0.0,COc1cc([C@@H]2c3cc4c(cc3[C@@H](O)[C@H]3COC(=O)[C@H]23)OCO4)cc(OC)c1O
231,5889,0.0,O=C(CCCN1CCC(n2c(=S)[nH]c3ccccc32)CC1)c1ccc(F)cc1
232,21546,0.0,NC1(c2ccc(-c3nc4ccn5c(=O)[nH]nc5c4cc3-c3ccccc3)cc2)CCC1
233,1136,0.0,CCCCC[C@H](O)/C=C/[C@H]1[C@H](O)CC(=O)[C@@H]1C/C=C\CCCC(=O)O
234,4390,0.0,CCCCCCCC/C=C\CCCCCCCC(=O)N(C)CC(=O)O
235,17753,0.0,O1[As]2O[As]3O[As]1O[As](O2)O3
236,25298,0.0,O=C(Nc1ccc(Br)cc1)c1cc(Br)cc(Br)c1O
237,15297,0.0,Cc1cc(O)c2c3c4c(cc(O)c13)C(C)(C)C(=O)c1c(O)cc(O)c(c1-4)C2=O
238,29278,0.0,O=C([O-])c1c(Cl)c(Cl)c(Cl)c(Cl)c1-c1c2cc(I)c(=O)c(I)c-2oc2c(I)c([O-])c(I)cc12.[Na+].[Na+]
239,7508,0.0,CC1(C)C(/C=C\C=C/C=C\C=C2\N(CCCCS(=O)(=O)[O-])c3ccc4ccccc4c3C2(C)C)=[N+](CCCCS(=O)(=O)[O-])c2ccc3ccccc3c21.[Na+]
240,14106,0.0,CCCCN(CCCC)C(=S)[S-].CCCCN(CCCC)C(=S)[S-].[Zn+2]
241,28658,0.0,CC(C)c1nc(CN(C)C(=O)N[C@H](C(=O)N[C@@H](Cc2ccccc2)C[C@H](O)[C@H](Cc2ccccc2)NC(=O)OCc2cncs2)C(C)C)cs1
242,1189,0.0,Cc1c(Cl)cccc1Nc1ccccc1C(=O)O
243,260,0.0,CCCC[Sn](CCCC)(CCCC)CCCC
244,2535,0.0,CN(C)CCC=C1c2ccccc2CCc2ccccc21.Cl
245,9258,0.0,Clc1ccc(C(c2ccc(Cl)cc2)C(Cl)(Cl)Cl)cc1
246,369,0.0,O=C(Nc1ccc(Oc2ccc(Cl)cc2)c(Cl)c1)c1cc(I)cc(I)c1O
247,6916,0.0,CCOC(=O)N1CCC(=C2c3ccc(Cl)cc3CCc3cccnc32)CC1
248,7876,0.0,CN1CCN(C2=Nc3cc(Cl)ccc3Nc3ccccc32)CC1
249,3922,0.0,CS(=O)(=O)O.N[C@@H]1[C@H]2CN(c3nc4c(cc3F)c(=O)c(C(=O)O)cn4-c3ccc(F)cc3F)C[C@@H]12
250,7089,0.0,Cc1nc2sccn2c(=O)c1CCN1CCC(=C(c2ccc(F)cc2)c2ccc(F)cc2)CC1
251,14805,0.0,CC(C)(O)c1cnn2c(-c3ccc(F)c(-c4c(F)cccc4C#N)c3)cnc2n1
252,5227,0.0,CC(O)C(=O)O.CCOc1ccc2nc3cc(N)ccc3c(N)c2c1.O
253,10310,0.0,CCCCC[C@H](O)/C=C/[C@H]1[C@H](O)CC(=O)[C@@H]1CCCCCCC(=O)O
254,25671,0.0,CCOC(=O)c1cc(-c2ccccc2)nc2ccc(C)cc12
255,6444,0.0,CN(C)c1ccc(C(=C2C=CC(=[N+](C)C)C=C2)c2ccc(N(C)C)cc2)cc1.[Cl-]
256,28485,0.0,CN(C)c1ccc2nc3ccc(N(C)C)cc3[s+]c2c1.[Cl-]
257,26764,0.0,O=S(=O)([O-])c1ccc(Nc2nc(Nc3ccc(/C=C/c4ccc(Nc5nc(Nc6ccc(S(=O)(=O)[O-])cc6)nc(N(CCO)CCO)n5)cc4S(=O)(=O)[O-])c(S(=O)(=O)[O-])c3)nc(N(CCO)CCO)n2)cc1.[Na+].[Na+].[Na+].[Na+]
258,7348,0.0,O=C1C(I)=CC(=C(c2cc(I)c([O-])c(I)c2)c2ccccc2C(=O)[O-])C=C1I.[Na+].[Na+]
259,1349,0.0,CC(C)n1c(/C=C/[C@@H](O)C[C@@H](O)CC(=O)[O-])c(-c2ccc(F)cc2)c2ccccc21.[Na+]
260,12154,0.0,CCCCC(CC)COC(=O)CC(C(=O)OCC(CC)CCCC)S(=O)(=O)[O-].[Na+]
261,26990,0.0,Br.NC(=O)C(c1ccccc1)(c1ccccc1)[C@@H]1CCN(CCc2ccc3c(c2)CCO3)C1
262,22330,0.0,C#C[C@]1(O)CC[C@H]2[C@@H]3CCC4=Cc5oncc5C[C@]4(C)[C@H]3CC[C@@]21C
263,5426,0.0,C/C=C/C[C@@H](C)[C@@H](O)[C@H]1C(=O)N[C@@H](CC)C(=O)N(C)CC(=O)N(C)[C@@H](CC(C)C)C(=O)N[C@@H](C(C)C)C(=O)N(C)[C@@H](CC(C)C)C(=O)N[C@@H](C)C(=O)N[C@H](C)C(=O)N(C)[C@@H](CC(C)C)C(=O)N(C)[C@@H](CC(C)C)C(=O)N(C)[C@@H](C(C)C)C(=O)N1C
264,13345,0.0,CC1=C(/C=C/C(C)=C/C=C/C(C)=C\C=O)C(C)(C)CCC1
265,21815,0.0,CC1=C[C@H](O)CC(C)(C)[C@H]1/C=C/C(C)=C/C=C/C(C)=C/C=C/C=C(C)/C=C/C=C(C)/C=C/C1=C(C)C[C@@H](O)CC1(C)C
266,6550,0.0,Cc1ccccc1CNc1ncnc2c1ncn2[C@@H]1O[C@H](CO)[C@@H](O)[C@H]1O
267,6302,0.0,CCCNCC(O)COc1ccccc1C(=O)CCc1ccccc1
268,9602,0.0,CN1CCCN(C(c2ccccc2)c2ccc(Cl)cc2)CC1
269,20603,0.0,O=C1CN=C(c2ccccc2)c2cc(Cl)ccc2N1CC1CC1
270,26861,0.0,CCCCCCCCCCn1cc[n+](C)c1.O=S(=O)([N-]S(=O)(=O)C(F)(F)F)C(F)(F)F
271,27292,0.0,O=S1(=O)c2cccc3cccc(c23)N1CCCN1CCN(c2ccc(F)cc2)CC1
272,24733,0.0,CC(C)COC(=O)c1ccc(N)cc1
273,14594,0.0,Cc1cc(=O)oc2cc(O)ccc12.O
274,20001,0.0,O=C(CS)Nc1ccccc1
275,28994,0.0,CC1(C)[C@@H](O)CC[C@]2(C)[C@H]3C(=O)C=C4[C@@H]5C[C@@](C)(C(=O)O)CC[C@]5(C)CC[C@@]4(C)[C@]3(C)CC[C@@H]12
276,28749,0.0,CC(C(=O)O)c1ccc(N2Cc3ccccc3C2=O)cc1
277,27665,0.0,COC(=O)Nc1nc2cc(C(=O)c3ccccc3)ccc2[nH]1
278,13173,0.0,CC1CCC(C(C)C)C(OC(=O)c2ccccc2N)C1
279,26610,0.0,C[C@@H]1O[C@@H](O[C@H]2C[C@@H](O)[C@]3(CO)[C@H]4[C@H](O)C[C@]5(C)[C@@H](C6=CC(=O)OC6)CC[C@]5(O)[C@@H]4CC[C@]3(O)C2)[C@H](O)[C@H](O)[C@H]1O
280,5559,0.0,CC1=CC(=O)c2ccccc2C1=O
281,28177,0.0,O=C1C(=O)c2ncccc2-c2cccnc21
282,27578,0.0,Oc1c(I)cc(Cl)c2cccnc12
283,24441,0.0,Cc1ccc(C(=O)c2cc(O)c(O)c([N+](=O)[O-])c2)cc1
284,21278,0.0,Cc1cc(=O)oc2cc(O)ccc12
285,17589,0.0,CN(C)c1ccc(C(=C2C=CC(=[N+](C)C)C=C2)c2ccc(N(C)C)cc2)cc1.[Cl-]
286,4103,0.0,CC[N+](CC)(CC)CCOc1ccc(/C=C/c2ccccc2)cc1.[I-]
287,24274,0.0,COc1ccc2sc(C(=O)Nc3nnn[n-]3)c(OC(C)C)c2c1.[Na+]
288,25597,0.0,Cc1[nH]nc2c1N=C(c1ccccc1Cl)c1cc([N+](=O)[O-])ccc1N2
289,3821,0.0,c1ccc2c(c1)Sc1ccccc1N2CCN1CCCC1
290,1533,0.0,CC(=O)[C@H]1CC[C@H]2[C@@H]3CCC4=CC(=O)CC[C@]4(C)[C@H]3CC[C@]12C
291,22194,0.0,CN(C)CCC=C1c2ccccc2C(C)(C)c2ccccc21.Cl
292,10955,0.0,COc1ccc(Cc2nccc3cc(OC)c(OC)cc23)cc1OC.Cl
293,13432,0.0,Nc1cc(Cl)c(-c2cc(Cl)c(N)cc2Cl)cc1Cl
294,4736,0.0,Clc1ccc(Nc2nnc(Cc3ccncc3)c3ccccc23)cc1
295,10698,0.0,CN1C(=O)C(O)N=C(c2ccccc2)c2cc(Cl)ccc21
296,3187,0.0,ClC1=C(Cl)C2(Cl)C(CBr)CC1(Cl)C2(Cl)Cl
297,12359,0.0,CN1CCC(=C2c3ccccc3CCc3sccc32)CC1
298,1434,0.0,CSc1ccc(/C=C2/C(C)=C(CC(=O)O)c3cc(F)ccc32)cc1
299,12706,0.0,COc1cc(-c2ccc(=O)[nH]n2)ccc1OC(F)F
300,9695,0.0,O=C1C(I)=CC(=C(c2cc(I)c(O)c(I)c2)c2ccccc2C(=O)O)C=C1I
301,4224,0.0,OC[C@H]1OC(S[Au])[C@H](O)[C@@H](O)[C@@H]1O
302,26104,0.0,COc1ccc(C(=O)c2ccccc2)c(O)c1
303,7197,0.0,O=C(O)Cn1c(C(=O)Nc2nc(-c3ccccc3Cl)cs2)cc2ccccc21
304,5132,0.0,O=C(O)/C=C/C(=O)O.c1ccc(C(O[C@H]2CCCN(CCc3ccc4c(c3)OCO4)C2)c2ccccc2)cc1
305,8300,0.0,N[C@@H](Cc1cc(I)c(Oc2ccc(O)c(I)c2)c(I)c1)C(=O)O
306,2264,0.0,C#CCC(Cc1cnc2nc(N)nc(N)c2n1)c1ccc(C(=O)N[C@@H](CCC(=O)O)C(=O)O)cc1
307,2052,0.0,COc1cc(O)cc(O)c1
308,6722,0.0,O=C1OC(c2ccc(O)cc2)(c2ccc(O)cc2)c2ccccc21
309,27935,0.0,O=S(=O)(O)c1ccc(O)cc1
310,24939,0.0,C#C[C@]1(O)CC[C@H]2[C@@H]3CCc4cc(O)ccc4[C@H]3CC[C@@]21C
311,340,0.0,CNC(=O)[C@H](Cc1c[nH]c2ccccc12)NC(=O)[C@@H](CC(=O)NO)CC(C)C
312,24021,0.0,O=c1oc2ccccc2c(O)c1C(CC(O)c1ccc(-c2ccc(Br)cc2)cc1)c1ccccc1
313,1975,0.0,CC(=O)N1CCN(c2ccc(OC[C@H]3CO[C@](Cn4ccnc4)(c4ccc(Cl)cc4Cl)O3)cc2)CC1
314,21677,0.0,COC(=O)N[C@H](C(=O)N[C@@H](Cc1ccccc1)[C@@H](O)CN(Cc1ccc(-c2ccccn2)cc1)NC(=O)[C@@H](NC(=O)OC)C(C)(C)C)C(C)(C)C
315,16511,0.0,CCOC(=O)C1=C(C)NC(C)=C(C(=O)OC)C1c1cccc([N+](=O)[O-])c1
316,654,0.0,CCC1=C(C)CN(C(=O)NCCc2ccc(S(=O)(=O)NC(=O)N[C@H]3CC[C@H](C)CC3)cc2)C1=O
317,25699,0.0,Cc1cn([C@H]2C[C@H](O)[C@@H](CO)O2)c(=O)[nH]c1=O
318,3288,0.0,Cc1ccc(N(CC2=NCCN2)c2cccc(O)c2)cc1
319,26009,0.0,CCOc1cc(OCC)c(C(=O)CCC(=O)O)cc1OCC
320,3624,0.0,CCc1cc(Cl)c(OC)c(C(=O)NC[C@@H]2CCCN2CC)c1O.Cl
321,28900,0.0,CC[C@@]1(O)C(=O)OCc2c1cc1n(c2=O)Cc2cc3c(CN(C)C)c(O)ccc3nc2-1.Cl
322,28255,0.0,COc1cc2c(cc1OC)C(C(C(=O)N(CCc1ccc(OC)c(OC)c1OC)CCc1ccc(OC)c(OC)c1OC)c1ccccc1)=NCC2.Cl
323,24863,0.0,CC[C@@H](O)C(C[C@@H](C)N(C)C)(c1ccccc1)c1ccccc1.Cl
324,4619,0.0,COc1cc(N)c(Cl)cc1C(=O)NC1CCN(CCCOc2ccc(F)cc2)CC1OC
325,14947,0.0,C[C@]12CC[C@@H]3c4ccc(O)cc4C[C@@H](CCCCCCCCCS(=O)CCCC(F)(F)C(F)(F)F)[C@H]3[C@@H]1CC[C@@H]2O
326,5333,0.0,O=[N+]([O-])c1ccc(F)c([N+](=O)[O-])c1
327,26905,0.0,CCCCN(CCCC)c1ccc(C(=O)c2ccccc2C(=O)O)c(O)c1
328,19657,0.0,O=C(Nc1ccc(Cl)c(Cl)c1)C1CC1
329,12515,0.0,COc1ccc(-c2noc(CC(=O)O)c2-c2ccc(OC)cc2)cc1
330,2409,0.0,CCOC(=O)C1=C[C@]2(CC)CCCN3CCc4c(n1c1ccccc41)[C@@H]32
331,21917,0.0,CN(c1nccc(=O)[nH]1)C1CCN(c2nc3ccccc3n2Cc2ccc(F)cc2)CC1
332,28825,0.0,CC1(C)[C@H](C(=O)O)N2C(=O)C[C@H]2S1(=O)=O
333,26190,0.0,O=C(O)c1cc(-c2ccc(F)cc2F)ccc1O
334,20244,0.0,CCN(CC)C(=O)/C(C#N)=C/c1cc(O)c(O)c([N+](=O)[O-])c1
335,25396,0.0,C[N+]1(C)[C@@H]2CC(OC(=O)C(O)(c3cccs3)c3cccs3)C[C@H]1[C@@H]1O[C@@H]12.[Br-]
336,6965,0.0,O=C([O-])[C@H]1/C(=C/CO)O[C@@H]2CC(=O)N21.[Li+]
337,44,0.0,Cc1cc(CC(=O)[O-])n(C)c1C(=O)c1ccc(Cl)cc1.[Na+]
338,22434,0.0,CCCOc1cc(N)ccc1C(=O)OCCN(CC)CC.Cl
339,858,0.0,Cl.O=C(COc1ccc(Cl)cc1)N1CCN(Cc2ccc3c(c2)OCO3)CC1
340,25526,0.0,Cl.N[C@@H](Cc1cnc[nH]1)C(=O)O
341,7772,0.0,CCCC(=O)N1CCCN(c2nc(N)c3cc(OC)c(OC)cc3n2)CC1.Cl
342,925,0.0,O=C1c2ccccc2C(=O)C1c1ccc(Cl)cc1
343,26345,0.0,COC(=O)c1cc(Oc2ccc(Cl)cc2Cl)ccc1[N+](=O)[O-]
344,2487,0.0,Cn1cc(C2=C(c3cn(C4CCN(Cc5ccccn5)CC4)c4ccccc34)C(=O)NC2=O)c2ccccc21
345,1283,0.0,COc1cc([C@@H]2c3cc4c(cc3[C@H](O)[C@H]3COC(=O)[C@H]23)OCO4)cc(OC)c1OC
346,3381,0.0,CC(C)c1c(C(=O)Nc2ccccc2)c(-c2ccccc2)c(-c2ccc(F)cc2)n1CC[C@@H](O)C[C@@H](O)CC(=O)O
347,3041,0.0,CCCCC1C(=O)N(c2ccccc2)N(c2ccccc2)C1=O
348,180,0.0,CC(C)c1c(C(=O)Nc2ccccc2)c(-c2ccccc2)c(-c2ccc(F)cc2)n1CC[C@@H](O)C[C@@H](O)CC(=O)[O-].CC(C)c1c(C(=O)Nc2ccccc2)c(-c2ccccc2)c(-c2ccc(F)cc2)n1CC[C@@H](O)C[C@@H](O)CC(=O)[O-].[Ca+2]
349,9097,0.0,CCCCCC[C@@H](O)C/C=C\CCCCCCCC(=O)O
350,21195,0.0,CCCCCCCCCCCCCCC(Br)C(=O)O
351,18808,0.0,CC(C)Cc1ccc(C(C)C(=O)O)cc1
352,4457,0.0,CC(C)(C)c1ccc(CSc2cnn(C(C)(C)C)c(=O)c2Cl)cc1
353,1681,0.0,CC(C)c1cccc(C(C)C)c1N1C(=O)c2ccc(O)cc2C1=O
354,493,0.0,COP(=O)(OC)O/C(=C\Cl)c1cc(Cl)c(Cl)cc1Cl
355,27037,0.0,CCOP(=O)(OCC)OC(=CCl)c1ccc(Cl)cc1Cl
356,27490,0.0,C[C@@H]1[C@H](O)[C@@H](C)/C=C/C=C/C=C/C=C/C=C/C=C/C=C/[C@H](O[C@@H]2O[C@H](C)[C@@H](O)[C@H](N)[C@@H]2O)C[C@@H]2O[C@](O)(C[C@@H](O)C[C@@H](O)[C@H](O)CC[C@@H](O)C[C@@H](O)CC(=O)O[C@H]1C)C[C@H](O)[C@H]2C(=O)O
357,116,0.0,CC(Oc1ccc(Oc2ncc(C(F)(F)F)cc2Cl)cc1)C(=O)O
358,8842,0.0,C[C@@H]1C[C@@H]([C@H](O)CC2CC(=O)NC(=O)C2)C(=O)[C@@H](C)C1
359,27339,0.0,CC(Cc1ccc(O)c(O)c1)C(C)Cc1ccc(O)c(O)c1
360,2384,1.0,N=C(N)c1ccc(OCCCCCOc2ccc(C(=N)N)cc2)cc1.O=S(=O)(O)CCO.O=S(=O)(O)CCO
361,21759,1.0,N[C@@H](Cc1cc(I)c(Oc2ccc(O)c(I)c2)c(I)c1)C(=O)[O-].[Na+]
362,1301,1.0,Cc1c([N+](=O)[O-])cc2c(c1[N+](=O)[O-])C(C)(C)CC2(C)C
363,14042,1.0,C/C=C(C)/C=C/C=C(C)C
364,27876,1.0,CC(=O)S[C@@H]1CC2=CC(=O)CC[C@]2(C)[C@H]2CC[C@@]3(C)[C@@H](CC[C@@]34CCC(=O)O4)[C@H]12
365,25678,1.0,ClC1=C(Cl)C(Cl)(Cl)C(Cl)=C1Cl
366,29154,1.0,CC(C)[C@@H](Nc1ccc(C(F)(F)F)cc1Cl)C(=O)OC(C#N)c1cccc(Oc2ccccc2)c1
367,28624,1.0,CCCCC(CC)COC(=O)/C=C\C(=O)OCC(CC)CCCC
368,1301,1.0,CCCCCCCCCC(CC)c1ccc(S(=O)(=O)O)cc1
369,26778,1.0,[Cl-].[Cl-].[Cu+2]
370,13307,1.0,CC1(C)[C@H](C(=O)O[C@H](C#N)c2cccc(Oc3ccccc3)c2)[C@@H]1C=C(Br)Br
371,27899,1.0,CC(C)(C)C(=O)C1C(=O)c2ccccc2C1=O
372,5226,1.0,Clc1ccc2c(c1)C(N1CCNCC1)=Nc1ccccc1O2
373,13307,1.0,O=C(c1cc(O)c(O)c(O)c1)c1ccc(O)c(O)c1O
374,2,1.0,OCCN1CCNCC1
375,29153,1.0,CCCCC(CC)COC(=O)C=Cc1ccc(OC)cc1
376,29109,1.0,CCCCCCCCCCCCCCn1cc[n+](C)c1.F[P-](F)(F)(F)(F)F
377,29155,1.0,C[C@]12CC[C@@H]3c4ccc(O)cc4C[C@@H](CCCCCCCCCS(=O)CCCC(F)(F)C(F)(F)F)[C@H]3[C@@H]1CC[C@@H]2O
378,23952,1.0,CCCC[P+](C)(CCCC)CCCC.COS(=O)(=O)[O-]
379,21761,1.0,Cc1coc2c1CCC(C)C2
380,14181,1.0,CCCCC(=O)Cl
381,26619,1.0,CC[C@@H](C(=O)[C@@H](C)[C@@H](O)[C@H](C)[C@@H]1O[C@@H]([C@@H](CC)C(=O)[O-])CC[C@@H]1C)[C@H]1O[C@]2(C=C[C@@H](O)[C@]3(CC[C@@](C)([C@H]4CC[C@](O)(CC)[C@H](C)O4)O3)O2)[C@H](C)C[C@@H]1C.[Na+]
382,2980,1.0,CO[C@@H]1[C@@H](OC)[C@H](C)[C@@](O)(CC(=O)[O-])O[C@H]1[C@H](C)[C@H]1O[C@@]2(CC[C@@](C)([C@H]3CC[C@@](C)([C@@H]4O[C@@H]([C@H]5O[C@](C)(O)[C@H](C)C[C@@H]5C)C[C@@H]4OC4C[C@H](OC)[C@@H](OC)[C@H](C)O4)O3)O2)C[C@H](O)[C@H]1C.[NH4+]
383,27893,1.0,Br.C[C@@H]1[C@@H]2Cc3ccc(O)cc3[C@@]1(C)CCN2CCc1ccccc1
384,3582,1.0,Cc1cc(N)c2ccccc2[n+]1CCCCCCCCCC[n+]1c(C)cc(N)c2ccccc21.[Cl-].[Cl-]
385,25848,1.0,COc1cccc2c1C(=O)c1c(O)c3c(c(O)c1C2=O)C[C@@](O)(C(C)=O)C[C@@H]3O[C@H]1C[C@H](N)[C@H](O)[C@H](C)O1
386,18888,1.0,CN1CCC(CN2c3ccccc3Sc3ccccc32)C1.Cl
387,5226,1.0,c1ccc2c(c1)Sc1ccccc1N2CC1CN2CCC1CC2
388,12548,1.0,O=c1[nH]c2ccccc2n1CCCN1CCC(n2c(=O)[nH]c3cc(Cl)ccc32)CC1
389,25678,1.0,COc1ccc([C@@H]2Sc3ccccc3N(CCN(C)C)C(=O)[C@@H]2OC(C)=O)cc1
390,3294,1.0,C[C@]12C=CC(=O)N[C@@H]1CC[C@@H]1[C@@H]2CC[C@]2(C)[C@@H](C(=O)Nc3cc(C(F)(F)F)ccc3C(F)(F)F)CC[C@@H]12
391,23765,1.0,CCCCOC(=O)c1ccc(N)cc1
392,22459,1.0,CC#CCC(C)[C@H](O)/C=C/[C@@H]1[C@H]2c3cccc(CCCC(=O)[O-])c3O[C@H]2C[C@H]1O.[Na+]
393,29311,1.0,CC(C)(c1cc(Br)c(O)c(Br)c1)c1cc(Br)c(O)c(Br)c1
394,26363,1.0,C#Cc1cccc(Nc2ncnc3cc(OCCOC)c(OCCOC)cc23)c1
395,14674,1.0,CC(=O)Oc1ccc2c(c1)CC[C@@H]1[C@@H]2CC[C@]2(C)[C@@H](O)CC[C@@H]12
396,14187,1.0,Cc1c2ccccc2c(C)c2c1ccc1ccccc12
397,1367,1.0,CCCCCCC(=O)O[C@H]1CC[C@H]2[C@@H]3CCc4cc(O)ccc4[C@H]3CC[C@]12C
398,2934,1.0,CCOP(=O)(OCC)OC(=CCl)c1ccc(Cl)cc1Cl
399,23765,1.0,O=C1C(O)=C([C@H]2CC[C@H](c3ccc(Cl)cc3)CC2)C(=O)c2ccccc21
400,4882,1.0,CCCCCCC[N+](CC)(CC)CCCCc1ccc(Cl)cc1.Cc1ccc(S(=O)(=O)[O-])cc1
401,20990,1.0,CN1[C@@H]2CC[C@H]1CC(OC(=O)c1c[nH]c3ccccc13)C2
402,29110,1.0,CCCc1nc2c(C)cc(-c3nc4ccccc4n3C)cc2n1Cc1ccc(-c2ccccc2C(=O)O)cc1
403,337,1.0,O=C(O)Cc1sc(-c2ccccc2)nc1-c1ccc(Cl)cc1
404,1243,1.0,O=C(O)CN(CCN(CC(=O)O)CC(=O)O)CCN(CC(=O)O)CC(=O)O
405,1243,1.0,Oc1c(Br)cc(Br)c2cccnc12
406,12690,1.0,CCCCCc1ccc(C)cc1O
407,391,1.0,Clc1ccc(CO/N=C(\Cn2ccnc2)c2ccc(Cl)cc2Cl)c(Cl)c1.O=[N+]([O-])O
408,12500,1.0,Br.C[C@H]1[C@H]2Cc3ccc(O)cc3[C@]1(C)CCN2CCc1ccccc1
409,20980,1.0,C#C[C@]1(O)CC[C@H]2[C@@H]3CCC4=CCCC[C@@H]4[C@H]3C(=C)C[C@@]21CC
410,23777,1.0,C=C1CC[C@H](O)C/C1=C/C=C1\CCC[C@]2(C)[C@@H]([C@H](C)/C=C/[C@H](C)C(C)C)CC[C@@H]12
411,6900,1.0,CC(=O)O.Cc1c(-c2ccc(O)cc2)n(Cc2ccc(OCCN3CCCCCC3)cc2)c2ccc(O)cc12
412,3296,1.0,CC(C)(c1ccc(OCC2CO2)cc1)c1ccc(OCC2CO2)cc1
413,26429,1.0,CO[C@H]1/C=C/O[C@@]2(C)Oc3c(C)c(O)c4c(c3C2=O)C2=NC3(CCN(CC(C)C)CC3)NC2=C(NC(=O)/C(C)=C\C=C\[C@H](C)[C@H](O)[C@@H](C)[C@@H](O)[C@@H](C)[C@H](OC(C)=O)[C@@H]1C)C4=O
414,4457,1.0,CCC(C)n1ncn(-c2ccc(N3CCN(c4ccc(OC[C@H]5CO[C@](Cn6cncn6)(c6ccc(Cl)cc6Cl)O5)cc4)CC3)cc2)c1=O
415,3582,1.0,Cc1cccc(C)c1NC(=O)CN1CCN(CCCC(c2ccc(F)cc2)c2ccc(F)cc2)CC1
416,26488,1.0,CCC(=O)O[C@H]1CC[C@H]2[C@@H]3CCc4cc(O)ccc4[C@H]3CC[C@]12C
417,5226,1.0,CCN(CC)CCSC(=O)C(c1ccccc1)c1ccccc1
418,9871,1.0,CN(C)CCC=C1c2ccccc2C=Cc2ccccc21.Cl
419,28533,1.0,CCCOC(C(=O)OC1CCN(C)CC1)(c1ccccc1)c1ccccc1.Cl
420,20599,1.0,Cl.N=C(N)NC(=N)NCCc1ccccc1
421,25447,1.0,CCCCN1C(=O)[C@@H]([C@H](O)C2CCCCC2)NC(=O)C12CCN(Cc1ccc(Oc3ccc(C(=O)O)cc3)cc1)CC2.Cl
422,26853,1.0,COc1cccc(CCc2ccccc2OCC(CN(C)C)OC(=O)CCC(=O)O)c1.Cl
423,27869,1.0,Clc1ccc(C(c2ccccc2Cl)C(Cl)Cl)cc1
424,29085,1.0,CN1CCN(C2=Nc3cc(F)ccc3Cc3ccccc32)CC1
425,3492,1.0,COc1cc([C@@H]2c3cc4c(cc3C(O[C@@H]3O[C@@H]5CO[C@@H](C)O[C@H]5[C@H](O)[C@H]3O)C3COC(=O)[C@@H]32)OCO4)cc(OC)c1O
426,3492,1.0,CN1CCCCC1CCN1c2ccccc2Sc2ccc(S(C)=O)cc21
427,14956,1.0,C[C@](O)(CS(=O)(=O)c1ccc(F)cc1)C(=O)Nc1ccc(C#N)c(C(F)(F)F)c1
428,23909,1.0,CCCOC(=O)c1ccc(N)cc1
429,25452,1.0,Nc1nc(Cl)nc2c1ncn2[C@@H]1O[C@H](CO)[C@@H](O)[C@@H]1F
430,29139,1.0,CC1(C)[C@@H](O)CC[C@]2(C)[C@H]3C(=O)C=C4[C@@H]5C[C@@](C)(C(=O)O)CC[C@]5(C)CC[C@@]4(C)[C@]3(C)CC[C@@H]12
431,2161,1.0,CN(Cc1cnc2nc(N)nc(N)c2n1)c1ccc(C(=O)N[C@@H](CCC(=O)O)C(=O)O)cc1
432,7292,1.0,CCOC(=O)c1ccc(C#Cc2ccc3c(c2)C(C)(C)CCS3)nc1
433,4151,1.0,COc1cc(NC(C)CCCN)c2ncccc2c1.O=P(O)(O)O.O=P(O)(O)O
434,6101,1.0,Cc1ccc(S(=O)(=O)O)cc1.NC1CCN(c2nc3c(cc2F)c(=O)c(C(=O)O)cn3-c2ccc(F)cc2F)C1
435,31,1.0,Cc1cc2nc3c(=O)[nH]c(=O)nc-3n(C[C@H](O)[C@H](O)[C@H](O)CO)c2cc1C
436,22260,1.0,O=S(c1cc(Cl)cc(Cl)c1O)c1cc(Cl)cc(Cl)c1O
437,14187,1.0,CCCCCCc1ccc(O)cc1O
438,558,1.0,CN(C)c1ccc2nc3ccc(N(C)C)cc3[s+]c2c1.O.O.O.[Cl-]
439,1464,1.0,Cc1ccc(Cl)c(Nc2ccccc2C(=O)[O-])c1Cl.O.[Na+]
440,20757,1.0,CC(C)(c1cc(Br)c(OCCO)c(Br)c1)c1cc(Br)c(OCCO)c(Br)c1
441,28698,1.0,CO[C@H]1/C=C/O[C@@]2(C)Oc3c(C)c(O)c4c(O)c(c5c(nc6cc(C)ccn65)c4c3C2=O)NC(=O)/C(C)=C\C=C\[C@H](C)[C@H](O)[C@@H](C)[C@@H](O)[C@@H](C)[C@H](OC(C)=O)[C@@H]1C
442,25631,1.0,CC(C)NCC(O)COc1ccccc1-n1cccc1
443,28505,1.0,COCCOC(=O)C1=C(C)NC(C)=C(C(=O)OC(C)C)C1c1cccc([N+](=O)[O-])c1
444,312,1.0,Cc1ccc(C=C2C(=O)C3CCC2C3(C)C)cc1
445,26658,1.0,CC(CC(c1ccccc1)c1ccccc1)NC(C)(C)C.Cl
446,29106,1.0,CCC(=O)N(c1ccccc1)[C@H]1CCN(CCc2ccccc2)C[C@@H]1C.Cl
447,1301,1.0,Cl.Cl.N=C(N)c1ccc(OCCCOc2ccc(C(=N)N)cc2Br)c(Br)c1
448,26091,1.0,Cl.Cl.OCCN1CCN(CCCN2c3ccccc3C=Cc3ccccc32)CC1
449,3550,1.0,Cl.Clc1cccc(C(c2ccc3nc[nH]c3c2)n2ccnc2)c1
450,5258,1.0,CCC(=O)O[C@](Cc1ccccc1)(c1ccccc1)[C@H](C)CN(C)C.Cl
451,2843,1.0,CCCCc1cc2ccccc2c(OCCN(C)C)n1.Cl
452,4457,1.0,CN1CCCC(CC2c3ccccc3Sc3ccccc32)C1.Cl
453,27895,1.0,CNCCCN1c2ccccc2CCc2ccccc21.Cl
454,3652,1.0,Cl.O=C(O[C@H]1CN2CCC1CC2)N1CCc2ccccc2[C@@H]1c1ccccc1
455,26448,1.0,O=C(NC(=O)c1c(F)cccc1F)Nc1cc(Cl)c(OC(F)(F)C(F)C(F)(F)F)cc1Cl
456,25529,1.0,Clc1ccc(COC(Cn2ccnc2)c2ccc(Cl)cc2Cl)c(Cl)c1
457,14181,1.0,CN(C)CCCN1c2ccccc2C(C)(C)c2ccccc21
458,21851,1.0,CN(CCOc1ccc(CC2SC(=O)NC2=O)cc1)c1ccccn1
459,18877,1.0,CC(C)C[C@H]1C(=O)N2CCC[C@H]2[C@]2(O)O[C@](NC(=O)[C@@H]3C[C@@H]4c5cccc6[nH]cc(c56)C[C@H]4N(C)C3)(C(C)C)C(=O)N12
460,28533,1.0,COc1ccc(-c2ccccc2)cc1NNC(=O)OC(C)C
461,20980,1.0,CS(=O)(=O)O.Cc1ccc2c(c1)c1c3n2CCNC3CCC1
462,2934,1.0,CCCN1C[C@H](CSC)C[C@@H]2c3cccc4[nH]cc(c34)C[C@H]21.CS(=O)(=O)O
463,14186,1.0,O=c1[nH]c(=O)n([C@H]2C[C@H](O)[C@@H](CO)O2)cc1C(F)(F)F
464,4151,1.0,C/C1=C2/N=C(/C=C3\N=C(/C(C)=C4\N([Co+]C[C@H]5O[C@@H](n6cnc7c(N)ncnc76)[C@H](O)[C@@H]5O)C(C(CC(N)=O)C4(C)CCC(=O)NCC(C)OP(=O)([O-])O[C@H]4[C@@H](O)[C@@H](n5cnc6cc(C)c(C)cc65)O[C@@H]4CO)C4(C)N=C1C(CCC(N)=O)C4(C)CC(N)=O)C(CCC(N)=O)C3(C)C)C(CCC(N)=O)C2(C)CC(N)=O
465,22478,1.0,C=CCNC1=C2C[C@@H](C)C[C@H](OC)[C@H](O)[C@@H](C)/C=C(\C)[C@H](OC(N)=O)[C@@H](OC)/C=C\C=C(/C)C(=O)NC(=CC1=O)C2=O
466,26092,1.0,COC(CNC(=O)c1ccccc1OCC(=O)O)C[Hg]O
467,425,1.0,COc1cc2c(cc1OC)[C@@H](c1ccccc1)CN(C)CC2.O=C(O)/C=C\C(=O)O
468,14662,1.0,CC1=C2[C@H](/C=C(\C)C(=O)O)CC[C@@H](C)[C@H]2CC1
469,27931,1.0,Cc1c(C)c2c(c(C)c1OC(=O)CCC(=O)O)CC[C@@](C)(CCC[C@H](C)CCC[C@H](C)CCCC(C)C)O2
470,1320,1.0,C[C@]12CCC(=O)C=C1CC[C@@H]1[C@@H]2CC[C@@]2(C)[C@H]1CC[C@]2(C)O
471,29084,1.0,CC(C)(C)NC[C@H](O)COc1ccccc1C1CCCC1.CC(C)(C)NC[C@H](O)COc1ccccc1C1CCCC1.O=S(=O)(O)O
472,13382,1.0,CC1(C)S[C@@H]2[C@H](NC(=O)[C@H](N)c3ccc(O)cc3)C(=O)N2[C@H]1C(=O)O
473,18666,1.0,OC(CN1CCC(Cc2ccc(F)cc2)CC1)c1ccc(Cl)cc1
474,27922,1.0,COc1ccccc1N1CCN(CC(O)COc2cccc3ccccc23)CC1
475,12551,1.0,C=CCc1cc(S(=O)(=O)c2ccc(O)c(CC=C)c2)ccc1O
476,20484,1.0,C[C@]12CC[C@@H]3c4ccc(O)cc4CC[C@H]3[C@@H]1CC[C@@H]2O
477,1327,1.0,N=C(N)c1ccc(OCCCCCOc2ccc(C(=N)N)cc2)cc1.O=S(=O)(O)CCO.O=S(=O)(O)CCO
478,2742,1.0,Nc1ccc(S(=O)(=O)[N-]c2ncccn2)cc1.[Ag+]
479,2742,1.0,CCN(CC)c1ccc(N=Nc2ccc(S(=O)(=O)N(C)C)cc2)c(S(=O)(=O)NCC[n+]2ccccc2)c1.[Cl-]
480,27775,1.0,O=P([O-])([O-])OP(=O)([O-])[O-].[Na+].[Na+].[Na+].[Na+]
481,3673,1.0,CCOc1cccc(-n2cc(C(=O)N3CCN(c4cc(C(=O)[O-])c5ccccc5c4)CC3)nc2-c2ccc(C)cc2)c1.[Na+]
482,25701,1.0,Clc1ccc(CSC(Cn2ccnc2)c2ccc(Cl)cc2Cl)cc1.O=[N+]([O-])O
483,27330,1.0,C[Si](Cn1cncn1)(c1ccc(F)cc1)c1ccc(F)cc1
484,26274,1.0,CC(=O)O[C@]1(C(C)=O)CC[C@H]2[C@@H]3C=C(Cl)C4=CC(=O)[C@@H]5C[C@@H]5[C@]4(C)[C@H]3CC[C@@]21C
485,653,1.0,CC(C)(C)c1ccc(C(O)CCCN2CCC(C(O)(c3ccccc3)c3ccccc3)CC2)cc1
486,3296,1.0,COc1ccccc1Oc1c(NS(=O)(=O)c2ccc(C(C)(C)C)cc2)nc(-c2ncccn2)nc1OCCO
487,24758,1.0,CC(C)(C)NC(=O)[C@H]1CC[C@H]2[C@@H]3CC=C4C=C(C(=O)O)CC[C@]4(C)[C@H]3CC[C@]12C
488,2880,1.0,CC(C)NC[C@@H](O)COc1cccc2ccccc12
489,5997,1.0,COC(=O)C1=C(C)NC(C)=C(C(=O)OC)C1c1ccccc1OC(F)F
490,25168,1.0,CCCCN1CCCC1C(=O)Nc1c(C)cc(C)cc1C
491,27889,1.0,CCCN(CCC)C(=O)Cc1c(-c2ccc(Cl)cc2)nc2ccc(Cl)cn12
492,25831,1.0,C=C[C@]1(C)C[C@@H](OC(=O)CSCCN(CC)CC)[C@@]2(C)C(C)CC[C@]3(CCC(=O)[C@H]32)[C@@H](C)[C@@H]1O
493,23765,1.0,CCc1ccc(CCOc2ccc(CC3SC(=O)NC3=O)cc2)nc1.Cl
494,26112,1.0,CCc1cc(Cl)c(OC)c(C(=O)NC[C@@H]2CCCN2CC)c1O.Cl
495,653,1.0,CN1CCC(OC(c2ccccc2)c2ccccc2)CC1.Cl
496,25781,1.0,COc1cc(C[C@H](C)N)c(OC)cc1Br.Cl
497,27268,1.0,CCc1cc(OC)c(C[C@@H](C)N)cc1OC.Cl
498,28479,1.0,CNCC(O)c1ccc(OC(=O)C(C)(C)C)c(OC(=O)C(C)(C)C)c1.Cl
499,26835,1.0,CCOC(=O)Nc1ccc2c(c1)N(C(=O)CCN1CCOCC1)c1ccccc1S2.Cl
500,1314,1.0,Cl.O=S(=O)(c1cccc2cnccc12)N1CCCNCC1
501,26919,1.0,COc1ccc2c(c1)c(CC(=O)O)c(C)n2C(=O)c1ccc(Cl)cc1
502,25769,1.0,COc1ccc2c(c1)c(CC(=O)OCC(=O)O)c(C)n2C(=O)c1ccc(Cl)cc1
503,25952,1.0,CN1CCN=C(c2ccccc2)c2cc(Cl)ccc21
504,2369,1.0,Cc1ccc(Nc2c(F)cccc2Cl)c(CC(=O)O)c1
505,27446,1.0,CCOC(=O)Nc1ccc2c(c1)N(C(=O)CN(C)C)c1ccccc1CC2
506,20320,1.0,CN(Cc1ccc(C(C)(C)C)cc1)Cc1cccc2ccccc12
507,9868,1.0,CN1CCCC(OC(=O)C(O)(c2ccccc2)c2ccccc2)C1
508,24303,1.0,CN1[C@@H]2CC[C@H]1C[C@@H](OC(c1ccccc1)c1ccccc1)C2
509,12573,1.0,CN1[C@@H]2CC[C@H]1C[C@@H](OC(c1ccccc1)c1ccccc1)C2.CS(=O)(=O)O
510,26970,1.0,CCC(COC(=O)c1cc(OC)c(OC)c(OC)c1)(c1ccccc1)N(C)C.O=C(O)/C=C\C(=O)O
511,28132,1.0,COC(=O)[C@H]1[C@H]2C[C@@H]3c4[nH]c5cc(OC)ccc5c4CCN3C[C@H]2C[C@@H](OC(=O)c2cc(OC)c(OC)c(OC)c2)[C@@H]1OC
512,14250,1.0,COc1cc2c(cc1OC)[C@@]13CCN4CC5=CCO[C@H]6CC(=O)N2[C@H]1[C@H]6[C@H]5C[C@H]43
513,22019,1.0,COc1ccc(C(=O)c2c(C)n(CCN3CCOCC3)c3ccccc23)cc1
514,4882,1.0,CCN(CC)CCN1C(=O)CN=C(c2ccccc2F)c2cc(Cl)ccc21
515,3796,1.0,N=C(N)NCc1cccc(I)c1.N=C(N)NCc1cccc(I)c1.O=S(=O)(O)O
516,24519,1.0,CCCCCCCCCCCCCCC[C@H](O)[C@@H](N)CO
517,14186,1.0,O.O=C(O)[C@@H]1[C@H]2C[C@H]3c4[nH]c5ccccc5c4CCN3C[C@@H]2CC[C@@H]1O
518,688,1.0,CCCN(CCOc1c(Cl)cc(Cl)cc1Cl)C(=O)n1ccnc1
519,2598,1.0,CC(C)C(=O)Nc1ccc([N+](=O)[O-])c(C(F)(F)F)c1
520,2369,1.0,COc1ccc(Cl)cc1C(=O)NCCc1ccc(S(=O)(=O)NC(=O)NC2CCCCC2)cc1
521,25144,1.0,C[C@@H]1[C@H]2Cc3ccc(O)cc3[C@]1(C)CCN2C.O=C(O)/C=C/C(=O)O
522,2883,1.0,CC(CN(C)C)CN1c2ccccc2CCc2ccccc21.O=C(O)/C=C\C(=O)O
523,3262,1.0,CCOc1cc(N)c(Cl)cc1C(=O)NCC1CN(Cc2ccc(F)cc2)CCO1.O=C(O)CC(O)(CC(=O)O)C(=O)O
524,6081,1.0,Cc1ccccc1C(OCCN(C)C)c1ccccc1.O=C(O)CC(O)(CC(=O)O)C(=O)O
525,26454,1.0,CN(C)CCOc1ccccc1Cc1ccccc1.Nc1ccc(C(=O)O)c(O)c1
526,510,1.0,Cc1cccc(Nc2ccccc2C(=O)O)c1C
527,14250,1.0,C[C@H](CCC(=O)O)[C@H]1CC[C@H]2[C@@H]3[C@H](O)C[C@@H]4C[C@H](O)CC[C@]4(C)[C@H]3CC[C@]12C
528,25601,1.0,COCC(=O)Nc1cc(Sc2ccccc2)ccc1N=C(NC(=O)OC)NC(=O)OC
529,25943,1.0,CCOC(=O)[C@]1(c2ccccc2)Oc2ccccc2[C@@H]1N
530,28583,1.0,CCOC(=O)c1c(C)n(C)c2ccc(O)cc12
531,4624,1.0,Cc1c(Cl)c(=O)oc2cc(OP(=O)(OCCCl)OCCCl)ccc12
532,26437,1.0,CCCCCCCN(CC)CCCC(O)c1ccc(NS(C)(=O)=O)cc1.CCCCCCCN(CC)CCCC(O)c1ccc(NS(C)(=O)=O)cc1.O=C(O)/C=C/C(=O)O
533,26691,1.0,OC(C#CCN1CCCC1)(c1ccccc1)c1ccccc1
534,5600,1.0,OC(c1ccc(Cl)cc1)(c1ccc(Cl)cc1)c1cccnc1
535,18922,1.0,Oc1ccc2ccc3cccc4ccc1c2c34
536,26817,1.0,CC(C)(CO)[C@@H](O)C(=O)NCCCC(=O)[O-].CC(C)(CO)[C@@H](O)C(=O)NCCCC(=O)[O-].[Ca+2]
537,3319,1.0,C[N+](C)(C)CC(=O)O.[Cl-]
538,27598,1.0,CO/N=C(\C(=O)N[C@@H]1C(=O)N2C(C(=O)[O-])=C(CSc3nc(=O)c([O-])nn3C)CS[C@H]12)c1csc(N)n1.O.O.O.[Na+].[Na+]
539,3796,1.0,Cc1cc(C)c(NC(=O)C[C@H](CC(=O)[O-])c2cccc3ccccc23)c(C(=O)N2CCC3(CCCC3)CC2)c1.[Na+]
540,25490,1.0,O=C([O-])c1cc2cc(Cc3cccnc3)ccc2o1.[Na+]
541,4235,1.0,Cc1cc(CC(=O)[O-])n(C)c1C(=O)c1ccc(Cl)cc1.[Na+]
542,25615,1.0,Nc1c(CC(=O)[O-])cccc1C(=O)c1ccccc1.[Na+]
543,1237,1.0,O=C(O)c1cccc(/C=C2/C[C@@H]3[C@@H](/C=C/[C@@H](O)C4CCCCC4)[C@H](O)C[C@@H]3O2)c1.[Na+]
544,4270,1.0,OCCCCCCCCCCCCBr
545,27362,1.0,C[Si](Cn1cncn1)(c1ccc(F)cc1)c1ccc(F)cc1
546,22256,1.0,CC(=O)Oc1cccc2c1C(=O)c1c(OC(C)=O)cc(C(=O)O)cc1C2=O
547,18298,1.0,Cc1c(C)c2c(c(C)c1OC(=O)c1cccnc1)CC[C@@](C)(CCC[C@H](C)CCC[C@H](C)CCCC(C)C)O2
548,4235,1.0,CCCc1nc(C(C)(C)O)c(C(=O)OCc2oc(=O)oc2C)n1Cc1ccc(-c2ccccc2-c2nn[nH]n2)cc1
549,14590,1.0,CCC1(c2cnc[nH]2)Cc2ccccc2C1
550,3652,1.0,Cl.c1ccc2c(c1)CCCC2C1=NCCN1
551,1316,1.0,C=CCOc1ccccc1OCC(O)CNC(C)C.Cl
552,28148,1.0,Cc1cccc(C)c1OCC(C)N.Cl
553,27892,1.0,COc1ccc(OC)c(C(O)C(C)N)c1.Cl
554,12390,1.0,Cl.c1ccc([C@H]2CN3CCSC3=N2)cc1
555,27849,1.0,CCN(CC)CCNC(=O)c1ccc(NS(C)(=O)=O)cc1.Cl
556,3581,1.0,Nc1nc2cc(Cl)ccc2o1
557,27928,1.0,COc1ccc2c(c1)c(CC(=O)O)c(C)n2C(=O)c1ccc(Cl)cc1
558,636,1.0,Nc1nnc(-c2cccc(Cl)c2Cl)c(N)n1
559,4002,1.0,O=C(NC(=O)c1c(F)cccc1F)Nc1ccc(Oc2ccc(C(F)(F)F)cc2Cl)cc1F
560,1299,1.0,CC1=C(CC(=O)O)c2cc(F)ccc2/C1=C\c1ccc(S(C)(=O)=O)cc1
561,27919,1.0,CSC1=N[C@@](C)(c2ccccc2)C(=O)N1Nc1ccccc1
562,3652,1.0,CC(C(=O)O)c1ccc(-c2ccccc2)c(F)c1
563,27870,1.0,Cc1[nH]c(=O)c(C#N)cc1-c1ccncc1
564,24960,1.0,NC(=O)NO
565,6065,1.0,NC(=S)NS(=O)(=O)c1ccc(N)cc1
566,4280,1.0,CCOC(=O)Nc1ccc(NCc2ccc(F)cc2)nc1N.O=C(O)/C=C\C(=O)O
567,12683,1.0,Nc1nc2nc[nH]c2c(=S)[nH]1
568,20684,1.0,Cc1onc(-c2ccccc2)c1-c1ccc(S(N)(=O)=O)cc1
569,20484,1.0,CC(=O)N1C[C@H](O)C[C@H]1C(=O)O
570,25091,1.0,CC(=O)N[C@@H](CCC(=O)O)C(=O)O
571,25743,1.0,Cc1cccc(C)c1NC(=O)c1ccccc1C(=O)O
572,26665,1.0,CCSc1ccc2c(c1)N(CCCN1CCN(C)CC1)c1ccccc1S2.O=C(O)CC(O)C(=O)O.O=C(O)CC(O)C(=O)O
573,25119,1.0,O=C(O)c1nn(Cc2ccc(Cl)cc2Cl)c2ccccc12
574,25676,1.0,CCOC(=O)COc1ccc2c(=O)cc(-c3ccccc3)oc2c1
575,26428,1.0,O=C1CCC(=O)N1CO
576,27357,1.0,CC(=O)Nc1ccc(OC(=O)c2ccccc2O)cc1
577,25930,1.0,CCCCCC[n+]1ccccc1.[Br-]
578,26555,1.0,CCCCCC[n+]1ccccc1.[Cl-]
579,5715,1.0,CC(C)=CCC1=C(O)C(=O)c2ccccc2C1=O
580,12192,1.0,c1ccc2c(c1)-c1cccc3c1c-2cc1ccccc13
581,433,1.0,Cc1nc(-c2ccccn2)ncc1C(=O)Nn1cc(C)c2cc(F)ccc21
582,26459,1.0,O=S(=O)(c1ccc(Cl)cc1)c1cc(Cl)c(Cl)cc1Cl
583,27477,1.0,O=C(Nc1ccccc1)N(Cc1ccc(Cl)cc1)C1CCCC1
584,241,1.0,Cc1oc2c(NC(=O)c3c(Cl)cccc3Cl)cccc2c1C(C)(C)O
585,3796,1.0,Clc1ccc(C(c2ccccc2Cl)C(Cl)(Cl)Cl)cc1
586,2607,1.0,CCCCCCCCCCn1cc[n+](C)c1.O=S(=O)([O-])C(F)(F)F
587,11458,1.0,O=C(N[C@@H]1N=C(c2ccccc2F)c2cccc3c2N(CC3)C1=O)c1cc2ccccc2[nH]1
588,784,1.0,O=C(O)c1cccc(N(Cc2cccnc2)c2ccc(OC(F)F)c(OC(F)F)c2)c1
589,917,1.0,CCCCCCCCCCCSCC(=O)O
590,12398,1.0,OC(c1ccc(Cl)cc1)(c1cncnc1)c1ccccc1Cl
591,3817,1.0,CCCCCCCCn1cc[n+](C)c1.[Cl-]
592,561,1.0,CC(=O)Oc1ccc(C2(c3ccc(OC(C)=O)cc3)Oc3ccccc3NC2=O)cc1
593,28533,1.0,CC(C)(C)C(=O)C1C(=O)c2ccccc2C1=O
594,12113,1.0,CCC(C)(C)C(=O)O[C@H]1C[C@@H](C)C=C2C=C[C@H](C)[C@H](CC[C@@H]3C[C@@H](O)CC(=O)O3)[C@H]21
595,4245,1.0,CCCCCCCCCCCC(=O)OCC(C)OC(=O)CCCCC(=O)O
596,10636,1.0,CN(C)CCCN1c2ccccc2CCc2ccccc21.Cl
597,20372,1.0,CCCCCCCCn1cc[n+](C)c1.F[P-](F)(F)(F)(F)F
598,29376,1.0,NC(=O)Cn1c(=O)cc(CCN2CCN(c3nccc4sccc34)CC2)c2ccc(F)cc21
599,4687,1.0,O=[Se]=O
600,1299,1.0,CCC(=O)N(c1ccccc1)C1(COC)CCN(CCc2cccs2)CC1.O=C(O)CC(O)(CC(=O)O)C(=O)O
601,27272,1.0,CC(C)n1c(/C=C/[C@@H](O)C[C@@H](O)CC(=O)O)c(-c2ccc(F)cc2)c2ccccc21
602,12390,1.0,CCOP(=O)(Sc1ccccc1)Sc1ccccc1
603,4046,1.0,O=C(NS(=O)(=O)/C=C/c1cccs1)c1ccc(F)cc1Br
604,4211,1.0,Oc1ccc(Nc2ccccc2)cc1
605,12344,1.0,C=CC(=O)OCCOc1ccccc1
606,28808,1.0,Cc1ccc([N+](=O)[O-])cc1C
607,21983,1.0,CC1(C)C(C(=O)OC(C#N)c2cccc(Oc3ccccc3)c2)C1(C)C
608,3622,1.0,C=C[C@H]1CN2CCC1C[C@H]2[C@H](O)c1ccnc2ccc(OC)cc12.Cl.O.O
609,12113,1.0,CC(CCc1ccccc1)NCC(O)c1ccc(O)c(C(N)=O)c1.Cl
610,22,1.0,CC1(C)[C@H](/C=C(\Cl)C(F)(F)F)[C@@H]1C(=O)O[C@H](C#N)c1cccc(Oc2ccccc2)c1
611,2448,1.0,CCC(=O)Nc1ccc(Cl)c(Cl)c1
612,14769,1.0,COc1ccc(C(Cl)=C(c2ccc(OC)cc2)c2ccc(OC)cc2)cc1
613,29101,1.0,CCCCCCCCn1cc[n+](C)c1.F[B-](F)(F)F
614,3037,1.0,Nc1nc2nc[nH]c2c(=S)[nH]1
615,1191,1.0,O=C1C(=O)c2cccc3cccc1c23
616,26255,1.0,Cc1cc(C)nc(NS(=O)(=O)c2ccc(N)cc2)n1
617,614,1.0,CCC1CCC(CCC(=O)O)C1
618,26923,1.0,O=C(c1ccccc1)c1cc(Cl)ccc1O
619,14113,1.0,CCCCC(CC)COP(=O)(O)O
620,28701,1.0,CC(C)C1=CC2=CC[C@@H]3[C@](C)(CCC[C@@]3(C)C(=O)[O-])[C@H]2CC1.[Na+]
621,28999,1.0,O=C([O-])c1ccc2c(c1)nc(C(=O)NC1CCN(C3CC3)CC1)n2Cc1cc(-c2ccc(Cl)s2)on1.[Na+]
622,3202,1.0,CC1(C)[C@H](C(=O)O[C@H](C#N)c2cccc(Oc3ccccc3)c2)[C@@H]1C=C(Br)Br
623,25698,1.0,CC(C)(c1ccccc1)c1ccc(Nc2ccc(C(C)(C)c3ccccc3)cc2)cc1
624,26481,1.0,CC(C)OC(=O)CCCCC(=O)OC(C)C
625,14113,1.0,CC1(C)[C@H](C=C(Cl)Cl)[C@@H]1C(=O)O[C@@H](C#N)c1cccc(Oc2ccccc2)c1
626,25691,1.0,ClC(Cl)=C(c1ccc(Cl)cc1)c1ccc(Cl)cc1
627,26841,1.0,CCCCCCn1cc[n+](C)c1.F[P-](F)(F)(F)(F)F
628,1299,1.0,NC(=O)c1cccnc1
629,25217,1.0,Nc1ccc(C(=O)OCCCOC(=O)c2ccc(N)cc2)cc1
630,2403,1.0,CC1(C)[C@H](/C=C2\CCSC2=O)[C@@H]1C(=O)OCc1coc(Cc2ccccc2)c1
631,25160,1.0,Oc1ccc(Cl)c(Cl)c1Cl
632,768,1.0,O=C(c1ccccc1)c1ccc(O)c(O)c1O
633,241,1.0,CSCCCN=C=S
634,25220,1.0,CCCCCC[n+]1ccccc1.[I-]
635,28769,1.0,CCCCCCCCCCCCCOS(=O)(=O)[O-].[Na+]
636,4046,1.0,CCN(CC)c1ccc(C(=C2C=CC(=[N+](CC)CC)C=C2)c2ccc(S(=O)(=O)[O-])cc2S(=O)(=O)[O-])cc1.[Na+]
637,21794,1.0,CCCCCCCCCCCCOS(=O)(=O)[O-].[NH4+]
638,12376,1.0,Brc1c2ccccc2c(Br)c2ccccc12
639,22137,1.0,c1ccc2cc(Nc3ccc(Nc4ccc5ccccc5c4)cc3)ccc2c1
640,4259,1.0,C1COC1
641,1312,1.0,CC(=O)O[C@]1(C(C)=O)CC[C@H]2[C@@H]3C=C(Cl)C4=CC(=O)[C@@H]5C[C@@H]5[C@]4(C)[C@H]3CC[C@@]21C
642,54,1.0,Cc1cc(C)c(C2=C(OC(=O)CC(C)(C)C)C3(CCCC3)OC2=O)c(C)c1
643,22,1.0,CC(C)(c1ccc(O)cc1)c1ccc(O)cc1
644,674,1.0,CCCCC/C=C/C=C/C=O
645,10423,1.0,CCC(=O)C(CC(C)N(C)C)(c1ccccc1)c1ccccc1.Cl
646,12417,1.0,CCCC1COC(Cn2cncn2)(c2ccc(Cl)cc2Cl)O1
647,17571,1.0,CCOc1cc(Oc2ccc(C(F)(F)F)cc2Cl)ccc1[N+](=O)[O-]
648,11121,1.0,CN(C)c1ccc(Cc2ccc(N(C)C)cc2)cc1
649,8008,1.0,NCCNCCN
650,5299,1.0,CC(=O)Nc1ccc(C)cc1
651,5864,1.0,COC(=O)/C=C(\C)OP(=O)(OC)OC
652,275,1.0,Oc1cc(Cl)c(Cl)cc1Cl
653,6261,1.0,CCCCCCCCCC(CC)c1ccc(S(=O)(=O)[O-])cc1.[Na+]
654,674,1.0,CCn1c2ccccc2c2cc([N+](=O)[O-])ccc21
655,27950,1.0,CC(C)C(C)C
656,24737,1.0,Cl.Nc1ccc(Cl)cc1
657,4331,1.0,ClC(Cl)(Cl)c1ccccc1
658,14303,1.0,NC(=O)Nc1ccc(Cl)c(Cl)c1
659,5791,1.0,CCCCC(CC)COC(=O)c1ccc(N(C)C)cc1
660,573,1.0,CNCC(O)c1ccc(O)cc1
661,27052,1.0,C=CCCCC
662,3897,1.0,COCC(C)OC(C)=O
663,4266,1.0,CCC12COCN1COC2
664,20287,1.0,CN(C)c1cccc(O)c1
665,197,1.0,CN(C)c1ccccc1
666,12613,1.0,Nc1ccc(Cl)cc1
667,12532,1.0,Cc1cc(O)ccc1Cl
668,4052,1.0,Cc1cccc(NC(=S)N(C)C)c1
669,22220,1.0,COc1cc(C(=O)NS(=O)(=O)c2ccccc2C)ccc1Cc1cn(C)c2ccc(NC(=O)OC3CCCC3)cc12
670,7041,1.0,Cc1[nH]cnc1C[C@H]1CCc2c(C)c3ccccc3n2C1=O
671,9474,1.0,CCN(CC)CCOCCOC(=O)C1(c2ccccc2)CCCC1
672,24869,1.0,Cc1c(C)n(Cc2ccccc2)c2ccc(C(=O)OCCN(C)C)cc12
673,7143,1.0,CN1CCC(=C2c3ccccc3C=Cc3ccccc32)CC1
674,122,1.0,CC[C@H](C)[C@H]1O[C@]2(C=C[C@@H]1C)C[C@@H]1C[C@@H](C/C=C(\C)[C@@H](O[C@H]3C[C@H](OC)[C@@H](O[C@H]4C[C@H](OC)[C@@H](O)[C@H](C)O4)[C@H](C)O3)[C@@H](C)/C=C/C=C3\CO[C@@H]4[C@H](O)C(C)=C[C@@H](C(=O)O1)[C@]34O)O2
675,4270,1.0,CCCCC[C@H](O)/C=C/[C@@H]1[C@@H](C/C=C\CCCC(=O)O)[C@@H](O)C[C@H]1O
676,1296,1.0,O=C(CN1CCN(Cc2ccc3c(c2)OCO3)CC1)N1c2ccccc2Sc2ccccc21
677,21242,1.0,CCCCCCCC/C=C\CCCCCCCC(=O)NCc1ccc(O)c(OC)c1
678,4259,1.0,CN1CCc2cc(Cl)c(O)cc2[C@H]2c3ccccc3CC[C@@H]21
679,427,1.0,C=CCN1CC[C@]23CCCC[C@H]2[C@H]1Cc1ccc(O)cc13
680,21506,1.0,CC[C@H](C)C(=O)O[C@H]1CCC=C2C=C[C@H](C)[C@H](CC[C@@H]3C[C@@H](O)CC(=O)O3)[C@H]21
681,20707,1.0,CCCCCCCCCCCCCCCCSCC(COC)COP(=O)([O-])OCC[N+](C)(C)C
682,2404,1.0,C=C1/C(=C\C=C2/CCC[C@]3(C)[C@@H]([C@H](C)OCCC(C)(C)O)CC[C@@H]23)C[C@@H](O)C[C@@H]1O
683,1164,1.0,C=C[C@@]1(C)CC(=O)[C@]2(O)[C@@]3(C)[C@@H](O)CCC(C)(C)[C@@H]3[C@H](O)[C@H](OC(C)=O)[C@@]2(C)O1
684,24790,1.0,Cc1c2ccccc2c(C)c2c1ccc1ccccc12
685,21913,1.0,CCCCN(CCCC)CC(O)c1cc(Cl)cc2c1-c1ccc(Cl)cc1/C2=C/c1ccc(Cl)cc1
686,4315,1.0,Cl.c1ccc(CN(CC2=NCCN2)c2ccccc2)cc1
687,2448,1.0,CC(C)(C)c1ccc(CN2CCN(C(c3ccccc3)c3ccc(Cl)cc3)CC2)cc1.Cl.Cl
688,14855,1.0,O=C1Nc2ccc(Cl)cc2C(c2ccccc2)=NC1O
689,20736,1.0,CN1N=C(N)c2cn([C@@H]3O[C@H](CO)[C@@H](O)[C@H]3O)c3ncnc1c23
690,6572,1.0,CS(=O)(=O)O.O=C(O[C@@H]1C[C@@H]2C[C@@H]3C[C@H](C1)N2CC3=O)c1c[nH]c2ccccc12
691,618,1.0,Cc1c(N)nc(C(CC(N)=O)NCC(N)C(N)=O)nc1C(=O)NC(C(=O)NC(C)C(O)C(C)C(=O)NC(C(=O)NCCc1nc(-c2nc(C(=O)NCCCN[C@@H](C)c3ccccc3)cs2)cs1)C(C)O)C(O[C@@H]1O[C@@H](CO)[C@@H](O)[C@H](O)[C@@H]1O[C@H]1O[C@H](CO)[C@@H](O)[C@H](OC(N)=O)[C@@H]1O)c1c[nH]cn1.O=S(=O)(O)O
692,2607,1.0,COc1ccccc1OCCNCC(O)COc1cccc2[nH]c3ccccc3c12.O=C(O)C(O)C(O)C(=O)O
693,1094,1.0,O=C(O)Cc1sc(-c2ccccc2)nc1-c1ccc(Cl)cc1
694,4113,1.0,O=C(Nc1ccc(S(=O)(=O)N2CCOCC2)cc1)c1cc(Cl)ccc1NS(=O)(=O)c1ccc(Cl)s1
695,24852,1.0,O=C(O)c1ccccc1-c1ccc(C(F)(F)F)cc1
696,21361,1.0,CCC(=C(CC)c1ccc(O)cc1)c1ccc(O)cc1
697,27855,1.0,CCCCCC[C@@H](O)C/C=C\CCCCCCCC(=O)[O-].[K+]
698,392,1.0,CC[C@@H]([C@H](C)O)n1ncn(-c2ccc(N3CCN(c4ccc(OCC5CO[C@@](Cn6cncn6)(c6ccc(F)cc6F)C5)cc4)CC3)cc2)c1=O
699,12553,1.0,C#C[C@]1(OC(C)=O)CC[C@H]2[C@@H]3CCC4=C[C@@H](OC(C)=O)CC[C@@H]4[C@H]3CC[C@@]21C
700,220,1.0,CC(C)Cn1cnc2c(N)nc3ccccc3c21
701,3556,1.0,CC(C)NCC(O)c1ccc2ccccc2c1
702,12493,1.0,CCC(=O)NCCC1CCc2ccc3c(c21)CCO3
703,7797,1.0,CCC1(C2=NCCN2)Cc2ccccc2O1
704,9300,1.0,CCCCC(=O)O[C@H]1CC[C@H]2[C@@H]3CCc4cc(O)ccc4[C@H]3CC[C@]12C
705,24455,1.0,CCN(CC)CCSC(=O)C(c1ccccc1)c1ccccc1
706,24518,1.0,CCOc1ccc2c(c1)C(C)=CC(C)(C)N2
707,138,1.0,COC(=O)C1=C(C)NC(C)=C(C(=O)OC(C)(C)CN(C)CCC(c2ccccc2)c2ccccc2)C1c1cccc([N+](=O)[O-])c1.Cl
708,28757,1.0,CNCC[C@@H](Oc1ccccc1C)c1ccccc1.Cl
709,14113,1.0,CN1CCN(c2cc3c(cc2F)c(=O)c(C(=O)O)cn3-c2ccc(F)cc2)CC1.Cl
710,27050,1.0,Cl.O=C(c1ccc(F)cc1)C1CCN(CCn2c(=S)[nH]c3ccccc3c2=O)CC1
711,1946,1.0,Cl.O=C1c2cccc3c2[C@H](CCC3)CN1[C@@H]1CN2CCC1CC2
712,28805,1.0,O=C(CCN1CCN2CCCC2C1)N1c2ccccc2Sc2ccc(Cl)cc21
713,3202,1.0,Clc1cccc(SC2CCNCC2)n1
714,1094,1.0,Cc1nnc2n1-c1ccc(Cl)cc1C(c1ccccc1Cl)=NC2
715,14612,1.0,CN1CCN(CCC(=O)N2c3ccccc3Sc3ccc(C(F)(F)F)cc32)CC1
716,27703,1.0,CN1CCC[C@@H]1CCO[C@](C)(c1ccccc1)c1ccc(Cl)cc1.O=C(O)/C=C/C(=O)O
717,2589,1.0,COc1ccc2c(c1OC)CN1CCc3cc4c(cc3C1C2)OCO4
718,4315,1.0,Nc1ccc(S(=O)(=O)Nc2cnc3ccccc3n2)cc1
719,20727,1.0,C[C@H](/C=C/[C@H](C)C(C)(C)O)[C@H]1CC[C@H]2/C(=C/C=C3C[C@@H](O)C[C@H](O)C3)CCC[C@]12C
