,DSSTox_CID,NR-AR-LBD,SMILES
0,26838,0.0,CC(NCCC(c1ccccc1)c1ccccc1)c1ccccc1.Cl
1,5569,0.0,Oc1ccccc1[Hg]Cl
2,910,0.0,CCCCCCCC[N+](C)(CCCCCCCC)CCCCCCCC.O=S(=O)([N-]S(=O)(=O)C(F)(F)F)C(F)(F)F
3,17550,0.0,COc1ccc(CCN2CCC(Nc3nc4ccccc4n3Cc3ccc(F)cc3)CC2)cc1
4,22457,0.0,CCCOc1sc(C(=O)N2CCC(c3cc(CN)ccc3F)CC2)c(C)c1Br.Cl
5,10777,0.0,CCN(CC)CCOc1ccc(C(O)(Cc2ccc(Cl)cc2)c2ccc(C)cc2)cc1
6,24788,0.0,CN1C(=O)N(c2ccccc2Br)Cc2cnc(Nc3ccc4c(c3)OCC(CO)O4)nc21
7,3026,0.0,O=[N+]([O-])c1cc(C(F)(F)F)c(Cl)c([N+](=O)[O-])c1Cl
8,7146,0.0,C[C@H]1O[C@@H](O[C@H]2[C@@H](O)C[C@H](O[C@H]3[C@@H](O)C[C@H](O[C@H]4CC[C@@]5(C)[C@H](CC[C@@H]6[C@@H]5CC[C@]5(C)[C@@H](C7=CC(=O)OC7)CC[C@]65O)C4)O[C@@H]3C)O[C@@H]2C)C[C@H](O)[C@@H]1O
9,28930,0.0,c1cnc2c(c1)ccc1cccnc12
10,14177,0.0,CCN(CC)C(=S)SSC(=S)N(CC)CC
11,9227,0.0,CNCC[C@H](Oc1cccc2ccccc12)c1cccs1.Cl
12,21180,0.0,CN1C2CCC1CC(OC(c1ccccc1)c1ccc(Cl)cc1)C2
13,4103,0.0,CS(=O)(=O)O.Cc1c(O)cccc1C(=O)N[C@@H](CSc1ccccc1)[C@H](O)CN1C[C@H]2CCCC[C@H]2C[C@H]1C(=O)NC(C)(C)C
14,1964,0.0,CCCCc1oc2ccc(NS(C)(=O)=O)cc2c1C(=O)c1ccc(OCCCN(CCCC)CCCC)cc1
15,12640,0.0,CCc1nn(CCCN2CCN(c3cccc(Cl)c3)CC2)c(=O)n1CCOc1ccccc1.Cl
16,25451,0.0,CN1CCN(CCCN2c3ccccc3Sc3ccc(Cl)cc32)CC1.O=C(O)/C=C\C(=O)O.O=C(O)/C=C\C(=O)O
17,27923,0.0,CCCCCCCCCCCCCCCC[n+]1ccccc1.[Br-]
18,4993,0.0,CC1=C(/C=C/C(C)=C/C=C/C(C)=C/C(=O)Nc2ccc(O)cc2)C(C)(C)CCC1
19,62,0.0,CCCCCCCCCCOCC(O)CN.Cl
20,26151,0.0,CSc1nc2cc(Cl)c(Oc3cccc(Cl)c3Cl)cc2[nH]1
21,7749,0.0,CSc1ccc2c(c1)N(CCC1CCCCN1C)c1ccccc1S2
22,6123,0.0,Cc1cc(F)ccc1-c1cc(N2CC[C@@H](O)[C@H]2CO)ncc1N(C)C(=O)C(C)(C)c1cc(C(F)(F)F)cc(C(F)(F)F)c1
23,15204,0.0,C=C1C(=O)O[C@H]2[C@H]1CC/C(C)=C/CC[C@@]1(C)O[C@@H]21
24,18818,0.0,C=C(C)C(=O)OCC(O)COc1ccc(C(C)(C)c2ccc(OCC(O)COC(=O)C(=C)C)cc2)cc1
25,20233,0.0,COC(=O)C1=C(C)NC(C)=C(C(=O)OCCN(C)Cc2ccccc2)C1c1cccc([N+](=O)[O-])c1
26,1412,0.0,CCCCCCCCCCCCn1cc[n+](C)c1.O=S(=O)([N-]S(=O)(=O)C(F)(F)F)C(F)(F)F
27,27253,0.0,O=[N+]([O-])c1ccc(Cl)c([N+](=O)[O-])c1
28,24300,0.0,O=C(N/N=C/c1ccccc1O)c1ccncc1
29,566,0.0,C=C1/C(=C\C=C2/CCC[C@]3(C)[C@@H]([C@H](C)CCCC(C)(C)O)CC[C@@H]23)C[C@@H](O)C[C@@H]1O
30,6631,0.0,N#CC(CCc1ccc(Cl)cc1)(Cn1cncn1)c1ccccc1
31,13366,0.0,Cc1ccc(Nc2nccc(N(C)c3ccc4c(C)n(C)nc4c3)n2)cc1S(N)(=O)=O
32,2512,0.0,COC(=O)C[C@](O)(CCCC(C)(C)O)C(=O)O[C@@H]1C(OC)=CC23CCCN2CCc2cc4c(cc2[C@H]13)OCO4
33,3738,0.0,C[C@@H]1O[C@@H](O[C@H]2C[C@@H](O)[C@]3(CO)[C@H]4[C@H](O)C[C@]5(C)[C@@H](C6=CC(=O)OC6)CC[C@]5(O)[C@@H]4CC[C@]3(O)C2)[C@H](O)[C@H](O)[C@H]1O
34,29360,0.0,CCCCCCCCCCCCN1CCCC1=O
35,21608,0.0,CC(C)C1CCC(Cc2ccc(Cl)cc2)C1(O)Cn1cncn1
36,28656,0.0,CC(C)N(C(=O)CCl)c1ccccc1
37,4515,0.0,CCN1C(=CC=CC=Cc2sc3ccccc3[n+]2CC)Sc2ccccc21.[Cl-]
38,20743,0.0,CN[C@H]1CC[C@@H](c2ccc(Cl)c(Cl)c2)c2ccccc21.Cl
39,27573,0.0,CC(C)(C)NC(=O)[C@@H]1C[C@@H]2CCCC[C@@H]2CN1C[C@@H](O)[C@H](Cc1ccccc1)NC(=O)[C@H](CC(N)=O)NC(=O)c1ccc2ccccc2n1.CS(=O)(=O)O
40,11581,0.0,OB(O)O[Hg]c1ccccc1
41,16266,0.0,CC(C)(C)c1ccc(C(O)CCCN2CCC(C(O)(c3ccccc3)c3ccccc3)CC2)cc1
42,26525,0.0,CN1CCN(C2Cc3ccccc3Sc3ccc(Cl)cc32)CC1.O=C(O)/C=C\C(=O)O
43,9690,0.0,[Cl-].[Cl-].[Hg+2]
44,14595,0.0,CC(C)(C)c1ccc(C(=O)CCCN2CCC(OC(c3ccccc3)c3ccccc3)CC2)cc1
45,25108,0.0,CO/N=C1/C[C@]2(C[C@@H]3C[C@@H](C/C=C(\C)C[C@@H](C)/C=C/C=C4\CO[C@@H]5[C@H](O)C(C)=C[C@@H](C(=O)O3)[C@]45O)O2)O[C@H](/C(C)=C/C(C)C)[C@H]1C
46,25773,0.0,Cc1cc(O)c2c(c1)O[C@@]1(C)CC[C@H]3C(C)(C)CCCC34CO[C@@H]2[C@H]41
47,1646,0.0,Cc1ccc(S(=O)(=O)N[C@@H](CCCCN)C(=O)CCl)cc1.Cl
48,3427,0.0,CN1CCN(CCCN2c3ccccc3Sc3ccc(C(F)(F)F)cc32)CC1.Cl.Cl
49,22069,0.0,CN(C)C(=S)SC(=S)N(C)C
50,328,0.0,O=C1NCN(c2ccccc2)C12CCN(CCCC(c1ccc(F)cc1)c1ccc(F)cc1)CC2
51,5295,0.0,CCCCCCCCCCCCN1CCCCCC1=O
52,1214,0.0,CC(C)(C)c1cc(/C=C2\SC(=N)NC2=O)cc(C(C)(C)C)c1O.CS(=O)(=O)O
53,7431,0.0,Oc1ccc(C2(c3ccc(O)cc3)c3ccccc3-c3ccccc32)cc1
54,5827,0.0,CC1(S(=O)(=O)[O-])CC(=O)c2ccccc2C1=O.[Na+]
55,12340,0.0,CCC(C)[C@H]1O[C@]2(C=C[C@@H]1C)C[C@@H]1C[C@@H](C/C=C(\C)[C@@H](O[C@H]3C[C@H](OC)[C@@H](O[C@H]4C[C@H](OC)[C@H](NC(C)=O)[C@H](C)O4)[C@H](C)O3)[C@@H](C)/C=C/C=C3\CO[C@@H]4[C@H](O)C(C)=C[C@@H](C(=O)O1)[C@]34O)O2
56,6945,0.0,CN(C)CCCN1c2ccccc2Sc2ccc(Cl)cc21
57,2284,0.0,CO[C@H]1C[C@H](O[C@H]2[C@H](C)O[C@@H](O[C@@H]3/C(C)=C/C[C@@H]4C[C@@H](C[C@]5(C=C[C@H](C)[C@@H](C6CCCCC6)O5)O4)OC(=O)[C@@H]4C=C(C)[C@@H](O)[C@H]5OC/C(=C\C=C\[C@@H]3C)[C@]54O)C[C@@H]2OC)O[C@@H](C)[C@@H]1O
58,2689,0.0,Nc1ccc(N)c2ccccc12
59,4720,0.0,O=C(Oc1cccc2cccnc12)c1ccccc1
60,24629,0.0,CC1=CC(=O)c2ccccc2C1=O
61,28163,0.0,NC(=O)c1nc(-c2cccc(-c3cc(F)ccc3OCC(F)(F)C(F)(F)F)c2)n[n-]1.O.[K+]
62,7898,0.0,[O-][n+]1ccccc1S[Zn]Sc1cccc[n+]1[O-]
63,27058,0.0,CC[C@H](C)C(=O)O[C@H]1C[C@@H](C)C=C2C=C[C@H](C)[C@H](CC[C@@H]3C[C@@H](O)CC(=O)O3)[C@H]21
64,25985,0.0,CCC(=O)O[C@H]1CC[C@H]2[C@@H]3CCC4=CC(=O)CC[C@]4(C)[C@H]3CC[C@]12C
65,10055,0.0,COc1ccc2cc(S(=O)(=O)N[C@H](CC(=O)N[C@H](Cc3ccc(CN4[C@H](C)CCC[C@@H]4C)cc3)C(=O)N(C)C(C)C)c3ccc4c(c3)OCO4)ccc2c1.Cl
66,4246,0.0,CN(CCCN1c2ccccc2CCc2ccccc21)CC(=O)c1ccc(Cl)cc1.Cl
67,8684,0.0,CN(C)C(=S)SC(=S)N(C)C
68,3219,0.0,C=C(c1ccc(C(=O)O)cc1)c1cc2c(cc1C)C(C)(C)CCC2(C)C
69,17236,0.0,CCOc1nc2cccc(C(=O)OC(C)OC(=O)OC3CCCCC3)c2n1Cc1ccc(-c2ccccc2-c2nnn[nH]2)cc1
70,11307,0.0,CCCCCCC(C)Nc1ccc(Nc2ccccc2)cc1
71,23745,0.0,CC1COC(Cn2cncn2)(c2ccc(Oc3ccc(Cl)cc3)cc2Cl)O1
72,29134,0.0,CC1(C)CCC(C)(C)c2cc(NC(=O)c3ccc(C(=O)O)cc3)ccc21
73,21404,0.0,O=C1C(Cl)=C(Cl)C(=O)c2ccccc21
74,14959,0.0,CCCCC(CC)COC(=O)c1ccc(O)cc1
75,6440,0.0,O=C(CCCCCCCCc1cccnc1)N1CCC(C=C(c2ccccc2)c2ccccc2)CC1
76,7583,0.0,Cc1cccc(N(C)C(=S)Oc2ccc3ccccc3c2)c1
77,25318,0.0,CCCCC(CC)COP(=O)(O)OCC(CC)CCCC
78,27391,0.0,C[C@H](CCC(=O)O)[C@H]1CC[C@H]2[C@@H]3CC[C@@H]4C[C@H](O)CC[C@]4(C)[C@H]3CC[C@]12C
79,809,0.0,C[C@]1(Cn2ccnn2)[C@H](C(=O)[O-])N2C(=O)C[C@H]2S1(=O)=O.[Na+]
80,1834,0.0,C[C@]12Cc3nonc3C[C@@H]1CC[C@@H]1[C@@H]2CC[C@@]2(C)[C@H]1CC[C@]2(C)O
81,25575,0.0,OC(c1ccc(Cl)cc1)(c1ccc(Cl)cc1)C(Cl)(Cl)Cl
82,15434,0.0,Oc1ccc(C(c2ccc(O)cc2)C(Cl)(Cl)Cl)cc1
83,19677,0.0,COP(=S)(OC)Oc1ccc(Sc2ccc(OP(=S)(OC)OC)cc2)cc1
84,30037,0.0,CCCC(Cn1cncn1)c1ccc(Cl)cc1Cl
85,13694,0.0,CC/C(=C(\c1ccccc1)c1ccc(OCCN(C)C)cc1)c1ccccc1
86,26684,0.0,CC[C@H]1CN2CCc3cc(OC)c(OC)cc3[C@@H]2C[C@@H]1C[C@H]1NCCc2cc(OC)c(OC)cc21.Cl.Cl
87,28566,0.0,CCCCCCCC[N+](C)(C)CCCCCCCC.[Cl-]
88,21889,0.0,CC[Hg]Sc1ccccc1C(=O)[O-].[Na+]
89,439,0.0,CC(C)Nc1ccc(Nc2ccccc2)cc1
90,23881,0.0,Cl.O=C1CSC2(CCN(CCCN3c4ccccc4Sc4ccc(Cl)cc43)CC2)N1
91,10310,0.0,CN1CCC(=C2c3ccccc3Sc3ccccc32)CC1.O=C(O)/C=C\C(=O)O
92,1097,0.0,C[C@@H](O[C@H]1OCCN(CC2=NC(=O)N=N2)[C@H]1C1CCC(F)CC1)c1cc(C(F)(F)F)cc(C(F)(F)F)c1
93,24436,0.0,CCc1nn(CCCN2CCN(c3cccc(Cl)c3)CC2)c(=O)n1CCOc1ccccc1.Cl
94,26255,0.0,O=C1C2CC=CCC2C(=O)N1SC(Cl)(Cl)Cl
95,24990,0.0,O=[N+]([O-])c1c(Cl)cccc1-c1c[nH]cc1Cl
96,15767,0.0,Fc1ccc([C@@H]2CCNC[C@H]2COc2ccc3c(c2)OCO3)cc1
97,22216,0.0,O=C1NCCN1CCN1CCC(c2cn(-c3ccc(F)cc3)c3ccc(Cl)cc23)CC1
98,28760,0.0,CN1C[C@H](CNC(=O)OCc2ccccc2)C[C@@H]2c3cccc4c3c(cn4C)C[C@H]21
99,27704,0.0,COc1cc(/C=C/C(=O)CC(=O)/C=C/c2ccc(O)c(OC)c2)ccc1O
100,3585,0.0,CC[n+]1c(-c2ccccc2)c2cc(N)ccc2c2ccc(N)cc21.[Br-]
101,20503,0.0,Cc1cc(-c2ccc(N=Nc3c(S(=O)(=O)[O-])cc4cc(S(=O)(=O)[O-])cc(N)c4c3O)c(C)c2)ccc1N=Nc1c(S(=O)(=O)[O-])cc2cc(S(=O)(=O)[O-])cc(N)c2c1O.[Na+].[Na+].[Na+].[Na+]
102,16793,0.0,C=C(C)[C@H]1Cc2c(ccc3c2O[C@@H]2COc4cc(OC)c(OC)cc4[C@@H]2C3=O)O1
103,3913,0.0,CC(O)C(=O)O[Hg]c1ccccc1
104,6321,0.0,CC1(COc2ccc(CC3SC(=O)NC3=O)cc2)CCCCC1
105,17722,0.0,COc1ccc(CN2CCN(C(c3ccc(F)cc3)c3ccc(F)cc3)CC2)c(OC)c1OC.Cl.Cl
106,663,0.0,Cl.O[C@@H](CNC[C@H](O)[C@H]1CCc2cc(F)ccc2O1)[C@@H]1CCc2cc(F)ccc2O1
107,162,0.0,CCOC(=O)C1=C(COCCN)NC(C)=C(C(=O)OC)C1c1ccccc1Cl.O=S(=O)(O)c1ccccc1
108,7358,0.0,COc1cc(/C=C/C(=O)CC(=O)/C=C/c2ccc(O)c(OC)c2)ccc1O
109,12497,0.0,Oc1ccc(O)cc1
110,5073,0.0,CCCCCCCCCCCCc1ccccc1O
111,13070,0.0,CCCCCCCCOc1ccccc1C(=O)Nc1ccc(C(=O)OCC[N+](C)(CC)CC)cc1.[Br-]
112,18309,0.0,CC[C@@]1([C@@H]2O[C@@H]([C@H]3O[C@@](O)(CO)[C@H](C)C[C@@H]3C)C[C@@H]2C)CC[C@H]([C@]2(C)CC[C@]3(C[C@H](O)[C@@H](C)[C@@H]([C@@H](C)[C@@H](OC)[C@H](C)C(=O)[O-])O3)O2)O1.[Na+]
113,2112,0.0,O=[N+]([O-])c1ccc(Oc2ccc(N=C=S)cc2)cc1
114,11996,0.0,CC(C)=CCC1C(=O)N(c2ccccc2)N(c2ccccc2)C1=O
115,8968,0.0,C=C1CC[C@H](O)C/C1=C/C=C1\CCC[C@]2(C)[C@@H]([C@H](C)CCCC(C)(C)O)CC[C@@H]12
116,24125,0.0,C#C[C@]1(OC(C)=O)CC[C@H]2[C@@H]3CCC4=C/C(=N/O)CC[C@@H]4[C@H]3CC[C@@]21CC
117,2833,0.0,CC(=O)OCC(=O)[C@@]12N=C(C)O[C@@H]1C[C@H]1[C@@H]3CCC4=CC(=O)C=C[C@]4(C)[C@H]3[C@@H](O)C[C@@]12C
118,7979,0.0,CC(=O)OCC(=O)[C@@]12OC(C)(C)O[C@@H]1C[C@H]1[C@@H]3C[C@H](F)C4=CC(=O)C=C[C@]4(C)[C@@]3(F)[C@@H](O)C[C@@]12C
119,6851,0.0,CO[C@]12CC[C@@]3(C[C@@H]1[C@](C)(O)C(C)(C)C)[C@H]1Cc4ccc(O)c5c4[C@@]3(CCN1CC1CC1)[C@H]2O5.Cl
120,24891,0.0,CCOC(=O)c1ccc([C@H]2CC[C@H](NC[C@H](O)COc3ccc(O)c(NS(C)(=O)=O)c3)CC2)cc1.Cl
121,14365,0.0,CC[C@@]1(O)C[C@H](O[C@H]2C[C@H](N(C)C)[C@H](O[C@H]3C[C@H](O)[C@H](O[C@H]4CCC(=O)[C@H](C)O4)[C@H](C)O3)[C@H](C)O2)c2c(cc3c(c2O)C(=O)c2c(O)cccc2C3=O)[C@H]1C(=O)OC.Cl
122,1329,0.0,N=C(N)NC(=O)c1nc(Cl)c(N)nc1N
123,26416,0.0,CS(=O)(=O)O.Cc1c(O)cccc1C(=O)N[C@@H](CSc1ccccc1)[C@H](O)CN1C[C@H]2CCCC[C@H]2C[C@H]1C(=O)NC(C)(C)C
124,13872,0.0,OCCN1CCN(CCCN2c3ccccc3Sc3ccc(C(F)(F)F)cc32)CC1
125,5733,0.0,CNCCC(Oc1ccc(C(F)(F)F)cc1)c1ccccc1
126,4381,0.0,CCCCCCCC(=O)CC[C@@H]1[C@@H](C/C=C\CCCC(=O)OC(C)C)[C@@H](O)C[C@H]1O
127,5486,0.0,O[Sn](c1ccccc1)(c1ccccc1)c1ccccc1
128,2565,0.0,C#C[C@]1(O)CC[C@H]2[C@@H]3CCC4=C/C(=N/O)CC[C@@H]4[C@H]3CC[C@@]21CC
129,29294,0.0,CCCCNC(=O)OCC#CI
130,3843,0.0,CC(=O)c1ccc2c(c1)N(CCCN1CCN(CCO)CC1)c1ccccc1S2.O=C(O)/C=C\C(=O)O.O=C(O)/C=C\C(=O)O
131,28872,0.0,CC/C(=C(\c1ccccc1)c1ccc(OCCN(C)C)cc1)c1ccccc1.O=C(O)CC(O)(CC(=O)O)C(=O)O
132,5145,0.0,CCc1cc(SCc2sc(-c3ccc(C(F)(F)F)cc3)nc2CN2CCN(c3ccc(OC)cc3)CC2)ccc1OCC(=O)O
133,25176,0.0,COC(=O)[C@@]1(C)[C@H](C)C[C@H]2[C@@H]3CCC4=CC(=O)C=C[C@]4(C)[C@H]3[C@@H](O)C[C@@]21C
134,24530,0.0,C[C@H]1O[C@@H](O[C@H]2[C@@H](O)C[C@H](O[C@H]3[C@@H](O)C[C@H](O[C@H]4CC[C@@]5(C)[C@H](CC[C@@H]6[C@@H]5C[C@@H](O)[C@]5(C)[C@@H](C7=CC(=O)OC7)CC[C@]65O)C4)O[C@@H]3C)O[C@@H]2C)C[C@H](O)[C@@H]1O
135,25689,0.0,O=C1C=C2C=C[C@@H]3C[C@@]2(O1)[C@H]1CCCCN31
136,22320,0.0,C=CCC1=C(C)[C@@H](OC(=O)[C@@H]2[C@@H](C=C(C)C)C2(C)C)CC1=O
137,27120,0.0,CC1(CN2CCC(n3c(=O)[nH]c4ccccc43)CC2)OCc2ccccc2-n2cccc21
138,5916,0.0,Oc1ccc(/C=C/c2cc(O)cc(O)c2)cc1
139,4880,0.0,CC[n+]1c(-c2ccccc2)c2cc(N)ccc2c2ccc(N)cc21.[Br-]
140,6531,0.0,CC[n+]1c(-c2ccccc2)c2cc(N)ccc2c2ccc(N)cc21.[Br-]
141,9871,0.0,[O-][n+]1ccccc1S[Zn]Sc1cccc[n+]1[O-]
142,26082,0.0,CC(=O)OCC(=O)[C@@]12OC3(CCCC3)O[C@@H]1C[C@H]1[C@@H]3CCC4=CC(=O)C=C[C@]4(C)[C@@]3(F)[C@@H](O)C[C@@]12C
143,9352,0.0,CCc1nc(N)nc(N)c1-c1ccc(Cl)cc1
144,22609,0.0,CCN(CC)CCOc1ccc(C(=C(Cl)c2ccccc2)c2ccccc2)cc1
145,10605,0.0,COC(=O)C1=C(C)NC(C)=C(C(=O)OCCN2CCN(C(c3ccccc3)c3ccccc3)CC2)C1c1cccc([N+](=O)[O-])c1.Cl.Cl
146,24684,0.0,CC(CN1c2ccccc2Sc2ccccc21)N(C)C.Cl
147,229,0.0,COc1cccc2c1C(=O)c1c(O)c3c(c(O)c1C2=O)C[C@@](O)(C(=O)CO)C[C@@H]3O[C@H]1C[C@H](N)[C@H](O)[C@H](C)O1.Cl
148,1535,0.0,CCCCCCCCCCCCn1cc[n+](C)c1.F[P-](F)(F)(F)(F)F
149,25844,0.0,Nc1nc2nc[nH]c2c(=S)[nH]1
150,16493,0.0,O=C(O)c1ccc(-n2nc(-c3ccccc3O)nc2-c2ccccc2O)cc1
151,21466,0.0,O=C(O)c1cc(O)c2ccccc2c1O
152,4599,0.0,Clc1ccc(C(Cn2ccnc2)OCc2csc3c(Cl)cccc23)c(Cl)c1.O=[N+]([O-])O
153,9105,0.0,C(=Cc1ccncc1)c1ccccc1
154,704,0.0,CC(=O)O[Hg]c1ccccc1
155,12884,0.0,Cc1ccc(-n2nc(C(C)(C)C)cc2NC(=O)Nc2ccc(OCCN3CCOCC3)c3ccccc23)cc1
156,13520,0.0,COC(=O)C1=C(C)NC(C)=C(C(=O)OC)C1c1ccccc1[N+](=O)[O-]
157,11118,0.0,CCc1cc(Cc2cc(CC)c(N)c(CC)c2)cc(CC)c1N
158,26756,0.0,CCCCOCCOP(=O)(OCCOCCCC)OCCOCCCC
159,12407,0.0,CCCCc1oc2ccccc2c1C(=O)c1cc(I)c(OCCN(CC)CC)c(I)c1
160,7264,0.0,CCCCc1oc2ccccc2c1C(=O)c1cc(I)c(OCCN(CC)CC)c(I)c1.Cl
161,7074,0.0,CCOc1ccc(Cc2nccc3cc(OCC)c(OCC)cc23)cc1OCC.Cl
162,26911,0.0,Cl.O=C(CCCN1CCC(O)(c2cccc(C(F)(F)F)c2)CC1)c1ccc(F)cc1
163,9597,0.0,OCC(c1ccc(Cl)cc1)c1ccc(Cl)cc1
164,2350,0.0,CC(C)[C@@]1(NC(=O)[C@@H]2C[C@@H]3c4cccc5[nH]cc(c45)C[C@H]3N(C)C2)O[C@@]2(O)[C@@H]3CCCN3C(=O)[C@H](Cc3ccccc3)N2C1=O
165,3674,0.0,COc1ccccc1NC(=O)c1cc2ccccc2cc1O
166,21085,0.0,N#C/C(=C1/SC[C@@H](c2ccc(Cl)cc2Cl)S1)n1ccnc1
167,6190,0.0,CC(C)C[C@H](NC(=O)[C@H](Cc1ccccc1)NC(=O)c1cnccn1)B(O)O
168,505,0.0,O=C(O)[C@@H](S)[C@H](S)C(=O)O
169,27864,0.0,C[C@@H]1CC[C@H]2[C@@H](C)C(OC(=O)CCC(=O)O)OC3O[C@@]4(C)CC[C@@H]1C32OO4
170,28480,0.0,Cc1cc(SCc2sc(-c3ccc(C(F)(F)F)c(F)c3)nc2C)ccc1OCC(=O)O
171,3155,0.0,O=c1[nH]c2ccccc2n1CCCN1CCN(C(c2ccccc2)c2ccccc2)CC1
172,2942,0.0,COc1cc([C@@H]2c3cc4c(cc3C(O[C@@H]3O[C@@H]5CO[C@@H](C)O[C@H]5[C@H](O)[C@H]3O)C3COC(=O)[C@@H]32)OCO4)cc(OC)c1OP(=O)(O)O
173,27649,0.0,Cc1ccc2nc(-c3ccc(N)cc3)sc2c1S(=O)(=O)O
174,17031,0.0,Cc1ccc2c(Br)cc(Br)c(O)c2n1
175,26598,0.0,C[C@H](CCC(=O)[O-])[C@H]1CC[C@H]2[C@@H]3CC[C@@H]4C[C@H](O)CC[C@]4(C)[C@H]3C[C@H](O)[C@]12C.[Na+]
176,21656,0.0,CC(=O)S[C@@H]1CC2=CC(=O)CC[C@]2(C)[C@H]2CC[C@@]3(C)[C@@H](CC[C@@]34CCC(=O)O4)[C@H]12
177,24379,0.0,CC(C)(C)c1ccc(O)c(C(C)(C)C)c1
178,20291,0.0,CN(Cc1cc(Br)cc(Br)c1N)C1CCCCC1.Cl
179,27497,0.0,CN1C[C@H](C(=O)N[C@]2(C)O[C@@]3(O)[C@@H]4CCCN4C(=O)[C@H](Cc4ccccc4)N3C2=O)C[C@@H]2c3cccc4[nH]cc(c34)C[C@H]21
180,6724,0.0,CN1C(=O)[C@@H](NC(=O)c2cc3ccccc3[nH]2)N=C(c2ccccc2)c2ccccc21
181,6052,0.0,O=C1C(Cl)=C(Cl)C(=O)c2ccccc21
182,20117,0.0,CCC(C)(C)c1ccc(O)c(C(C)(C)CC)c1
183,3372,0.0,O=[N+]([O-])c1ccc2ccc3cccc4ccc1c2c34
184,26301,0.0,CC1=C(/C=C/C(C)=C/C=C/C(C)=C/C(=O)O)C(C)(C)CCC1
185,21252,0.0,Cc1ccc(OP(=O)(Oc2ccc(C)cc2)Oc2ccc(C)cc2)cc1
186,1779,0.0,CC1(c2ccc(Oc3ccccc3)cc2)OC(=O)N(Nc2ccccc2)C1=O
187,29807,0.0,CCCCC(CC)COP(=O)(O)OCC(CC)CCCC
188,14771,0.0,CC(C)(C)NCC(O)c1cc(Cl)c(N)c(Cl)c1
189,4175,0.0,CCCCCCCCn1cc[n+](C)c1.O=S(=O)([N-]S(=O)(=O)C(F)(F)F)C(F)(F)F
190,7514,0.0,C[C@]12CCC(=O)C=C1[C@@H]1C[C@@H]1[C@H]1[C@@H]3[C@@H]4C[C@@H]4[C@@]4(CCC(=O)O4)[C@@]3(C)CC[C@@H]12
191,1892,0.0,Oc1ccc(O)cc1
192,2183,0.0,BrC1CCC(Br)C(Br)CCC(Br)C(Br)CCC1Br
193,24217,0.0,CC1=C(/C=C/C(C)=C/C=C/C(C)=C/C(=O)O)C(C)(C)CCC1
194,20618,0.0,CC1(C)N=C(N)N=C(N)N1c1ccc(Cl)cc1.Cl
195,21973,0.0,COP(=O)(OC)OC(=CCl)c1cc(Cl)c(Cl)cc1Cl
196,14501,0.0,O=C1c2ccccc2C(=O)C1C(=O)C(c1ccccc1)c1ccc(Cl)cc1
197,1449,0.0,CCC(Cc1c(I)cc(I)c(O)c1I)C(=O)O
198,18713,0.0,CC1(C)[C@@H](O)CC[C@]2(C)[C@H]3C(=O)C=C4[C@@H]5C[C@@](C)(C(=O)O)CC[C@]5(C)CC[C@@]4(C)[C@]3(C)CC[C@@H]12
199,963,0.0,O=C([O-])c1ccccc1-c1c2cc(I)c(=O)c(I)c-2oc2c(I)c([O-])c(I)cc12.[Na+].[Na+]
200,11473,0.0,CCOC(=O)c1ccccc1C(=C1C=C(Br)C(=O)C(Br)=C1)c1cc(Br)c(O)c(Br)c1
201,5641,0.0,C#C[C@@]1(O)CC[C@H]2[C@@H]3CCC4=CCCC[C@@H]4[C@H]3CC[C@@]21C
202,27179,0.0,COc1cccc2c1C(=O)c1c(O)c3c(c(O)c1C2=O)C[C@@](O)(C(C)=O)C[C@@H]3O[C@H]1C[C@H](N)[C@H](O)[C@H](C)O1.Cl
203,25379,0.0,Nc1ccc(Nc2ccccc2)cc1
204,27292,0.0,CC1(C)CCC(C)(C)c2cc(C(=O)Nc3ccc(C(=O)O)cc3)ccc21
205,3992,0.0,Cc1cc(=O)oc2cc(O)cc(O)c12
206,15592,0.0,O=P(OCC(Br)CBr)(OCC(Br)CBr)OCC(Br)CBr
207,1140,0.0,CC(C)N(C(=O)CCl)c1ccccc1
208,7638,0.0,C[C@H]1CC[C@@H]2[C@@H](C)[C@H]3[C@H](C[C@H]4[C@@H]5CC=C6CC(O[C@@H]7O[C@H](CO)[C@H](O)[C@H](O[C@@H]8O[C@H](CO)[C@@H](O)[C@H](O)[C@H]8O)[C@H]7O[C@H]7O[C@@H](C)[C@H](O)[C@@H](O)[C@H]7O)CC[C@]6(C)[C@H]5CC[C@]34C)N2C1
209,4775,0.0,CCCCCCCCC(CCCCCC)C(=O)O
210,21800,0.0,CC(C)(c1ccccc1)c1ccc(Nc2ccc(C(C)(C)c3ccccc3)cc2)cc1
211,27820,0.0,CCOP(=O)(OCC)Oc1nc(Cl)c(Cl)cc1Cl
212,28815,0.0,O=C(Nc1ccccc1)c1cc([N+](=O)[O-])ccc1Cl
213,24737,0.0,CCCCCCCCCC(CC)c1ccc(S(=O)(=O)O)cc1
214,12122,0.0,C=CC(OCC)OCC
215,19336,0.0,CC(C=O)Cc1ccc(C(C)(C)C)cc1
216,7207,0.0,CC(C)C(Nc1ccc(C(F)(F)F)cc1Cl)C(=O)OC(C#N)c1cccc(Oc2ccccc2)c1
217,14042,0.0,ClC1=C(Cl)C(Cl)(Cl)C(Cl)=C1Cl
218,114,0.0,O=[N+]([O-])c1cccc2ccccc12
219,1038,0.0,[O-][n+]1ccccc1SSc1cccc[n+]1[O-]
220,3299,0.0,Cl.Cl.OCCN1CCN(CCCN2c3ccccc3C=Cc3ccccc32)CC1
221,378,0.0,CCCCCCCCn1sccc1=O
222,1276,0.0,O=[N+]([O-])c1ccc(O)c2ncccc12
223,25638,0.0,CCC(C)(C)c1ccc(CC(C)CN2C[C@@H](C)O[C@@H](C)C2)cc1
224,4460,0.0,CCC(C)[C@H]1O[C@]2(C=C[C@@H]1C)C[C@@H]1C[C@@H](C/C=C(\C)[C@@H](O[C@H]3C[C@H](OC)[C@@H](O[C@H]4C[C@H](OC)[C@H](NC(C)=O)[C@H](C)O4)[C@H](C)O3)[C@@H](C)/C=C/C=C3\CO[C@@H]4[C@H](O)C(C)=C[C@@H](C(=O)O1)[C@]34O)O2
225,28982,0.0,CCc1ccc2c(c1)N(CC(C)CN(C)C)c1ccccc1S2.Cl
226,4050,0.0,O=C(Nc1ccc(Cl)cc1)Nc1ccc(Cl)c(Cl)c1
227,1374,0.0,CSc1ccc2c(c1)C(N1CCN(C)CC1)Cc1ccccc1S2
228,2421,0.0,COc1ccc(CCN(C)CCCC(C#N)(c2ccc(OC)c(OC)c2)C(C)C)cc1OC
229,3623,0.0,O=C(Nc1ccc(Cl)cc1)Nc1ccc(Cl)c(C(F)(F)F)c1
230,23978,0.0,O=C(Nc1ccc(Br)cc1)c1cc(Br)c(Br)s1
231,4667,0.0,O=C(NOCC1CC1)c1ccc(F)c(F)c1Nc1ccc(I)cc1Cl
232,4309,0.0,CCC(=O)c1ccc2c(c1)N(CCCN1CCN(CCO)CC1)c1ccccc1S2.O=C(O)/C=C\C(=O)O.O=C(O)/C=C\C(=O)O
233,9288,0.0,Cc1ccc2c(Cl)cc(Cl)c(O)c2n1
234,24485,0.0,CCCCCCCCCCCCc1ccccc1O
235,7006,0.0,OCc1cc(C(O)CNCCCCCCOCCCCc2ccccc2)ccc1O
236,5231,0.0,O=C(O)c1ccc2ccccc2c1O.OCc1cc(C(O)CNCCCCCCOCCCCc2ccccc2)ccc1O
237,25518,0.0,[Cl-].[Cl-].[Hg+2]
238,1599,0.0,CC[C@@]1([C@@H]2O[C@@H]([C@H]3O[C@@](O)(CO)[C@H](C)C[C@@H]3C)C[C@@H]2C)CC[C@H]([C@]2(C)CC[C@]3(C[C@H](O)[C@@H](C)[C@@H]([C@@H](C)[C@@H](OC)[C@H](C)C(=O)[O-])O3)O2)O1.[Na+]
239,10955,0.0,CN1C(=O)CN=C(c2ccccc2)c2cc([N+](=O)[O-])ccc21
240,11871,0.0,C=C1/C(=C\C=C2/CCC[C@]3(C)[C@@H]([C@H](C)/C=C/[C@H](C)C(C)C)CC[C@@H]23)C[C@@H](O)C[C@@H]1O
241,852,0.0,C=C1CC[C@H](O)C/C1=C/C=C1\CCC[C@]2(C)[C@@H]([C@H](C)CC[C@@H](O)C(C)(C)O)CC[C@@H]12
242,25234,0.0,c1ccc2c(c1)OCC(C1=NCCN1)O2
243,18897,0.0,C=C[C@@]1(C)CC(=O)[C@]2(O)[C@@]3(C)[C@@H](O)CCC(C)(C)[C@@H]3[C@H](O)[C@H](OC(C)=O)[C@@]2(C)O1
244,2035,0.0,CC(C)COCC(CN(Cc1ccccc1)c1ccccc1)N1CCCC1
245,14266,0.0,CCCCCc1cc(O)c2c(c1)OC(C)(C)[C@@H]1CCC(C)=C[C@@H]21
246,1488,0.0,CCN(CC)C(=S)SSC(=S)N(CC)CC
247,10169,0.0,CC[C@H](OC(C)=O)C(C[C@H](C)NC)(c1ccccc1)c1ccccc1.Cl
248,25908,0.0,CN(CCCl)CCCl.Cl
249,758,0.0,CN(C)CCC=C1c2ccccc2CCc2ccccc21.Cl
250,1712,0.0,CNCCC=C1c2ccccc2CCc2ccccc21.Cl
251,28708,0.0,COc1ccc(-c2nc3cc(C4=NNC(=O)CC4C)ccc3[nH]2)cc1.Cl
252,20681,0.0,CN(C)CCCN1c2ccccc2Sc2ccc(C(F)(F)F)cc21.Cl
253,2751,0.0,CCC1OC(=O)C[C@@H](O)[C@H](C)[C@@H](O[C@@H]2O[C@H](C)C[C@H](N(C)C)[C@H]2O)[C@@H](CC=O)C[C@@H](C)C(=O)/C=C/[C@]2(C)OC2C1C
254,9162,0.0,OCCN1CCN(CC/C=C2/c3ccccc3Sc3ccc(C(F)(F)F)cc32)CC1
255,13198,0.0,COc1cc2ncnc(Nc3ccc(F)c(Cl)c3)c2cc1OCCCN1CCOCC1
256,26357,0.0,Nc1ccc(O)cc1
257,6249,0.0,O=C(O)C1(c2ccc3c(c2)OC[C@H](Cc2ccc(-c4ccccc4)cc2)[C@H]3O)CCCC1
258,19,0.0,C[C@H]1O[C@@H](O[C@H]2[C@@H](O)C[C@H](O[C@H]3[C@@H](O)C[C@H](O[C@H]4CC[C@@]5(C)[C@H](CC[C@@H]6[C@@H]5CC[C@]5(C)[C@@H](C7=CC(=O)OC7)CC[C@]65O)C4)O[C@@H]3C)O[C@@H]2C)C[C@H](O)[C@@H]1O
259,5419,0.0,Nc1ncnc2c1ncn2[C@@H]1O[C@H](COP(=O)(O)OP(=O)(O)OP(=O)(O)O)[C@@H](O)[C@H]1O
260,26206,0.0,Cc1ccc(O)c2ncccc12
261,24940,0.0,CCCCCCCCCOC(=O)c1ccc(O)cc1
262,8300,0.0,Oc1ccc(Cl)cc1Cc1cc(Cl)ccc1O
263,27769,0.0,COCCCOc1ccnc(CS(=O)c2nc3ccccc3[n-]2)c1C.[Na+]
264,29086,0.0,CC(=O)O[C@]1(C(C)=O)CC[C@H]2[C@@H]3C=C(Cl)C4=CC(=O)CC[C@]4(C)[C@H]3CC[C@@]21C
265,4816,0.0,CC(=O)[C@]1(O)Cc2c(O)c3c(c(O)c2[C@@H](O[C@H]2C[C@H](N)[C@H](O)[C@H](C)O2)C1)C(=O)c1c(O)cccc1C3=O
266,616,0.0,CC(=O)[C@]1(O)Cc2c(O)c3c(c(O)c2[C@@H](O[C@H]2C[C@H](N)[C@H](O)[C@H](C)O2)C1)C(=O)c1c(O)cccc1C3=O
267,20368,0.0,CO[C@H]1/C=C/O[C@@]2(C)Oc3c(C)c(O)c4c(O)c(c(/C=N/N5CCN(C6CCCC6)CC5)c(O)c4c3C2=O)NC(=O)/C(C)=C\C=C\[C@H](C)[C@H](O)[C@@H](C)[C@@H](O)[C@@H](C)[C@H](OC(C)=O)[C@@H]1C
268,24577,0.0,CC(=O)Oc1cc(C)c(OC(C)=O)c2ccccc12
269,24837,0.0,CC(=O)OCC(=O)[C@@]1(O)[C@H](C)C[C@H]2[C@@H]3CCC4=CC(=O)C=C[C@]4(C)[C@@]3(F)[C@@H](O)C[C@@]21C
270,28607,0.0,CC(C)(C)CC(=O)OCC(=O)[C@@]12OC(C)(C)O[C@@H]1C[C@H]1[C@@H]3CCC4=CC(=O)C=C[C@]4(C)[C@@]3(F)[C@@H](O)C[C@@]12C
271,12559,0.0,C=C[C@]1(C)C[C@@H](OC(=O)CSC(C)(C)CNC(=O)[C@H](N)C(C)C)[C@]2(C)[C@H](C)CC[C@]3(CCC(=O)[C@H]32)[C@@H](C)[C@@H]1O
272,7818,0.0,C=C(NC(=O)C(=C)NC(=O)c1csc(C2=NC3c4csc(n4)C4NC(=O)c5csc(n5)C(C(C)(O)C(C)O)NC(=O)C5CSC(=N5)/C(=C\C)NC(=O)C(C(C)O)NC(=O)c5csc(n5)C3(CC2)NC(=O)C(C)NC(=O)C(=C)NC(=O)C(C)NC(=O)C(C(C)CC)NC2C=Cc3c(C(C)O)cc(nc3C2O)C(=O)OC4C)n1)C(N)=O
273,8039,0.0,COC(=O)C1=C(C#N)NC(C)=C(C(=O)OC(C)C)C1c1cccc([N+](=O)[O-])c1
274,6902,0.0,CCC(=O)OCC(=O)[C@@]1(OC(=O)CC)[C@@H](C)C[C@H]2[C@@H]3CCC4=CC(=O)C=C[C@]4(C)[C@@]3(Cl)[C@@H](O)C[C@@]21C
275,27431,0.0,CCN(CC)CCC(=O)N1c2ccccc2Sc2ccc(C(F)(F)F)cc21
276,21334,0.0,CCN(CC)CCNc1ccc(CO)c2sc3ccccc3c(=O)c12
277,2629,0.0,CC(=O)[C@]1(O)Cc2c(O)c3c(c(O)c2[C@@H](O[C@H]2C[C@H](N)[C@H](O)[C@H](C)O2)C1)C(=O)c1ccccc1C3=O.Cl
278,4928,0.0,CCCCc1oc2ccccc2c1C(=O)c1cc(I)c(OCCN(CC)CC)c(I)c1.Cl
279,6784,0.0,CC1(C)O[C@@H]2C[C@H]3[C@@H]4CCC5=CC(=O)CC[C@]5(C)[C@@]4(F)[C@@H](O)C[C@]3(C)[C@]2(C(=O)CCl)O1
280,278,0.0,CN(C)c1ccc(N=O)cc1
281,7312,0.0,CN(C)CCCN1c2ccccc2CCc2ccccc21
282,28271,0.0,CN(C)CCOC(c1ccccc1)c1ccccc1
283,16105,0.0,CN(C)CCOC1=Cc2ccccc2Sc2ccc(Cl)cc21
284,28528,0.0,CN1CCN(CCC=C2c3ccccc3Sc3ccc(S(=O)(=O)N(C)C)cc32)CC1
285,3535,0.0,CC(C)[C@@]1(NC(=O)[C@@H]2C[C@@H]3c4cccc5[nH]cc(c45)C[C@H]3N(C)C2)O[C@@]2(O)[C@@H]3CCCN3C(=O)[C@H](Cc3ccccc3)N2C1=O
286,20972,0.0,CN1CCN(C2=Nc3ccccc3Sc3ccc(Cl)cc32)CC1
287,3475,0.0,COC(=O)[C@H]1[C@H]2C[C@@H]3c4[nH]c5cc(OC)ccc5c4CCN3C[C@H]2C[C@@H](OC(=O)c2cc(OC)c(OC)c(OC)c2)[C@@H]1OC
288,27342,0.0,N#Cc1nn(-c2c(Cl)cc(C(F)(F)F)cc2Cl)c(N)c1S(=O)C(F)(F)F
289,12764,0.0,O=C(CCCN1CCC(n2c(=S)[nH]c3ccccc32)CC1)c1ccc(F)cc1
290,5348,0.0,CN[C@H]1CC[C@@H](c2ccc(Cl)c(Cl)c2)c2ccc(S(N)(=O)=O)cc21
291,3090,0.0,CCCCCCCC/C=C\CCCCCCCC(=O)N(C)CC(=O)O
292,14682,0.0,CCCCNC(=O)OCC#CI
293,6692,0.0,O=C(O)c1ccccc1O.Oc1cccc2cccnc12
294,16668,0.0,C[C@]12C=CC(=O)C=C1CC[C@@H]1[C@@H]2[C@@H](O)C[C@@]2(C)[C@H]1CC[C@]2(O)C(=O)COC(=O)CCC(=O)O
295,22147,0.0,C=CC(=O)OCC(C)OCC(C)OCC(C)OC(=O)C=C
296,10699,0.0,COC(=O)Nc1nc2cc(Sc3ccccc3)ccc2[nH]1
297,21528,0.0,C=CC(=O)OCCOCCOCCOCCOC(=O)C=C
298,21703,0.0,O1[As]2O[As]3O[As]1O[As](O2)O3
299,10419,0.0,O=C(Nc1ccc(Br)cc1)c1cc(Br)cc(Br)c1O
300,14855,0.0,C[C@]12C=CC(=O)C=C1CC[C@@H]1[C@@H]2[C@@H](O)C[C@@]2(C)[C@H]1CC[C@]2(O)C(=O)CO
301,26471,0.0,CC1(C)O[C@@H]2C[C@H]3[C@@H]4C[C@H](F)C5=CC(=O)C=C[C@]5(C)[C@H]4[C@@H](O)C[C@]3(C)[C@]2(C(=O)CO)O1
302,26987,0.0,CC1(C)O[C@@H]2C[C@H]3[C@@H]4C[C@H](F)C5=CC(=O)CC[C@]5(C)[C@H]4[C@@H](O)C[C@]3(C)[C@]2(C(=O)CO)O1
303,22224,1.0,O=C([O-])c1c(Cl)c(Cl)c(Cl)c(Cl)c1-c1c2cc(I)c(=O)c(I)c-2oc2c(I)c([O-])c(I)cc12.[Na+].[Na+]
304,27381,1.0,[Na+].[Na+].[O-]c1c(Cl)cc(Cl)cc1Sc1cc(Cl)cc(Cl)c1[O-]
305,2933,1.0,CN(C)c1ccc(C(=C2C=CC(=[N+](C)C)C=C2)c2c(O)c(S(=O)(=O)[O-])cc3cc(S(=O)(=O)[O-])ccc23)cc1.[Na+]
306,20579,1.0,CCCCC(CC)COC(=O)CC(C(=O)OCC(CC)CCCC)S(=O)(=O)[O-].[Na+]
307,278,1.0,O=[N+]([O-])C=Cc1ccccc1
308,23765,1.0,CCCCN(CCCC)C(=S)[S-].CCCCN(CCCC)C(=S)[S-].[Zn+2]
309,26308,1.0,Oc1c(Br)c(Br)c(Br)c(Br)c1Br
310,811,1.0,C=CC(=O)OCCn1c(=O)n(CCOC(=O)C=C)c(=O)n(CCOC(=O)C=C)c1=O
311,17577,1.0,c1ccc2c(c1)c1cccc3ccc4cccc2c4c31
312,25807,1.0,CC(=O)[C@H]1CC[C@H]2[C@@H]3CCC4=CC(=O)CC[C@]4(C)[C@H]3CC[C@]12C
313,6314,1.0,C#C[C@]1(OC(C)=O)CC[C@H]2[C@@H]3CCC4=CC(=O)CC[C@@H]4[C@H]3CC[C@@]21C
314,16515,1.0,CC(=O)Oc1ccc(C2(c3ccc(OC(C)=O)cc3)C(=O)Nc3ccccc32)cc1
315,26889,1.0,CCOc1cc(C(C)(C)C)ccc1C1COC(c2c(F)cccc2F)=N1
316,5540,1.0,CC(C)c1nc(CN(C)C(=O)N[C@H](C(=O)N[C@@H](Cc2ccccc2)C[C@H](O)[C@H](Cc2ccccc2)NC(=O)OCc2cncs2)C(C)C)cs1
317,5258,1.0,COc1cc(NCCCC(C)N)c2ncccc2c1
318,24525,1.0,CCOC(=O)O[C@]1(C(=O)COC(=O)CC)CC[C@H]2[C@@H]3CCC4=CC(=O)C=C[C@]4(C)[C@H]3[C@@H](O)C[C@@]21C
319,23909,1.0,CCc1cc(Cl)c(OC)c(C(=O)NC[C@@H]2CCCN2CC)c1O.Cl
320,26922,1.0,Cl.OCCOCCN1CCN(C(c2ccccc2)c2ccc(Cl)cc2)CC1
321,26658,1.0,CN(C)CCC=C1c2ccccc2CCc2ccccc21.Cl
322,10777,1.0,COc1cccc(-c2ccc(/C=C\CN3CCCCCC3)cc2Cl)c1.Cl
323,1409,1.0,Cc1ncc2n1-c1ccc(Cl)cc1C(c1ccccc1F)=NC2.Cl
324,26788,1.0,Cl.O.c1cnc2c(c1)ccc1cccnc12
325,2934,1.0,Clc1ccc(C(c2ccc(Cl)cc2)C(Cl)(Cl)Cl)cc1
326,5258,1.0,C=C1C(C)(C)[C@@]2(Cl)C(Cl)[C@]1(Cl)C(Cl)(Cl)C2(Cl)Cl
327,5258,1.0,CCOC(=O)N1CCC(=C2c3ccc(Cl)cc3CCc3cccnc32)CC1
328,6314,1.0,CCC(=O)O[C@]1(C(=O)CCl)[C@@H](C)C[C@H]2[C@@H]3C[C@H](F)C4=CC(=O)C=C[C@]4(C)[C@@]3(F)[C@@H](O)C[C@@]21C
329,1217,1.0,CC#C[C@]1(O)CC[C@H]2[C@@H]3CCC4=CC(=O)CCC4=C3[C@@H](c3ccc(N(C)C)cc3)C[C@@]21C
330,10636,1.0,CN1CCCC(CN2c3ccccc3Sc3ccccc32)C1
331,1150,1.0,CN1CCN(C2=Nc3cc(Cl)ccc3Nc3ccccc32)CC1
332,14186,1.0,CC[C@H](C)[C@H]1O[C@]2(C=C[C@@H]1C)C[C@@H]1C[C@@H](C/C=C(\C)[C@@H](O[C@H]3C[C@H](OC)[C@@H](O[C@H]4C[C@H](OC)[C@@H](O)[C@H](C)O4)[C@H](C)O3)[C@@H](C)/C=C/C=C3\CO[C@@H]4[C@H](O)C(C)=C[C@@H](C(=O)O1)[C@]34O)O2
333,26465,1.0,COc1ccc(-c2cc(=S)ss2)cc1
334,1478,1.0,CS(=O)(=O)O.N[C@@H]1[C@H]2CN(c3nc4c(cc3F)c(=O)c(C(=O)O)cn4-c3ccc(F)cc3F)C[C@@H]12
335,13382,1.0,CC(O)C(=O)O.CCOc1ccc2nc3cc(N)ccc3c(N)c2c1.O
336,21897,1.0,CC(C)(C)NCC(O)COc1ccc(NC(=O)NC2CCCCC2)cc1
337,28924,1.0,O=C(O)CC(O)(CC(=O)O)C(=O)O.Oc1cccc2cccnc12
338,811,1.0,CCOC(=O)c1cc(-c2ccccc2)nc2ccc(C)cc12
339,1322,1.0,CCCCC(O)(Cn1cncn1)c1ccc(Cl)cc1Cl
340,2933,1.0,O=C(OCc1ccccc1)c1ccc(O)cc1
341,274,1.0,Oc1ccc(C(c2ccc(O)cc2)(C(F)(F)F)C(F)(F)F)cc1
342,2742,1.0,CN(C)c1ccc(C(=C2C=CC(=[N+](C)C)C=C2)c2ccc(N(C)C)cc2)cc1.[Cl-]
343,2742,1.0,CN(C)c1ccc2nc3ccc(N(C)C)cc3[s+]c2c1.[Cl-]
344,2901,1.0,O=C1C(I)=CC(=C(c2cc(I)c([O-])c(I)c2)c2ccccc2C(=O)[O-])C=C1I.[Na+].[Na+]
345,28656,1.0,CN(C)C(=S)[S-].[Na+]
346,3128,1.0,Br.NC(=O)C(c1ccccc1)(c1ccccc1)[C@@H]1CCN(CCc2ccc3c(c2)CCO3)C1
347,27775,1.0,C#C[C@]1(O)CC[C@H]2[C@@H]3CCC4=Cc5oncc5C[C@]4(C)[C@H]3CC[C@@]21C
348,5138,1.0,CC1=C(/C=C/C(C)=C/C=C/C(C)=C\C=O)C(C)(C)CCC1
349,28890,1.0,Cc1ccc(O)c(-n2nc3ccccc3n2)c1
350,8015,1.0,CC1=C[C@H](O)CC(C)(C)[C@H]1/C=C/C(C)=C/C=C/C(C)=C/C=C/C=C(C)/C=C/C=C(C)/C=C/C1=C(C)C[C@@H](O)CC1(C)C
351,20672,1.0,Cc1ccccc1CNc1ncnc2c1ncn2[C@@H]1O[C@H](CO)[C@@H](O)[C@H]1O
352,6107,1.0,CCCNCC(O)COc1ccccc1C(=O)CCc1ccccc1
353,103,1.0,CCOc1ccc([N+](=O)[O-])cc1
354,1184,1.0,CCc1c2c(nc3ccc(OC(=O)N4CCC(N5CCCCC5)CC4)cc13)-c1cc3c(c(=O)n1C2)COC(=O)[C@]3(O)CC.Cl
355,2959,1.0,Cc1[nH]cnc1C[C@H]1CCc2c(C)c3ccccc3n2C1=O.Cl
356,28130,1.0,CC(CN1c2ccccc2Sc2cccnc21)N(C)C.Cl
357,24936,1.0,CN(C)CCCN1c2ccccc2CCc2ccc(Cl)cc21.Cl
358,3764,1.0,CN1CCCN(C(c2ccccc2)c2ccc(Cl)cc2)CC1
359,2370,1.0,O=C1CN=C(c2ccccc2)c2cc(Cl)ccc2N1CC1CC1
360,1071,1.0,CNc1ccc(O)cc1.CNc1ccc(O)cc1.O=S(=O)(O)O
361,25502,1.0,C=C[C@H]1CN2CCC1C[C@@H]2[C@@H](O)c1ccnc2ccc(OC)cc12
362,26636,1.0,COc1ccc(C=CC(=O)OCCC(C)C)cc1
363,25701,1.0,CCCCCCCCCCn1cc[n+](C)c1.O=S(=O)([N-]S(=O)(=O)C(F)(F)F)C(F)(F)F
364,26274,1.0,O=S1(=O)c2cccc3cccc(c23)N1CCCN1CCN(c2ccc(F)cc2)CC1
365,653,1.0,CCOC(=O)c1ccc(N)cc1
366,2880,1.0,CC(C)COC(=O)c1ccc(N)cc1
367,23765,1.0,Nc1ncnc2[nH]cnc12
368,4238,1.0,Cc1cc(=O)oc2cc(O)ccc12.O
369,653,1.0,CC1(C)[C@@H](O)CC[C@]2(C)[C@H]3C(=O)C=C4[C@@H]5C[C@@](C)(C(=O)O)CC[C@]5(C)CC[C@@]4(C)[C@]3(C)CC[C@@H]12
370,2370,1.0,CC1CCC(C(C)C)C(OC(=O)c2ccccc2N)C1
371,3706,1.0,CC1=C(C)C(=O)C(CCCCC#CCCCC#CCO)=C(C)C1=O
372,202,1.0,C[C@@H]1O[C@@H](O[C@H]2C[C@@H](O)[C@]3(CO)[C@H]4[C@H](O)C[C@]5(C)[C@@H](C6=CC(=O)OC6)CC[C@]5(O)[C@@H]4CC[C@]3(O)C2)[C@H](O)[C@H](O)[C@H]1O
373,14186,1.0,CC1=CC(=O)c2ccccc2C1=O
374,1907,1.0,O=C1C(=O)c2ncccc2-c2cccnc21
375,1680,1.0,CC(C)Oc1cc(-n2nc(C(C)(C)C)oc2=O)c(Cl)cc1Cl
376,12514,1.0,CCCN(CCC)c1c([N+](=O)[O-])cc(S(N)(=O)=O)cc1[N+](=O)[O-]
377,27429,1.0,Oc1c(I)cc(Cl)c2cccnc12
378,5540,1.0,CCCCCCc1ccc(O)cc1O
379,2883,1.0,Cc1cc(=O)oc2cc(O)ccc12
380,25646,1.0,Nc1ccc(C(=O)Oc2ccccc2)c(O)c1
381,26497,1.0,O=C(Nc1ccccc1)c1cc(Cl)ccc1O
382,28590,1.0,CN(C)c1ccc(C(=C2C=CC(=[N+](C)C)C=C2)c2ccc(N(C)C)cc2)cc1.[Cl-]
383,26307,1.0,CC[N+](CC)(CC)CCOc1ccc(/C=C/c2ccccc2)cc1.[I-]
384,294,1.0,Cc1[nH]nc2c1N=C(c1ccccc1Cl)c1cc([N+](=O)[O-])ccc1N2
385,26722,1.0,CC(C)C[C@H]1C(=O)N2CCC[C@H]2[C@]2(O)O[C@](NC(=O)[C@@H]3C=C4c5cccc6[nH]c(Br)c(c56)C[C@H]4N(C)C3)(C(C)C)C(=O)N12
386,25535,1.0,c1ccc2c(c1)Sc1ccccc1N2CCN1CCCC1
387,2671,1.0,CC(=O)O[C@]1(C(C)=O)CC[C@H]2[C@@H]3C=C(Cl)C4=CC(=O)[C@@H]5C[C@@H]5[C@]4(C)[C@H]3CC[C@@]21C
388,27821,1.0,CC(=O)[C@H]1CC[C@H]2[C@@H]3CCC4=CC(=O)CC[C@]4(C)[C@H]3CC[C@]12C
389,26192,1.0,CCc1cc(C(C)(C)C)c(O)c(C(C)(C)C)c1
390,12751,1.0,CC(C)(C)CC(C)(C)c1ccc(OCCO)cc1
391,20742,1.0,Cc1ccc2nc(N)[nH]c(=O)c2c1Sc1ccncc1.Cl.Cl
392,26067,1.0,CN(C)CCC=C1c2ccccc2C(C)(C)c2ccccc21.Cl
393,2796,1.0,COc1ccc(Cc2nccc3cc(OC)c(OC)cc23)cc1OC.Cl
394,25371,1.0,Clc1ccc(Nc2nnc(Cc3ccncc3)c3ccccc23)cc1
395,25867,1.0,CN1C(=O)C(O)N=C(c2ccccc2)c2cc(Cl)ccc21
396,26754,1.0,ClC1=C(Cl)C2(Cl)C(CBr)CC1(Cl)C2(Cl)Cl
397,3001,1.0,CN(C)C(=S)SC(=S)N(C)C
398,276,1.0,COc1cc(-c2ccc(=O)[nH]n2)ccc1OC(F)F
399,2898,1.0,O=C1C(I)=CC(=C(c2cc(I)c(O)c(I)c2)c2ccccc2C(=O)O)C=C1I
400,28911,1.0,N=C(Nc1ccccc1)Nc1ccccc1
401,2364,1.0,OC[C@H]1OC(S[Au])[C@H](O)[C@@H](O)[C@@H]1O
402,28899,1.0,COc1ccc(C(=O)c2ccccc2)c(O)c1
403,27820,1.0,CC(C)OC(=O)C(C)(C)Oc1ccc(C(=O)c2ccc(Cl)cc2)cc1
404,24658,1.0,O=C(O)/C=C/C(=O)O.c1ccc(C(O[C@H]2CCCN(CCc3ccc4c(c3)OCO4)C2)c2ccccc2)cc1
405,26425,1.0,N[C@@H](Cc1cc(I)c(Oc2ccc(O)c(I)c2)c(I)c1)C(=O)O
406,7950,1.0,C#CCC(Cc1cnc2nc(N)nc(N)c2n1)c1ccc(C(=O)N[C@@H](CCC(=O)O)C(=O)O)cc1
407,13664,1.0,Oc1c(I)cc(Cl)c2cccnc12
408,573,1.0,COc1cc(O)cc(O)c1
409,2370,1.0,CCCCCCCOC(=O)c1ccc(O)cc1
410,274,1.0,O=C1OC(c2ccc(O)cc2)(c2ccc(O)cc2)c2ccccc21
411,26410,1.0,O=S(=O)(O)c1ccc(O)cc1
412,2673,1.0,CNC(=O)[C@H](Cc1c[nH]c2ccccc12)NC(=O)[C@@H](CC(=O)NO)CC(C)C
413,3907,1.0,CC(C)(c1cc(Br)c(O)c(Br)c1)c1cc(Br)c(O)c(Br)c1
414,6097,1.0,O=C1OC2(c3cc(Br)c(O)c(Br)c3Oc3c2cc(Br)c(O)c3Br)c2c(Cl)c(Cl)c(Cl)c(Cl)c21
415,2999,1.0,C=C(C)[C@H]1Cc2c(ccc3c2O[C@@H]2COc4cc(OC)c(OC)cc4[C@@H]2C3=O)O1
416,366,1.0,CC(=O)N1CCN(c2ccc(OC[C@H]3CO[C@](Cn4ccnc4)(c4ccc(Cl)cc4Cl)O3)cc2)CC1
417,5050,1.0,COC(=O)N[C@H](C(=O)N[C@@H](Cc1ccccc1)[C@@H](O)CN(Cc1ccc(-c2ccccn2)cc1)NC(=O)[C@@H](NC(=O)OC)C(C)(C)C)C(C)(C)C
418,24995,1.0,CCOC(=O)C1=C(C)NC(C)=C(C(=O)OC)C1c1cccc([N+](=O)[O-])c1
419,6796,1.0,Cc1cn([C@H]2C[C@H](O)[C@@H](CO)O2)c(=O)[nH]c1=O
420,28524,1.0,Cc1ccc(N(CC2=NCCN2)c2cccc(O)c2)cc1
421,12647,1.0,CCc1cc(Cl)c(OC)c(C(=O)NC[C@@H]2CCCN2CC)c1O.Cl
422,2329,1.0,COc1cc2c(cc1OC)C(C(C(=O)N(CCc1ccc(OC)c(OC)c1OC)CCc1ccc(OC)c(OC)c1OC)c1ccccc1)=NCC2.Cl
423,22390,1.0,CC[C@@H](O)C(C[C@@H](C)N(C)C)(c1ccccc1)c1ccccc1.Cl
424,3303,1.0,COc1cc(N)c(Cl)cc1C(=O)NC1CCN(CCCOc2ccc(F)cc2)CC1OC
425,5401,1.0,C[C@]12CC[C@H]3[C@@H](CC[C@@]45O[C@@H]4C(O)=C(C#N)C[C@]35C)[C@@H]1CC[C@@H]2O
426,3422,1.0,CCCCN(CCCC)c1ccc(C(=O)c2ccccc2C(=O)O)c(O)c1
427,28645,1.0,O=C(Nc1ccc(Cl)c(Cl)c1)C1CC1
428,28931,1.0,CN(c1nccc(=O)[nH]1)C1CCN(c2nc3ccccc3n2Cc2ccc(F)cc2)CC1
429,26806,1.0,CC1(C)[C@H](C(=O)O)N2C(=O)C[C@H]2S1(=O)=O
430,25367,1.0,C[C@H]1CCC[C@H](O)CCCCCc2cc(O)cc(O)c2C(=O)O1
431,26067,1.0,CCCCCCc1ccc(O)cc1O
432,2904,1.0,C[N+]1(C)[C@@H]2CC(OC(=O)C(O)(c3cccs3)c3cccs3)C[C@H]1[C@@H]1O[C@@H]12.[Br-]
433,26647,1.0,O=C([N-]S(=O)(=O)/C=C/c1ccccc1)c1ccc(F)cc1Cl.[Na+]
434,20712,1.0,BrC1CCC(Br)C(Br)CCC(Br)C(Br)CCC1Br
435,16508,1.0,c1ccc([Hg]c2ccccc2)cc1
436,28691,1.0,CCCOc1cc(N)ccc1C(=O)OCCN(CC)CC.Cl
437,27435,1.0,Cl.Cl.NCCNc1cccc2ccccc12
438,2901,1.0,Cl.O=C(COc1ccc(Cl)cc1)N1CCN(Cc2ccc3c(c2)OCO3)CC1
439,3502,1.0,Cl.N[C@@H](Cc1cnc[nH]1)C(=O)O
440,28612,1.0,CCCC(=O)N1CCCN(c2nc(N)c3cc(OC)c(OC)cc3n2)CC1.Cl
441,27347,1.0,COC(=O)c1cc(Oc2ccc(Cl)cc2Cl)ccc1[N+](=O)[O-]
442,26460,1.0,COc1ccc(C(=O)Nc2nc3ccccc3c(NCc3ccccc3)c2C#N)cc1
443,4523,1.0,CC(C)c1c(C(=O)Nc2ccccc2)c(-c2ccccc2)c(-c2ccc(F)cc2)n1CC[C@@H](O)C[C@@H](O)CC(=O)O
444,25365,1.0,C#CCC1=C(C)[C@H](OC(=O)[C@H]2[C@H](C=C(C)C)C2(C)C)CC1=O
445,714,1.0,C=CCC1=C(C)C(OC(=O)C2C(C=C(C)C)C2(C)C)CC1=O
446,3061,1.0,CC(C)Oc1cc(-n2nc(C(C)(C)C)oc2=O)c(Cl)cc1Cl
447,3300,1.0,CCCCC1C(=O)N(c2ccccc2)N(c2ccccc2)C1=O
448,25633,1.0,O=C1OC2(c3cc(Br)c(O)c(Br)c3Oc3c2cc(Br)c(O)c3Br)c2c(Cl)c(Cl)c(Cl)c(Cl)c21
449,25254,1.0,CCCCCC[C@@H](O)C/C=C\CCCCCCCC(=O)O
450,25647,1.0,CCN(CC)c1c([N+](=O)[O-])cc(C(F)(F)F)c(N)c1[N+](=O)[O-]
451,5527,1.0,CC(C)C(=O)Nc1ccc([N+](=O)[O-])c(C(F)(F)F)c1
452,25306,1.0,CCCCCCCCCCCCCCC(Br)C(=O)O
453,26773,1.0,CCCCCCCCOc1ccc(C(=O)O)cc1
454,26480,1.0,CCC[C@@H]1O[C@@H]2C[C@H]3[C@@H]4CCC5=CC(=O)C=C[C@]5(C)[C@H]4[C@@H](O)C[C@]3(C)[C@]2(C(=O)CO)O1
455,6107,1.0,CC(C)=CC1C(C(=O)OCN2C(=O)C3=C(CCCC3)C2=O)C1(C)C
456,26478,1.0,COP(=O)(OC)O/C(=C\Cl)c1cc(Cl)c(Cl)cc1Cl
457,28638,1.0,CCOP(=O)(OCC)OC(=CCl)c1ccc(Cl)cc1Cl
458,25642,1.0,ClC1=C(Cl)[C@]2(Cl)[C@@H]3[C@H]4C=CC(C4)[C@@H]3C1(Cl)C2(Cl)Cl
459,26677,1.0,C[C@@H]1C[C@@H]([C@H](O)CC2CC(=O)NC(=O)C2)C(=O)[C@@H](C)C1
460,13512,1.0,CC(Cc1ccc(O)c(O)c1)C(C)Cc1ccc(O)c(O)c1
461,614,1.0,N[C@@H](Cc1cc(I)c(Oc2ccc(O)c(I)c2)c(I)c1)C(=O)[O-].[Na+]
462,3000,1.0,Cc1c([N+](=O)[O-])cc2c(c1[N+](=O)[O-])C(C)(C)CC2(C)C
463,3004,1.0,C/C=C(C)/C=C/C=C(C)C
464,3352,1.0,CC(=O)S[C@@H]1CC2=CC(=O)CC[C@]2(C)[C@H]2CC[C@@]3(C)[C@@H](CC[C@@]34CCC(=O)O4)[C@H]12
465,2998,1.0,ClC1=C(Cl)C(Cl)(Cl)C(Cl)=C1Cl
466,3794,1.0,CC(C)[C@@H](Nc1ccc(C(F)(F)F)cc1Cl)C(=O)OC(C#N)c1cccc(Oc2ccccc2)c1
467,3276,1.0,N#CCC#N
468,28789,1.0,CCCCC(CC)COC(=O)/C=C\C(=O)OCC(CC)CCCC
469,3350,1.0,Oc1ccc(C(=C(Cl)Cl)c2ccc(O)cc2)cc1
470,3350,1.0,CCCCCCCCCCCCCOP(=O)(O)O
471,16496,1.0,CCCCCCCCCC(CC)c1ccc(S(=O)(=O)O)cc1
472,1084,1.0,CC1(C)[C@H](C(=O)O[C@H](C#N)c2cccc(Oc3ccccc3)c2)[C@@H]1C=C(Br)Br
473,2999,1.0,CC(C)(C)C(=O)C1C(=O)c2ccccc2C1=O
474,5401,1.0,Clc1ccc2c(c1)C(N1CCNCC1)=Nc1ccccc1O2
475,139,1.0,O=C(CCl)c1ccc(Cl)cc1Cl
476,25442,1.0,CC=Cc1ccc(O)c(OC)c1
477,28738,1.0,O=C(c1cc(O)c(O)c(O)c1)c1ccc(O)c(O)c1O
478,4834,1.0,OCCN1CCNCC1
479,3094,1.0,O=NN([O-])c1ccccc1.[NH4+]
480,25930,1.0,CCCCC(CC)COC(=O)C=Cc1ccc(OC)cc1
481,29127,1.0,CCCCCCCCCCCCCCn1cc[n+](C)c1.F[P-](F)(F)(F)(F)F
482,2999,1.0,O=C(c1ccccc1)c1ccc(O)c(O)c1O
483,26036,1.0,CCCC[P+](C)(CCCC)CCCC.COS(=O)(=O)[O-]
484,27325,1.0,CN(C)C(=O)C(CCN1CCC(O)(c2ccc(Cl)cc2)CC1)(c1ccccc1)c1ccccc1
485,25965,1.0,CC[C@@H](C(=O)[C@@H](C)[C@@H](O)[C@H](C)[C@@H]1O[C@@H]([C@@H](CC)C(=O)[O-])CC[C@@H]1C)[C@H]1O[C@]2(C=C[C@@H](O)[C@]3(CC[C@@](C)([C@H]4CC[C@](O)(CC)[C@H](C)O4)O3)O2)[C@H](C)C[C@@H]1C.[Na+]
486,24454,1.0,CO[C@@H]1[C@@H](OC)[C@H](C)[C@@](O)(CC(=O)[O-])O[C@H]1[C@H](C)[C@H]1O[C@@]2(CC[C@@](C)([C@H]3CC[C@@](C)([C@@H]4O[C@@H]([C@H]5O[C@](C)(O)[C@H](C)C[C@@H]5C)C[C@@H]4OC4C[C@H](OC)[C@@H](OC)[C@H](C)O4)O3)O2)C[C@H](O)[C@H]1C.[NH4+]
487,20672,1.0,Cc1cc(/C=C/c2ccc3cc(N(C)C)ccc3[n+]2C)c(C)n1-c1ccccc1.Cc1cc(/C=C/c2ccc3cc(N(C)C)ccc3[n+]2C)c(C)n1-c1ccccc1.O=C([O-])c1cc2ccccc2c(Cc2c(O)c(C(=O)[O-])cc3ccccc23)c1O
488,4523,1.0,Br.C[C@@H]1[C@@H]2Cc3ccc(O)cc3[C@@]1(C)CCN2CCc1ccccc1
489,27477,1.0,COC(=O)C1=C(C)NC(C)=C(C(=O)OCC(C)=O)C1c1ccccc1[N+](=O)[O-]
490,26323,1.0,CC(C)(C)[C@]1(O)CCN2C[C@H]3c4ccccc4CCc4cccc(c43)[C@@H]2C1.Cl
491,3907,1.0,CCC(=O)c1ccc2c(c1)N(CCCN(C)C)c1ccccc1S2.Cl
492,1292,1.0,Cl.F/C(COc1ccc2c(c1)[nH]c1ccccc12)=C1/CN2CCC1CC2
493,894,1.0,CC(Cc1cccc(C(F)(F)F)c1)NCCOC(=O)c1ccccc1.Cl
494,4866,1.0,Cl.Nc1ccc(N=Nc2ccccc2)c(N)n1
495,202,1.0,O=C(CCl)C(Cl)Cl
496,10636,1.0,Fc1ccc(C(c2ccc(F)cc2)N2CCN(C/C=C/c3ccccc3)CC2)cc1
497,5342,1.0,O=Cc1ccccc1C=O
498,13664,1.0,OC[C@H]1O[C@@H](n2cnc3c(S)ncnc32)[C@H](O)[C@@H]1O
499,1267,1.0,Cc1cc(N)c2ccccc2[n+]1CCCCCCCCCC[n+]1c(C)cc(N)c2ccccc21.[Cl-].[Cl-]
500,1834,1.0,C[C@@H]1C[C@H]2[C@@H]3CCC4=CC(=O)C=C[C@]4(C)[C@@]3(F)[C@@H](O)C[C@]2(C)[C@@]1(O)C(=O)COP(=O)([O-])[O-].[Na+].[Na+]
501,25460,1.0,CC[Hg]Sc1ccccc1C(=O)[O-].[Na+]
502,24779,1.0,O=[N+]([O-])c1ccc(Nc2ccccc2)cc1
503,3037,1.0,C=C1CC[C@H](O)C/C1=C/C=C1\CCC[C@]2(C)[C@@H]([C@H](C)CCCC(C)C)CC[C@@H]12
504,20438,1.0,CCCCCC(=O)O[C@]1(C(C)=O)CC[C@H]2[C@@H]3CCC4=CC(=O)CC[C@]4(C)[C@H]3CC[C@@]21C
505,368,1.0,COc1cccc2c1C(=O)c1c(O)c3c(c(O)c1C2=O)C[C@@](O)(C(C)=O)C[C@@H]3O[C@H]1C[C@H](N)[C@H](O)[C@H](C)O1
506,3302,1.0,CC(=O)OCC(=O)[C@@]1(OC(C)=O)[C@@H](C)C[C@H]2[C@@H]3C[C@H](F)C4=CC(=O)C=C[C@]4(C)[C@@]3(F)[C@@H](O)C[C@@]21C
507,20750,1.0,CCCCC(=O)OCC(=O)[C@]1(O)Cc2c(O)c3c(c(O)c2[C@@H](O[C@H]2C[C@H](NC(=O)C(F)(F)F)[C@H](O)[C@H](C)O2)C1)C(=O)c1c(OC)cccc1C3=O
508,2667,1.0,C#C[C@]1(OC(=O)CCCCCC)CC[C@H]2[C@@H]3CCC4=CC(=O)CC[C@@H]4[C@H]3CC[C@@]21C
509,3061,1.0,CCOc1cc(-c2nccc3cc(OC)c(OC)cc23)cc(OCC)c1OCC
510,1478,1.0,CN1CCC(Nc2ncc3ncnc(Nc4ccc(F)c(Cl)c4)c3n2)CC1.Cl.Cl
511,26782,1.0,CN1CCC(CN2c3ccccc3Sc3ccccc32)C1.Cl
512,16515,1.0,O=C1Nc2ccc(Cl)cc2[C@@](C#CC2CC2)(C(F)(F)F)O1
513,20554,1.0,Nc1ccc(O)cc1
514,25907,1.0,Nc1nc2nc[nH]c2c(=S)[nH]1
515,2731,1.0,CC(=O)Nc1ccc(C(=O)CCl)cc1
516,28898,1.0,O=c1c2ccccc2[se]n1-c1ccccc1
517,890,1.0,CC(C)(C)CC(C)(C)c1ccc(O)cc1
518,3016,1.0,Oc1cccc2cccnc12
519,3353,1.0,Oc1ccc(OCc2ccccc2)cc1
520,2880,1.0,CN1CCc2cccc3c2[C@H]1Cc1ccc(O)c(O)c1-3
521,26626,1.0,CN1CSC(=S)N(C)C1
522,1191,1.0,S=c1[nH]cnc2[nH]cnc12
523,2609,1.0,Cc1cc(-c2ccc(/N=N/c3ccc4c(S(=O)(=O)[O-])cc(S(=O)(=O)[O-])c(N)c4c3O)c(C)c2)ccc1/N=N/c1ccc2c(S(=O)(=O)[O-])cc(S(=O)(=O)[O-])c(N)c2c1O.[Na+].[Na+].[Na+].[Na+]
524,3667,1.0,C[C@@H]1C[C@H]2[C@@H]3CCC4=CC(=O)C=C[C@]4(C)[C@@]3(F)[C@@H](O)C[C@]2(C)[C@@]1(O)C(=O)COC(=O)c1cccc(S(=O)(=O)[O-])c1.[Na+]
525,3260,1.0,COc1ccc(CC2c3cc(OC)c(OC)cc3CC[N+]2(C)CCC(=O)OCCCCCOC(=O)CC[N+]2(C)CCc3cc(OC)c(OC)cc3C2Cc2ccc(OC)c(OC)c2)cc1OC.O=S(=O)([O-])c1ccccc1.O=S(=O)([O-])c1ccccc1
526,1185,1.0,C[Hg]Cl
527,20747,1.0,c1ccc2c(c1)Sc1ccccc1N2CC1CN2CCC1CC2
528,2974,1.0,CCC(=O)OCC(=O)[C@@]1(OC(=O)CC)[C@H](C)C[C@H]2[C@H]3[C@H]([C@@H](O)C[C@@]21C)[C@@]1(C)C=CC(=O)C=C1C[C@H]3Cl
529,26342,1.0,CCCC(=O)O[C@]1(C(=O)COC(=O)CC)[C@@H](C)C[C@H]2[C@@H]3CCC4=CC(=O)C=C[C@]4(C)[C@@]3(F)[C@@H](O)C[C@@]21C
530,614,1.0,CCCCCCCCS(=O)C(C)Cc1ccc2c(c1)OCO2
531,2858,1.0,CCN(CC)CCC(=O)N1c2ccccc2Sc2ccc(Cl)cc21
532,26805,1.0,COC(=O)C1=C(C)NC(C)=C(C(=O)O[C@H]2CCN(Cc3ccccc3)C2)[C@H]1c1cccc([N+](=O)[O-])c1.Cl
533,29297,1.0,Cl.Cn1ccc2cc3c(cc21)CCN3C(=O)Nc1cccnc1
534,26198,1.0,CCOC(=O)C1(c2ccccc2)CCN(CCC(C#N)(c2ccccc2)c2ccccc2)CC1.Cl
535,4209,1.0,C[C@]12CC[C@H]3[C@@H](CCC4=C(Cl)C(=O)CC[C@@]43C)[C@@H]1CC[C@@H]2O
536,28889,1.0,Oc1c(Cl)cc(Cl)c(Cl)c1Cc1c(O)c(Cl)cc(Cl)c1Cl
537,14113,1.0,Cc1cc(C(C#N)c2ccc(Cl)cc2)c(Cl)cc1NC(=O)c1cc(I)cc(I)c1O
538,3016,1.0,O=c1[nH]c2ccccc2n1CCCN1CCC(n2c(=O)[nH]c3cc(Cl)ccc32)CC1
539,2474,1.0,CN(C)CC/C=C1\c2ccccc2Sc2ccc(Cl)cc21
540,25602,1.0,COc1ccc([C@@H]2Sc3ccccc3N(CCN(C)C)C(=O)[C@@H]2OC(C)=O)cc1
541,21206,1.0,COc1cccc(N(C)C(=S)Oc2ccc3c(c2)CCCC3)n1
542,2894,1.0,CS(=O)(=O)O.O=C1CC2(CCCC2)CC(=O)N1CCNCC1COc2ccccc2O1
543,3049,1.0,O=C(N[C@@H](c1ccccc1)[C@@H]1CCCCN1)c1cccc(C(F)(F)F)c1Cl
544,26628,1.0,C[C@]12C=CC(=O)N[C@@H]1CC[C@@H]1[C@@H]2CC[C@]2(C)[C@@H](C(=O)Nc3cc(C(F)(F)F)ccc3C(F)(F)F)CC[C@@H]12
545,563,1.0,CCc1oc2ccccc2c1C(=O)c1cc(I)c(O)c(I)c1
546,14113,1.0,CC(C)(Cc1c[nH]c2ccccc12)NCC(O)COc1ccccc1C#N
547,13664,1.0,N#CSc1ccc(N)c([N+](=O)[O-])c1
548,3380,1.0,N=C1NC(=N)c2cc3ccccc3cc21
549,2857,1.0,Cc1c(N)nc([C@H](CC(N)=O)NC[C@H](N)C(N)=O)nc1C(=O)N[C@H](C(=O)N[C@H](C)[C@@H](O)[C@H](C)C(=O)N[C@H](C(=O)NCCc1nc(-c2nc(C(=O)NCCCCNC(=N)N)cs2)cs1)[C@@H](C)O)[C@@H](O[C@@H]1O[C@@H](CO)[C@@H](O)[C@H](O)[C@@H]1O[C@H]1O[C@H](CO)[C@@H](O)[C@H](OC(N)=O)[C@@H]1O)c1cnc[nH]1.O=S(=O)(O)O.O=S(=O)(O)O
550,22324,1.0,Nc1ncn([C@@H]2O[C@H](CO)[C@@H](O)[C@H]2O)c(=O)n1
551,26727,1.0,Nc1ncn([C@H]2C[C@H](O)[C@@H](CO)O2)c(=O)n1
552,26435,1.0,COc1ccc(N)cc1N.O=S(=O)(O)O
553,26593,1.0,CCCCOC(=O)c1ccc(N)cc1
554,26201,1.0,C=C1CC[C@@H]2[C@](C)(CO)[C@H](O)CC[C@@]2(C)[C@@H]1C/C=C1/C(=O)OC[C@H]1O
555,24247,1.0,CCCCC/C=C\C=C\C(=O)OCC
556,573,1.0,O=C(CCl)Nc1ccccc1
557,6342,1.0,O=C1C(=Cc2cccs2)CCCC1=Cc1cccs1
558,3706,1.0,O=c1n(CC2CO2)c(=O)n(CC2CO2)c(=O)n1CC1CO1
559,2377,1.0,O=C/C(Cl)=C(/Cl)C(=O)O
560,3300,1.0,CCCCCCCCCCCCCCCCCCOCC(O)CO
561,27435,1.0,Oc1ccc(Cl)cc1Cc1ccccc1
562,16496,1.0,C[C@]12C=CC(=O)C=C1CC[C@H]1[C@@H]3C[C@@H](O)[C@](O)(C(=O)CO)[C@@]3(C)C[C@H](O)[C@@]12F
563,3016,1.0,C[C@]12C=CC(=O)C=C1[C@@H](F)C[C@@H]1[C@@H]2[C@@H](O)C[C@@]2(C)[C@H]1CC[C@]2(O)C(=O)CO
564,573,1.0,C[N+]1(C)CCCC(OC(=O)C(O)(c2ccccc2)c2ccccc2)C1.[Br-]
565,13512,1.0,O=S(=O)([O-])c1cc(O)c2c(N=Nc3ccc(Nc4ccccc4)c4c(S(=O)(=O)[O-])cccc34)cc(S(=O)(=O)[O-])cc2c1.[Na+].[Na+].[Na+]
566,20747,1.0,CC#CCC(C)[C@H](O)/C=C/[C@@H]1[C@H]2c3cccc(CCCC(=O)[O-])c3O[C@H]2C[C@H]1O.[Na+]
567,1414,1.0,O=[N+]([O-])c1ccc(Nc2ccccc2)cc1
568,4209,1.0,CC(C)(c1cc(Br)c(O)c(Br)c1)c1cc(Br)c(O)c(Br)c1
569,5045,1.0,C#Cc1cccc(Nc2ncnc3cc(OCCOC)c(OCCOC)cc23)c1
570,27368,1.0,CC(=O)[C@@]1(O)CC[C@H]2[C@@H]3C=C(Cl)C4=CC(=O)CC[C@]4(C)[C@H]3CC[C@@]21C
571,14192,1.0,CC(=O)[C@H]1CC[C@H]2[C@@H]3C[C@H](C)C4=CC(=O)CC[C@]4(C)[C@H]3[C@@H](O)C[C@]12C
572,576,1.0,CC(=O)Oc1ccc(C(c2ccc(OC(C)=O)cc2)c2ccccn2)cc1
573,25254,1.0,CC(=O)Oc1ccc2c(c1)CC[C@@H]1[C@@H]2CC[C@]2(C)[C@@H](O)CC[C@@H]12
574,27137,1.0,Cc1cc(N=Nc2ccccc2C)ccc1N
575,28529,1.0,CCCCCCC(=O)O[C@H]1CC[C@H]2[C@@H]3CC[C@H]4CC(=O)C=C(C)[C@]4(C)[C@H]3CC[C@]12C
576,20742,1.0,CCCCCCC(=O)O[C@H]1CC[C@H]2[C@@H]3CCc4cc(O)ccc4[C@H]3CC[C@]12C
577,2667,1.0,C#CCN(C)CCCOc1ccc(Cl)cc1Cl.Cl
578,1184,1.0,CN[C@@H]1C[C@@H](c2ccc(Cl)c(Cl)c2)c2ccccc21.Cl
579,27429,1.0,CN(C)CCC=C1c2ccccc2CCc2ccccc21.Cl
580,5527,1.0,CCOC(=O)COc1ccc2c(C)c(CCN(CC)CC)c(=O)oc2c1Cl.Cl
581,714,1.0,Cl.O=C1[C@H]2CCCC[C@H]2C(=O)N1CCCCN1CCN(c2nsc3ccccc23)CC1
582,2474,1.0,O=C1OC(O)C(C(Cl)Cl)=C1Cl
583,3350,1.0,CCCCCCC[N+](CC)(CC)CCCCc1ccc(Cl)cc1.Cc1ccc(S(=O)(=O)[O-])cc1
584,2377,1.0,O=S1OCC2C(CO1)C1(Cl)C(Cl)=C(Cl)C2(Cl)C1(Cl)Cl
585,1185,1.0,Clc1ccc2c(c1)CCc1cccnc1C2=C1CCNCC1
586,384,1.0,Cc1nnc2n1-c1sc(Br)cc1C(c1ccccc1Cl)=NC2
587,2364,1.0,CCC1OC(=O)C[C@@H](O)[C@H](C)[C@@H](O[C@@H]2O[C@H](C)C[C@H](N(C)C)[C@H]2O)[C@@H](CC=O)C[C@@H](C)C(=O)/C=C/[C@]2(C)OC2C1C
588,3380,1.0,CN1CCN(CCCN2c3ccccc3Sc3ccccc32)CC1
589,16496,1.0,CN1[C@@H]2CC[C@H]1CC(OC(=O)c1c[nH]c3ccccc13)C2
590,28473,1.0,CNCCCC12CCC(c3ccccc31)c1ccccc12
591,28740,1.0,CNCCCCOc1ccccc1Cc1ccccc1
592,27312,1.0,COCCCC/C(=N\OCCN)c1ccc(C(F)(F)F)cc1
593,4397,1.0,O=c1[nH]c(=O)n([C@H]2C[C@H](O)[C@@H](CO)O2)cc1I
594,1185,1.0,O=C1OC2(c3ccccc31)c1cc(I)c(O)c(I)c1Oc1c2cc(I)c(O)c1I
595,29323,1.0,NC(=O)c1ncn([C@@H]2O[C@H](CO)[C@@H](O)[C@H]2O)n1
596,3908,1.0,CO[C@@]12[C@H](COC(N)=O)C3=C(C(=O)C(C)=C(N)C3=O)N1C[C@@H]1N[C@@H]12
597,4676,1.0,CCOC(=O)c1cccc(N)c1.CS(=O)(=O)O
598,1384,1.0,Cc1ccc(-c2cc(C(F)(F)F)nn2-c2ccc(S(N)(=O)=O)cc2)cc1
599,1084,1.0,C=CC[C@@H]1/C=C(\C)C[C@H](C)C[C@H](OC)[C@H]2O[C@@](O)(C(=O)C(=O)N3CCCC[C@H]3C(=O)O[C@H](/C(C)=C/[C@@H]3CC[C@@H](O)[C@H](OC)C3)[C@H](C)[C@@H](O)CC1=O)[C@H](C)C[C@@H]2OC
600,4523,1.0,O=C(O)CN(CCN(CC(=O)O)CC(=O)O)CCN(CC(=O)O)CC(=O)O
601,2474,1.0,O=C1c2ccccc2-c2n[nH]c3cccc1c23
602,1184,1.0,CC1=C(C(=O)OCCN(Cc2ccccc2)c2ccccc2)C(c2cccc([N+](=O)[O-])c2)C(P2(=O)OCC(C)(C)CO2)=C(C)N1
603,2371,1.0,Oc1c(Br)cc(Br)c2cccnc12
604,14113,1.0,CCCCCc1ccc(C)cc1O
605,2857,1.0,CCCCOC(=O)c1ccc(O)cc1
