,DSSTox_CID,NR-AR,SMILES
0,25696,0.0,CC(=O)O.CCNC(=O)[C@@H]1CCCN1C(=O)[C@H](CCCNC(=N)N)NC(=O)[C@H](CC(C)C)NC(=O)[C@@H](Cc1c[nH]c2ccccc12)NC(=O)[C@H](Cc1ccc(O)cc1)NC(=O)[C@H](CO)NC(=O)[C@H](Cc1c[nH]c2ccccc12)NC(=O)[C@H](Cc1c[nH]cn1)NC(=O)[C@@H]1CCC(=O)N1
1,6105,0.0,CCCCCCOc1ccc(C(=N)N(CCCC)CCCC)c2ccccc12.Cl
2,1779,0.0,COCC(=O)O[C@]1(CCN(C)CCCc2nc3ccccc3[nH]2)CCc2cc(F)ccc2[C@@H]1C(C)C.Cl.Cl
3,14170,0.0,CCCCC(CC)CNC(=N)NC(=N)NCCCCCCNC(=N)NC(=N)NCC(CC)CCCC.Cl.Cl
4,21063,0.0,CCCCCCCCCCCC[N+](C)(C)CCOc1ccccc1.[Br-]
5,28518,0.0,COc1ccc(CCN2CCC(Nc3nc4ccccc4n3Cc3ccc(F)cc3)CC2)cc1
6,9120,0.0,CSc1ccc2c(c1)N(CCC1CCCCN1C)c1ccccc1S2.Cl
7,4242,0.0,CC/C(=C(\c1ccc(O)cc1)c1ccc(OCCN(C)C)cc1)c1ccccc1
8,294,0.0,CCOC(=O)C(O)(c1ccc(Cl)cc1)c1ccc(Cl)cc1
9,27173,0.0,C[C@H]1CC[C@]2(NC1)O[C@H]1C[C@H]3[C@@H]4CC[C@H]5C[C@@H](O[C@@H]6O[C@H](CO)[C@H](O[C@@H]7O[C@H](CO)[C@@H](O)[C@H](O[C@@H]8OC[C@@H](O)[C@H](O)[C@H]8O)[C@H]7O[C@@H]7O[C@H](CO)[C@@H](O)[C@H](O)[C@H]7O)[C@H](O)[C@H]6O)CC[C@]5(C)[C@H]4CC[C@]3(C)[C@H]1[C@@H]2C
10,24500,0.0,CC(=O)O.CC(C)c1ccc2c(c1)CC[C@H]1[C@](C)(CN)CCC[C@]21C
11,18927,0.0,COC(=O)C1=C(C)NC(C)=C(C(=O)OCCCN2CCC(c3ccccc3)(c3ccccc3)CC2)C1c1cccc([N+](=O)[O-])c1.Cl
12,7513,0.0,COc1cc2c(cc1OC)-c1c/c(=N\c3c(C)cc(C)cc3C)n(C)c(=O)n1CC2.Cl
13,12145,0.0,C[C@@H](NCCCc1cccc(C(F)(F)F)c1)c1cccc2ccccc12.Cl
14,3007,0.0,OC1(c2ccc(Cl)c(C(F)(F)F)c2)CCN(CCCC(c2ccc(F)cc2)c2ccc(F)cc2)CC1
15,22202,0.0,C1CCC(C(CC2CCCCN2)C2CCCCC2)CC1.O=C(O)/C=C\C(=O)O
16,17564,0.0,CCCCCCCCCCCC[N+](C)(C)Cc1ccccc1.[Cl-]
17,5344,0.0,CC1=C(C(=O)OC(C)C)C(c2cccc([N+](=O)[O-])c2)C(C(=O)OC2CN(C(c3ccccc3)c3ccccc3)C2)=C(N)N1
18,765,0.0,CC(C)(c1ccccc1)c1ccc(O)c(C(C)(C)c2ccccc2)c1
19,26402,0.0,CCN(CC)CCCN(c1ccccc1)C1Cc2ccccc2C1.Cl
20,28951,0.0,Cl.O[C@@H](c1cc(C(F)(F)F)nc2c(C(F)(F)F)cccc12)[C@H]1CCCCN1
21,10310,0.0,CN(C)C(=O)C1(N2CCCCC2)CCN(CCC2(c3ccc(Cl)c(Cl)c3)CN(C(=O)c3ccccc3)CCO2)CC1.Cl
22,27818,0.0,C[C@H]1CC[C@@H]2[C@@H](C)[C@H]3[C@H](C[C@H]4[C@@H]5CC=C6CC(O[C@@H]7O[C@H](CO)[C@H](O)[C@H](O[C@@H]8O[C@H](CO)[C@@H](O)[C@H](O)[C@H]8O)[C@H]7O[C@H]7O[C@@H](C)[C@H](O)[C@@H](O)[C@H]7O)CC[C@]6(C)[C@H]5CC[C@]34C)N2C1
23,15170,0.0,CCCCCCCCCCCCCC[P+](CCCCCC)(CCCCCC)CCCCCC.[Br-]
24,6784,0.0,CCN1C(=CC=Cc2sc3ccccc3[n+]2CC)Sc2ccccc21.[I-]
25,25104,0.0,CCOC(=O)O[C@H](C)OC(=O)c1ccc2c(c1)cc(C(=O)NC1CCN(C(C)C)CC1)n2Cc1cc(-c2ccc(Cl)s2)on1.Cl
26,1345,0.0,CC(C)(C)NC(=O)[C@@H]1C[C@@H]2CCCC[C@@H]2CN1C[C@@H](O)[C@H](Cc1ccccc1)NC(=O)[C@H](CC(N)=O)NC(=O)c1ccc2ccccc2n1.CS(=O)(=O)O
27,3671,0.0,CCCCCCCCCCCC[N+](C)(C)CCCCCCCCCCCC.[Br-]
28,2245,0.0,CCCCCCCCCCCCCCCC[N+](C)(C)CC.[Br-]
29,21838,0.0,CCCCCCCCCCCCCCCCCC[N+](C)(C)C.[Cl-]
30,20001,0.0,Cc1cc(OCCOCC[N+](C)(C)Cc2ccccc2)ccc1C(C)(C)CC(C)(C)C.[Cl-]
31,7976,0.0,CCCCCCCC[N+](C)(CCCCCCCC)CCCCCCCC.O=S(=O)([O-])C(F)(F)F
32,4679,0.0,N=C(NCCCCCCNC(=N)NC(=N)Nc1ccc(Cl)cc1)NC(=N)Nc1ccc(Cl)cc1
33,29315,0.0,N=C(NCCCCCCNC(=N)NC(=N)Nc1ccc(Cl)cc1)NC(=N)Nc1ccc(Cl)cc1
34,13308,0.0,CCCCCCCCCCCCCC[P+](CCCCCC)(CCCCCC)CCCCCC.F[P-](F)(F)(F)(F)F
35,16105,0.0,CC/C(=C(\c1ccccc1)c1ccc(OCCN(C)C)cc1)c1ccccc1.O=C(O)CC(O)(CC(=O)O)C(=O)O
36,9595,0.0,CCCCCCCCCCCCCC[P+](CCCC)(CCCC)CCCC.[Cl-]
37,26735,0.0,CCCCCCCCCCCCCC[P+](CCCC)(CCCC)CCCC.[Cl-]
38,23908,0.0,CCCCCCCCCCCCCC[P+](CCCCCC)(CCCCCC)CCCCCC.[Cl-]
39,11478,0.0,Cl.Cl.N=C(NCCCCCCNC(=N)NC(=N)Nc1ccc(Cl)cc1)NC(=N)Nc1ccc(Cl)cc1
40,21516,0.0,CC[C@H](C)[C@H]1O[C@]2(CC[C@@H]1C)C[C@@H]1C[C@@H](C/C=C(\C)[C@@H](O[C@H]3C[C@H](OC)[C@@H](O[C@H]4C[C@H](OC)[C@@H](O)[C@H](C)O4)[C@H](C)O3)[C@@H](C)/C=C/C=C3\CO[C@@H]4[C@H](O)C(C)=C[C@@H](C(=O)O1)[C@]34O)O2
41,2565,0.0,CCCCCCCC[N+](CCCCCCCC)(CCCCCCCC)CCCCCCCC.[Br-]
42,5805,0.0,CCCCCCCC[P+](CCCCCCCC)(CCCCCCCC)CCCCCCCC.[Br-]
43,20672,0.0,Cl[Bi](Cl)(c1ccccc1)(c1ccccc1)c1ccccc1
44,7007,0.0,COC(=O)C[C@](O)(CCCC(C)(C)O)C(=O)O[C@@H]1C(OC)=CC23CCCN2CCc2cc4c(cc2[C@H]13)OCO4
45,12565,0.0,CCCCCCCCCCCCCCCCn1cc[n+](C)c1.O=S(=O)([N-]S(=O)(=O)C(F)(F)F)C(F)(F)F
46,4901,0.0,Cc1ccc(O)c(C(C)(C)C)c1
47,24676,0.0,CCCCCCCCCCCCCC[N+](C)(C)C.[Br-]
48,26022,0.0,C[n+]1cc2c3c(ccc2c2ccc4cc5c(cc4c21)OCO5)OCO3
49,1111,0.0,CC(NCCC(c1ccccc1)c1ccccc1)c1ccccc1.Cl
50,417,0.0,Cl.Cl.Fc1ccc(C(OCCN2CCN(CCCc3ccccc3)CC2)c2ccc(F)cc2)cc1
51,27366,0.0,Oc1ccccc1[Hg]Cl
52,14754,0.0,CCCCCCCCCCCC(=O)NCCCN(C)C
53,25597,0.0,CO.COc1cc(Nc2c(C#N)cnc3cc(OCCCN4CCN(C)CC4)c(OC)cc23)c(Cl)cc1Cl
54,3367,0.0,CCCCCCCC[N+](C)(CCCCCCCC)CCCCCCCC.O=S(=O)([N-]S(=O)(=O)C(F)(F)F)C(F)(F)F
55,6503,0.0,COc1ccc(CCN2CCC(Nc3nc4ccccc4n3Cc3ccc(F)cc3)CC2)cc1
56,102,0.0,CCCCCCCCCCCC[N+](C)(C)Cc1ccccc1.[Br-]
57,24219,0.0,CCCCCCCCCCCCCCCC[N+](C)(C)Cc1ccccc1.[Cl-]
58,28159,0.0,Cc1cc(OCCOCC[N+](C)(C)Cc2ccccc2)ccc1C(C)(C)CC(C)(C)C.[Cl-]
59,22628,0.0,CC(=O)[O-].CC(=O)[O-].[Hg+2]
60,1999,0.0,CCN1C(=CC=CC=Cc2sc3ccccc3[n+]2CC)Sc2ccccc21.[I-]
61,3937,0.0,CCCN(CCC)c1c([N+](=O)[O-])cc(C(F)(F)F)c(N)c1[N+](=O)[O-]
62,17032,0.0,CCCCCCCCCCCC[n+]1ccc2ccccc2c1.Cc1ccc(S(=O)(=O)[O-])cc1
63,28716,0.0,CCCCCCCCNC(C)C(O)c1ccc(SC(C)C)cc1
64,1599,0.0,COC(=O)C1=C(C)NC(C)=C(C(=O)OCCN(C)Cc2ccccc2)C1c1cccc([N+](=O)[O-])c1.Cl
65,953,0.0,CCCOc1sc(C(=O)N2CCC(c3cc(CN)ccc3F)CC2)c(C)c1Br.Cl
66,10775,0.0,COc1ccc(C[C@H](N)C(=O)N[C@H]2[C@@H](O)[C@H](n3cnc4c(N(C)C)ncnc43)O[C@@H]2CO)cc1.Cl.Cl
67,24876,0.0,O=C1C2CC=CCC2C(=O)N1SC(Cl)(Cl)Cl
68,20287,0.0,COc1ccc2c(c1)OC(C)(C)[C@@H](c1ccccc1)[C@@H]2c1ccc(OCCN2CCCC2)cc1
69,27591,0.0,O=C1C=CC(=O)N1c1ccccc1
70,7303,0.0,Oc1cccc(-c2c3nc(c(-c4cccc(O)c4)c4ccc([nH]4)c(-c4cccc(O)c4)c4nc(c(-c5cccc(O)c5)c5ccc2[nH]5)CC4)C=C3)c1
71,26190,0.0,CCCCCCCCCCCCCCCCCC[N+](C)(C)Cc1ccccc1.[Cl-]
72,25379,0.0,O=C1c2c(O)ccc([N+](=O)[O-])c2C(=O)c2c([N+](=O)[O-])ccc(O)c21
73,5164,0.0,CC[C@H](C)[C@H]1O[C@]2(C=C[C@@H]1C)C[C@@H]1C[C@@H](C/C=C(\C)[C@@H](O[C@H]3C[C@H](OC)[C@@H](O[C@H]4C[C@H](OC)[C@@H]([NH2+]C)[C@H](C)O4)[C@H](C)O3)[C@@H](C)/C=C/C=C3\CO[C@@H]4[C@H](O)C(C)=C[C@@H](C(=O)O1)[C@]34O)O2.O=C([O-])c1ccccc1
74,586,0.0,O=C1OC2(c3ccccc31)c1cc(Br)c(O)c(Br)c1Oc1c2cc(Br)c(O)c1Br
75,5667,0.0,Cc1cc(O)c(C(C)(C)C)cc1C(C)(C)C
76,3109,0.0,CCCC(c1cc(C(C)(C)C)c(O)cc1C)c1cc(C(C)(C)C)c(O)cc1C
77,4401,0.0,CCc1cc(Cc2cc(CC)cc(C(C)(C)C)c2O)c(O)c(C(C)(C)C)c1
78,7737,0.0,Cc1cc(O)c(C(C)(C)C)cc1Sc1cc(C(C)(C)C)c(O)cc1C
79,2877,0.0,CC(C)CC(C)Nc1ccc(Nc2ccccc2)cc1
80,26921,0.0,CC1=C(/C=C/C(C)=C/C=C/C(C)=C/C=O)C(C)(C)CCC1
81,15747,0.0,CC1=C(/C=C/C(C)=C/C=C/C(C)=C/C(=O)Nc2ccc(O)cc2)C(C)(C)CCC1
82,13779,0.0,CCCCCc1cc(O)c2c(c1)OC(C)(C)c1ccc(C)cc1-2
83,18312,0.0,CC1(C)CNC(=NN=C(/C=C/c2ccc(C(F)(F)F)cc2)/C=C/c2ccc(C(F)(F)F)cc2)NC1
84,29137,0.0,Cc1nc(Nc2ncc(C(=O)Nc3c(C)cccc3Cl)s2)cc(N2CCN(CCO)CC2)n1
85,21686,0.0,CNCCCC12CCC(c3ccccc31)c1ccccc12.Cl
86,9335,0.0,CCN(CC)CCOc1ccc(C(O)(Cc2ccc(Cl)cc2)c2ccc(C)cc2)cc1
87,29807,0.0,O=c1[nH]c2ccccc2n1C1CCN(CCCC(c2ccc(F)cc2)c2ccc(F)cc2)CC1
88,6311,0.0,CC/C(=C(\c1ccccc1)c1ccc(OCCN(C)C)cc1)c1ccccc1.O=C(O)CC(O)(CC(=O)O)C(=O)O
89,12358,0.0,C[C@]12O[C@H](C[C@]1(O)CO)n1c3ccccc3c3c4c(c5c6ccccc6n2c5c31)CNC4=O
90,20550,0.0,CCCCCCCCCCCCCCCC[n+]1ccccc1.[Br-]
91,21357,0.0,CC(C)(C)CC(C)(C)c1ccc(OCCOCC[N+](C)(C)Cc2ccccc2)cc1.[Cl-]
92,26559,0.0,CN1C(=O)N(c2ccccc2Br)Cc2cnc(Nc3ccc4c(c3)OCC(CO)O4)nc21
93,14965,0.0,C[C@@H]1CC[C@@]2(OC1)O[C@H]1[C@@H](O)[C@H]3[C@@H]4CC[C@H]5C[C@@H](O[C@@H]6O[C@H](CO)[C@H](O[C@@H]7O[C@H](CO)[C@@H](O)[C@H](O[C@@H]8OC[C@@H](O)[C@H](O)[C@H]8O)[C@H]7O[C@@H]7O[C@H](CO)[C@@H](O)[C@H](O[C@@H]8O[C@H](CO)[C@@H](O)[C@H](O)[C@H]8O)[C@H]7O)[C@H](O)[C@H]6O)[C@H](O)C[C@]5(C)[C@H]4CC[C@]3(C)[C@H]1[C@@H]2C
94,22435,0.0,CCP(CC)(CC)=[Au]S[C@H]1O[C@@H](COC(C)=O)[C@H](OC(C)=O)[C@@H](OC(C)=O)[C@@H]1OC(C)=O
95,25874,0.0,CO/N=C1/C[C@]2(C[C@@H]3C[C@@H](C/C=C(\C)C[C@@H](C)/C=C/C=C4\CO[C@@H]5[C@H](O)C(C)=C[C@@H](C(=O)O3)[C@]45O)O2)O[C@H](/C(C)=C/C(C)C)[C@H]1C
96,16673,0.0,CCN(CC)c1ccc(C(=C2C=CC(=[N+](CC)CC)C=C2)c2ccccc2)cc1.O=S(=O)([O-])O
97,8684,0.0,CC(=O)O.CC(=O)O.N=C(NCCCCCCNC(=N)NC(=N)Nc1ccc(Cl)cc1)NC(=N)Nc1ccc(Cl)cc1
98,14374,0.0,O=[N+]([O-])c1cc(C(F)(F)F)c(Cl)c([N+](=O)[O-])c1Cl
99,4101,0.0,C/C=C/C(=O)Oc1c(CCCCCC(C)C)cc([N+](=O)[O-])cc1[N+](=O)[O-]
100,11307,0.0,CCCCCCCCCCCCN(CCO)CCO
101,2454,0.0,CCCCCCCCCCCCCCCCn1cc[n+](C)c1.[Cl-]
102,5441,0.0,Clc1ccc(COC(Cn2ccnc2)c2ccc(Cl)cc2Cl)cc1.O=[N+]([O-])O
103,17806,0.0,CCC(C)Nc1ccc(NC(C)CC)cc1
104,10055,0.0,O=C(Nc1ccc([N+](=O)[O-])cc1Cl)c1cc(Cl)ccc1O
105,3560,0.0,CC[C@H]1O[C@]2(CC[C@@H]1C)C[C@@H]1C[C@@H](C/C=C(\C)C[C@@H](C)/C=C/C=C3\CO[C@@H]4[C@H](O)C(C)=C[C@@H](C(=O)O1)[C@]34O)O2
106,12853,0.0,CC[C@]1(O)C[C@H]2C[N@](CCc3c([nH]c4ccccc34)[C@@](C(=O)OC)(c3cc4c(cc3OC)N(C=O)[C@H]3[C@@](O)(C(=O)OC)[C@H](OC(C)=O)[C@]5(CC)C=CCN6CC[C@]43[C@@H]65)C2)C1
107,1262,0.0,Cc1ccc(C(=O)c2cc(O)c(O)c([N+](=O)[O-])c2)cc1
108,25221,0.0,CCCCCCCCCCCCCCCC[n+]1ccccc1.[Br-]
109,7185,0.0,CC=O
110,28812,0.0,O=C(Nc1ccc2[nH]ccc2c1)c1cc2cc(F)ccc2n1Cc1cccc(F)c1
111,6652,0.0,CC(=O)Oc1ccccc1C(=O)Nc1ncc([N+](=O)[O-])s1
112,11869,0.0,COc1cc(-c2nc(NC(=O)c3cc4cc(C)cc(C)c4n3CC(=O)O)sc2CCC2CCCCC2)c(OC)cc1Cl.O=C(O)C(F)(F)F
113,2677,0.0,CCCCCCCCCCCCCCn1cc[n+](C)c1.O=S(=O)([N-]S(=O)(=O)C(F)(F)F)C(F)(F)F
114,9876,0.0,CCCCCCCCOC(=O)c1cc(O)c(O)c(O)c1
115,24396,0.0,CCCCCCCCCC[N+](C)(CCCCCCCCCC)CCC[Si](OC)(OC)OC.[Cl-]
116,22009,0.0,CCCCCCCCCCCCn1cc[n+](C)c1.F[B-](F)(F)F
117,18688,0.0,c1cnc2c(c1)ccc1cccnc12
118,27868,0.0,CCCCCCCCCCCCn1cc[n+](C)c1.O=S(=O)([O-])C(F)(F)F
119,3747,0.0,CCCCCCCCCCCCCCCC[N+](C)(C)CC.[Br-]
120,1494,0.0,CN(C)c1ccc(C(=C2C=CC(=[N+](C)C)C=C2)c2ccc(N(C)C)cc2)cc1.[Cl-]
121,17187,0.0,CCCCCCCCCCCC[N+](C)(C)Cc1ccccc1.[Cl-]
122,27108,0.0,CCN(CC)C(=S)SSC(=S)N(CC)CC
123,24984,0.0,CCN1CCC2(CC1)COc1cc3c(cc12)N(C(=O)c1ccc(-c2ccc(-c4nnc(C)o4)cc2C)cc1)CC3.Cl
124,1188,0.0,CNCC[C@H](Oc1cccc2ccccc12)c1cccs1.Cl
125,1929,0.0,COc1cccc2c1[C@@H]1CN(CCCCn3c(=O)[nH]c4c(sc5ncc(-c6ccccc6)nc54)c3=O)C[C@@H]1CO2.Cl
126,19688,0.0,Oc1ccc([Hg]Cl)cc1
127,26305,0.0,CN(C)C(=S)SSC(=S)N(C)C
128,13191,0.0,CN1C2CCC1CC(OC(c1ccccc1)c1ccc(Cl)cc1)C2
129,28628,0.0,CS(=O)(=O)O.Cc1c(O)cccc1C(=O)N[C@@H](CSc1ccccc1)[C@H](O)CN1C[C@H]2CCCC[C@H]2C[C@H]1C(=O)NC(C)(C)C
130,5908,0.0,Oc1cc2ccccc2c2ccccc12
131,27266,0.0,CCCCCCCCCCCC[N+](C)(C)CCOc1ccccc1.[Br-]
132,5072,0.0,CCCCCCCCCCCCCCCC[N+](C)(C)Cc1ccccc1.[Cl-]
133,4790,0.0,CCCCCCCCCC[N+](C)(C)CCCCCCCCCC.[Cl-]
134,24769,0.0,CC(C)(C)CC(C)(C)c1ccc(OCCOCC[N+](C)(C)Cc2ccccc2)cc1.[Cl-]
135,27466,0.0,CC(=O)N1CCN(c2ccc(OC[C@H]3CO[C@](Cn4ccnc4)(c4ccc(Cl)cc4Cl)O3)cc2)CC1
136,670,0.0,CCCCCCCCCCCCOCCOCCOCCOCCOCCOCCOCCOCCOCCO
137,2113,0.0,CCCCc1oc2ccc(NS(C)(=O)=O)cc2c1C(=O)c1ccc(OCCCN(CCCC)CCCC)cc1
138,3232,0.0,CCN(CC)CCOc1ccc(Cc2ccccc2)cc1
139,21232,0.0,CCN(CC)CCOc1ccc(-c2nc3cc(Cl)ccc3s2)cc1.Cl
140,4508,0.0,CCc1nn(CCCN2CCN(c3cccc(Cl)c3)CC2)c(=O)n1CCOc1ccccc1.Cl
141,27687,0.0,CNCCC(Oc1ccc(C(F)(F)F)cc1)c1ccccc1.Cl
142,820,0.0,Oc1cc(Cl)ccc1Oc1ccc(Cl)cc1Cl
143,25487,0.0,CCN(CC)C(=O)c1cc(S(=O)(=O)Cc2ccccc2)c(N2CCC(c3ccccc3)CC2)cc1N(CC)CCN(C)C.O=C(O)C(F)(F)F
144,10610,0.0,O=c1[nH]c2ccccc2n1C1CCN(CCCC(c2ccc(F)cc2)c2ccc(F)cc2)CC1
145,7426,0.0,CN1CCN(CCCN2c3ccccc3Sc3ccc(Cl)cc32)CC1.O=C(O)/C=C\C(=O)O.O=C(O)/C=C\C(=O)O
146,13513,0.0,COC(=O)[C@]12CCC(C)(C)C[C@H]1[C@H]1C(=O)C=C3[C@@]4(C)C=C(C#N)C(=O)C(C)(C)[C@@H]4CC[C@@]3(C)[C@]1(C)CC2
147,24596,0.0,CCCCCCCCCCCCCCCC[n+]1ccccc1.[Br-]
148,12699,0.0,O=C([O-])c1ccccc1-c1c2cc(Br)c(=O)c(Br)c-2oc2c(Br)c([O-])c(Br)cc12.[Na+].[Na+]
149,14506,0.0,C=C[C@](C)(O)CC[C@@H]1[C@@]2(C)CCCC(C)(C)[C@@H]2CC[C@@]1(C)O
150,250,0.0,C#CCOS(=O)OC1CCCCC1Oc1ccc(C(C)(C)C)cc1
151,6911,0.0,Cc1cc(Cc2cc(C)cc(C(C)(C)C)c2O)c(O)c(C(C)(C)C)c1
152,55,0.0,CC(C)(c1ccccc1)c1ccc(O)c(C(C)(C)c2ccccc2)c1
153,16446,0.0,CC1=C(/C=C/C(C)=C/C=C/C(C)=C/C(=O)Nc2ccc(O)cc2)C(C)(C)CCC1
154,20131,0.0,CCN(Cc1cccnc1)C(=O)c1cccc(Cl)c1[C@]1(C)C(=O)N(Cc2ccc(OC)cc2OC)c2ccc(Cl)cc21.Cl
155,6221,0.0,CN(C)CCCN1c2ccccc2Sc2ccc(Cl)cc21.Cl
156,11118,0.0,COc1cc(NS(C)(=O)=O)ccc1Nc1c2ccccc2nc2ccccc12.Cl
157,6049,0.0,CCCCCCCCCCOCC(O)CN.Cl
158,545,0.0,CC(C)(C)CC(C)(C)c1ccc(O)c(Cc2ccc(Cl)cc2Cl)c1
159,26879,0.0,CSc1nc2cc(Cl)c(Oc3cccc(Cl)c3Cl)cc2[nH]1
160,18870,0.0,CSc1ccc2c(c1)N(CCC1CCCCN1C)c1ccccc1S2
161,15485,0.0,Cc1cc(F)ccc1-c1cc(N2CC[C@@H](O)[C@H]2CO)ncc1N(C)C(=O)C(C)(C)c1cc(C(F)(F)F)cc(C(F)(F)F)c1
162,4961,0.0,IC(I)=C(I)I
163,7636,0.0,O=C1C=CC(=O)N1c1ccc(Cc2ccc(N3C(=O)C=CC3=O)cc2)cc1
164,17700,0.0,CCCCCCCCCCCC[N+](C)(C)C.[Br-]
165,7853,0.0,CCCCCCCCCCCCCCCC[n+]1ccccc1.[Cl-]
166,5562,0.0,CCCCCCCCCCCCCCCCCCNC(=O)OC1CCN(C(=O)OC[C@H](COC(=O)N(Cc2cccc[n+]2CC)C(=O)c2ccccc2OC)OC)CC1.[Cl-]
167,13998,0.0,C=C1C(=O)O[C@H]2[C@H]1CC/C(C)=C/CC[C@@]1(C)O[C@@H]21
168,3491,0.0,C=C(C)C(=O)OCC(O)COc1ccc(C(C)(C)c2ccc(OCC(O)COC(=O)C(=C)C)cc2)cc1
169,23728,0.0,COc1cc2c(cc1O)CCN[C@]21CS[C@@H]2c3c(OC(C)=O)c(C)c4c(c3[C@H](COC1=O)N1[C@@H]2[C@H]2c3c(cc(C)c(OC)c3O)C[C@@H]([C@@H]1O)N2C)OCO4
170,20773,0.0,Cc1cc(Cc2cc(C)cc(C(C)(C)C)c2O)c(O)c(C(C)(C)C)c1
171,1384,0.0,COC(=O)C1=C(C)NC(C)=C(C(=O)OCC(C)C)C1c1ccccc1[N+](=O)[O-]
172,1865,0.0,COC(=O)C1=C(C)NC(C)=C(C(=O)OCCN(C)Cc2ccccc2)C1c1cccc([N+](=O)[O-])c1
173,2798,0.0,CCN(CC)c1ccc2c(C)cc(=O)oc2c1
174,1647,0.0,Cl.O=C(c1ccc(OCCN2CCCCC2)cc1)c1c(-c2ccc(O)cc2)sc2cc(O)ccc12
175,4175,0.0,N#Cc1nc(Cl)c(Cl)c(Cl)c1Cl
176,1046,0.0,Clc1ccc(C(Cn2ccnc2)OCc2ccsc2Cl)c(Cl)c1
177,22073,0.0,Cc1cc(=O)oc2cc(N(C)C)ccc12
178,25764,0.0,CC[C@H]1CN2CCc3cc(OC)c(OC)cc3[C@@H]2C[C@@H]1C[C@H]1NCCc2cc(OC)c(OC)cc21
179,9762,0.0,CCCCCCCCCCCCn1cc[n+](C)c1.O=S(=O)([N-]S(=O)(=O)C(F)(F)F)C(F)(F)F
180,19336,0.0,C[C@@H]1CC(=O)NN=C1c1ccc(NN=C(C#N)C#N)cc1
181,14600,0.0,N#Cc1sc2c(=O)c3ccccc3c(=O)c=2sc1C#N
182,503,0.0,N#Cc1c2ccccc2cc2ccccc12
183,29365,0.0,CO[C@H]1C[C@@H]2CC[C@@H](C)[C@@](O)(O2)C(=O)C(=O)N2CCCC[C@H]2C(=O)O[C@H]([C@H](C)C[C@@H]2CC[C@@H](O)[C@H](OC)C2)CC(=O)[C@H](C)/C=C(\C)[C@@H](O)[C@@H](OC)C(=O)[C@H](C)C[C@H](C)/C=C/C=C/C=C/1C
184,15291,0.0,O=[N+]([O-])c1ccc(Cl)c([N+](=O)[O-])c1
185,3883,0.0,C=CC(=O)OCC(COC(=O)C=C)(COC(=O)C=C)COC(=O)C=C
186,26072,0.0,O=C(N/N=C/c1ccccc1O)c1ccncc1
187,9200,0.0,Cc1oc(-c2ccccc2)nc1CCOc1ccc(C[C@H](Nc2ccccc2C(=O)c2ccccc2)C(=O)O)cc1
188,22325,0.0,COc1c(C)c2c(c(O)c1C/C=C(\C)CCC(=O)O)C(=O)OC2
189,5264,0.0,CCCCCCCCCCCCOC(=O)c1cc(O)c(O)c(O)c1
190,4582,0.0,COc1cc(C=C2CCCC(=Cc3ccc(O)c(OC)c3)C2=O)ccc1O
191,26809,0.0,Oc1cccc(-c2c3nc(c(-c4cccc(O)c4)c4ccc([nH]4)c(-c4cccc(O)c4)c4nc(c(-c5cccc(O)c5)c5ccc2[nH]5)CC4)C=C3)c1
192,338,0.0,C[n+]1c2cc(N)ccc2cc2ccc(N)cc21.Nc1ccc2cc3ccc(N)cc3nc2c1.[Cl-]
193,7119,0.0,CCNc1ccc(C(=C2C=CC(=[N+](CC)CC)C=C2)c2ccc(N(CC)CC)cc2)c2ccccc12.[Cl-]
194,877,0.0,Clc1ccc(COC(Cn2ccnc2)c2ccc(Cl)cc2Cl)cc1.O=[N+]([O-])O
195,26608,0.0,C=C1/C(=C\C=C2/CCC[C@]3(C)[C@@H]([C@H](C)CCCC(C)(C)O)CC[C@@H]23)C[C@@H](O)C[C@@H]1O
196,2309,0.0,Cc1c2oc3c(C)ccc(C(=O)N[C@@H]4C(=O)N[C@H](C(C)C)C(=O)N5CCC[C@H]5C(=O)N(C)CC(=O)N(C)[C@@H](C(C)C)C(=O)O[C@@H]4C)c3nc-2c(C(=O)N[C@@H]2C(=O)N[C@H](C(C)C)C(=O)N3CCC[C@H]3C(=O)N(C)CC(=O)N(C)[C@@H](C(C)C)C(=O)O[C@@H]2C)c(N)c1=O
197,4339,0.0,CCCC[Sn](Cl)(CCCC)CCCC
198,14298,0.0,CCN(CC)c1ccc2c(C)cc(=O)oc2c1
199,20467,0.0,O=C1C2CC=CCC2C(=O)N1SC(Cl)(Cl)C(Cl)Cl
200,28903,0.0,CCC(C)(NC(=O)c1cc(Cl)c(C)c(Cl)c1)C(=O)CCl
201,5739,0.0,N#CC(CCc1ccc(Cl)cc1)(Cn1cncn1)c1ccccc1
202,14857,0.0,CN(C)C(=S)SSC(=S)N(C)C
203,6562,0.0,O=[N+]([O-])c1cc(I)c(O)c(I)c1
204,7246,0.0,Nc1ccc2c3c(cccc13)-c1ccccc1-2
205,21428,0.0,Cc1ccc(Nc2nccc(N(C)c3ccc4c(C)n(C)nc4c3)n2)cc1S(N)(=O)=O
206,21594,0.0,COC(=O)C[C@](O)(CCCC(C)(C)O)C(=O)O[C@@H]1C(OC)=CC23CCCN2CCc2cc4c(cc2[C@H]13)OCO4
207,8942,0.0,C[C@@H]1O[C@@H](O[C@H]2C[C@@H](O)[C@]3(CO)[C@H]4[C@H](O)C[C@]5(C)[C@@H](C6=CC(=O)OC6)CC[C@]5(O)[C@@H]4CC[C@]3(O)C2)[C@H](O)[C@H](O)[C@H]1O
208,2175,0.0,CCCCCCCCCCCCN1CCCC1=O
209,26498,0.0,Oc1c(Cl)cc(Cl)cc1Sc1cc(Cl)cc(Cl)c1O
210,25168,0.0,CCCCCCCCCCCCCC[n+]1ccccc1.[Br-]
211,12459,0.0,CCCCCCCCCCn1cc[n+](CCCCCCCCCC)c1C.[Cl-]
212,22495,0.0,[Hg+2].[I-].[I-]
213,25432,0.0,CCCCCCCCCCCCn1cc[n+](C)c1.[I-]
214,29087,0.0,CO[C@@H]1[C@H](O)C[C@@H](O[C@@H]2C[C@H](Oc3cc4cc5c(c(O)c4c(O)c3C)C(=O)[C@@H](O[C@H]3C[C@@H](O[C@H]4C[C@@H](O[C@H]6C[C@](C)(O)[C@@H](OC(C)=O)[C@H](C)O6)[C@H](O)[C@@H](C)O4)[C@H](O)[C@@H](C)O3)[C@H]([C@H](OC)C(=O)[C@@H](O)[C@@H](C)O)C5)O[C@H](C)[C@@H]2OC(=O)O)O[C@@H]1C
215,25976,0.0,CC(=O)O[Hg]c1ccccc1
216,8300,0.0,CCOC(=O)C1(c2ccccc2)CCN(CCC(C#N)(c2ccccc2)c2ccccc2)CC1.Cl
217,24129,0.0,CC(C)C1CCC(Cc2ccc(Cl)cc2)C1(O)Cn1cncn1
218,3995,0.0,CC/C(=C(\c1ccccc1)c1ccc(OCCN(C)C)cc1)c1ccccc1
219,26267,0.0,CN(C)CCOc1ccc(/C(=C(/CCCl)c2ccccc2)c2ccccc2)cc1.O=C(O)CC(O)(CC(=O)O)C(=O)O
220,27535,0.0,CCOC(=O)Oc1c(OC)cc(C(=O)O[C@@H]2C[C@@H]3CN4CCc5c([nH]c6cc(OC)ccc56)[C@H]4C[C@@H]3[C@H](C(=O)OC)[C@H]2OC)cc1OC
221,3292,0.0,C[C@@H]1C[C@@H]([C@H](O)CC2CC(=O)NC(=O)C2)C(=O)[C@@H](C)C1
222,21776,0.0,O=C1OC2(c3ccc(O)cc3Oc3cc(O)ccc32)c2ccccc21
223,3823,0.0,N#CC(C#N)=NNc1cccc(Cl)c1
224,12023,0.0,CCCCCCCCCCCCCCCCn1cc[n+](C)c1.F[B-](F)(F)F
225,13896,0.0,CCN(CC)CCOc1ccc(C(=C(Cl)c2ccccc2)c2ccccc2)cc1.O=C(O)CC(O)(CC(=O)O)C(=O)O
226,28398,0.0,CC(C)N(C(=O)CCl)c1ccccc1
227,12976,0.0,CC/N=c1/cc2oc3cc(NCC)c(C)cc3c(-c3ccccc3C(=O)OCC)c-2cc1C.Cl
228,6444,0.0,CCCCCCCC[Sn](Cl)(Cl)CCCCCCCC
229,2941,0.0,CCC/C=C/C=C/C(=O)O[C@H]1/C(=C/C(=O)OC)C[C@H]2C[C@H]([C@@H](C)O)OC(=O)C[C@H](O)C[C@@H]3C[C@H](OC(C)=O)C(C)(C)[C@](O)(C[C@@H]4C/C(=C/C(=O)OC)C[C@H](/C=C/C(C)(C)[C@]1(O)O2)O4)O3
230,7791,0.0,CCCC[Sn](Cl)(Cl)CCCC
231,2053,0.0,CC/N=c1/cc2oc3cc(NCC)c(C)cc3c(-c3ccccc3C(=O)OCC)c-2cc1C.Cl
232,27050,0.0,Clc1ccc(C(c2ccc(Cl)cc2)C(Cl)Cl)cc1
233,27942,0.0,COC(=O)N(C(=O)N1CO[C@@]2(C(=O)OC)Cc3cc(Cl)ccc3C2=N1)c1ccc(OC(F)(F)F)cc1
234,24553,0.0,CC(C)N(C(=O)SCC(Cl)=CCl)C(C)C
235,24444,0.0,CCCCCCCCCCCCCC[n+]1ccc(C)cc1.[Cl-]
236,16266,0.0,CCN1C(=CC=CC=Cc2sc3ccccc3[n+]2CC)Sc2ccccc21.[Cl-]
237,24009,0.0,CN[C@H]1CC[C@@H](c2ccc(Cl)c(Cl)c2)c2ccccc21.Cl
238,176,0.0,CC(C)(C)NC(=O)[C@@H]1C[C@@H]2CCCC[C@@H]2CN1C[C@@H](O)[C@H](Cc1ccccc1)NC(=O)[C@H](CC(N)=O)NC(=O)c1ccc2ccccc2n1.CS(=O)(=O)O
239,24925,0.0,CCCCCCCCCCCCCC[P+](CCCC)(CCCC)CCCC.CCCCCCCCCCCCc1ccccc1S(=O)(=O)[O-]
240,2617,0.0,OB(O)O[Hg]c1ccccc1
241,11602,0.0,O=C(Nc1cccc(C(F)(F)F)c1)c1cc(Br)cc(Br)c1O
242,26349,0.0,CC(C)n1nc(-c2cc3cc(O)ccc3[nH]2)c2c(N)ncnc21
243,13403,0.0,CCCCCCCCCCCCCCCC[N+](C)(C)C.[Br-]
244,25809,0.0,CCCCCCCC[N+](C)(C)CCCCCCCC.[Cl-]
245,17250,0.0,CC(C)(O)c1ccccc1CC[C@@H](SCC1(CC(=O)[O-])CC1)c1cccc(/C=C/c2ccc3ccc(Cl)cc3n2)c1.[Na+]
246,26151,0.0,CN(C[C@@H](CC[N+]12CCC(C3CCCCC3)(CC1)CC2)c1ccc(Cl)c(Cl)c1)C(=O)c1cc(C(F)(F)F)cc(C(F)(F)F)c1.CS(=O)(=O)[O-]
247,25286,0.0,CC(C)(C)c1ccc(C(O)CCCN2CCC(C(O)(c3ccccc3)c3ccccc3)CC2)cc1
248,25657,0.0,CC(C)C[C@@H]1NC(=O)[C@H](CCCN)NC(=O)[C@H](C(C)C)NC(=O)[C@@H]2CCCN2C(=O)[C@@H](Cc2ccccc2)NC(=O)[C@H](CC(C)C)NC(=O)[C@H](CCCN)NC(=O)[C@H](C(C)C)NC(=O)[C@@H]2CCCN2C(=O)[C@@H](Cc2ccccc2)NC1=O
249,30037,0.0,Oc1ccc([Hg]Cl)cc1
250,27318,0.0,CC(CN1c2ccccc2Sc2ccccc21)N(C)C
251,9676,0.0,COC1=C(OC)C(=O)C(CCCCCCCCCCO)=C(C)C1=O
252,27760,0.0,CCCOC/C(=N\c1ccc(Cl)cc1C(F)(F)F)n1ccnc1
253,6860,0.0,O=C1NCCN1CCN1CCC(c2cn(-c3ccc(F)cc3)c3ccc(Cl)cc23)CC1
254,21275,0.0,CNC(=O)c1cc(Oc2ccc(NC(=O)Nc3ccc(Cl)c(C(F)(F)F)c3)cc2)ccn1.Cc1ccc(S(=O)(=O)O)cc1
255,15604,0.0,CN1CCN(C2Cc3ccccc3Sc3ccc(Cl)cc32)CC1.O=C(O)/C=C\C(=O)O
256,3423,0.0,O=C(OC[C@H]1O[C@@H](OC(=O)c2cc(O)c(O)c(OC(=O)c3cc(O)c(O)c(O)c3)c2)[C@H](OC(=O)c2cc(O)c(O)c(OC(=O)c3cc(O)c(O)c(O)c3)c2)[C@@H](OC(=O)c2cc(O)c(O)c(OC(=O)c3cc(O)c(O)c(O)c3)c2)[C@@H]1OC(=O)c1cc(O)c(O)c(OC(=O)c2cc(O)c(O)c(O)c2)c1)c1cc(O)c(O)c(OC(=O)c2cc(O)c(O)c(O)c2)c1
257,20978,0.0,Oc1c(Cl)cc(Cl)cc1Sc1cc(Cl)cc(Cl)c1O
258,3617,0.0,Oc1ccc(Cl)cc1Sc1cc(Cl)ccc1O
259,24298,0.0,CCCCCCCCCCCCCC[N+](C)(C)C.[Br-]
260,1415,0.0,CCCCCCCCCCCCCCCC[N+](C)(C)C.[Cl-]
261,21969,0.0,CCCCCCCCCCCCCC[N+](C)(C)Cc1ccccc1.O.O.[Cl-]
262,12627,0.0,[Cl-].[Cl-].[Hg+2]
263,6710,0.0,CC(C)(C)c1ccc(C(=O)CCCN2CCC(OC(c3ccccc3)c3ccccc3)CC2)cc1
264,1227,0.0,CO/N=C1/C[C@]2(C[C@@H]3C[C@@H](C/C=C(\C)C[C@@H](C)/C=C/C=C4\CO[C@@H]5[C@H](O)C(C)=C[C@@H](C(=O)O3)[C@]45O)O2)O[C@H](/C(C)=C/C(C)C)[C@H]1C
265,24823,0.0,Cc1cc(O)c2c(c1)O[C@@]1(C)CC[C@H]3C(C)(C)CCCC34CO[C@@H]2[C@H]41
266,10169,0.0,Cc1ccc(S(=O)(=O)N[C@@H](CCCCN)C(=O)CCl)cc1.Cl
267,1540,0.0,CN1CCN(CCCN2c3ccccc3Sc3ccc(C(F)(F)F)cc32)CC1.Cl.Cl
268,9236,0.0,O=C1C2CC=CCC2C(=O)N1SC(Cl)(Cl)C(Cl)Cl
269,27416,0.0,Clc1cc(Cl)c(OCC#CI)cc1Cl
270,8033,0.0,N=C(NCCCCCCNC(=N)NC(=N)Nc1ccc(Cl)cc1)NC(=N)Nc1ccc(Cl)cc1
271,24722,0.0,CN(C)C(=S)SC(=S)N(C)C
272,2409,0.0,O=C1NCN(c2ccccc2)C12CCN(CCCC(c1ccc(F)cc1)c1ccc(F)cc1)CC2
273,28592,0.0,Cc1ccc(-c2cc(C(F)(F)F)nn2-c2ccc(S(N)(=O)=O)cc2)cc1
274,1828,0.0,O=[N+]([O-])c1ccc(Cl)c([N+](=O)[O-])c1
275,3150,0.0,C=CC(=O)OCC(CC)(COC(=O)C=C)COC(=O)C=C
276,6168,0.0,CC(C)C[C@H](NC(=O)[C@H](Cc1ccccc1)NC(=O)c1cnccn1)B(O)O
277,10700,0.0,O=C(Nc1ncc([N+](=O)[O-])s1)c1cccs1
278,1711,0.0,CCCCCCCCn1sccc1=O
279,22144,0.0,CCCCCCCCCCCCN1CCCCCC1=O
280,7581,0.0,CC(C)(C)c1cc(/C=C2\SC(=N)NC2=O)cc(C(C)(C)C)c1O.CS(=O)(=O)O
281,20717,0.0,Nc1ccc2cc3ccc(N)cc3nc2c1.Nc1ccc2cc3ccc(N)cc3nc2c1.O=S(=O)(O)O
282,20369,0.0,Oc1ccc(C2(c3ccc(O)cc3)c3ccccc3-c3ccccc32)cc1
283,23797,0.0,CCCCCCCCCCCCCCN(CCO)CCO
284,5496,0.0,CCCCCCCCCCCCCCCC[N+](C)(C)C.[Br-]
285,22260,0.0,CCCCCCCCCCCC[N+](C)(C)C.[Cl-]
286,622,0.0,CN(C)c1ccc2nc3ccc(N(C)C)cc3[s+]c2c1.[Cl-]
287,28991,0.0,CC1(S(=O)(=O)[O-])CC(=O)c2ccccc2C1=O.[Na+]
288,25545,0.0,O=[N+]([O-])/C=C/c1ccccc1
289,26988,0.0,C/C(=C\c1ccccc1)[N+](=O)[O-]
290,10418,0.0,CCC(C)[C@H]1O[C@]2(C=C[C@@H]1C)C[C@@H]1C[C@@H](C/C=C(\C)[C@@H](O[C@H]3C[C@H](OC)[C@@H](O[C@H]4C[C@H](OC)[C@H](NC(C)=O)[C@H](C)O4)[C@H](C)O3)[C@@H](C)/C=C/C=C3\CO[C@@H]4[C@H](O)C(C)=C[C@@H](C(=O)O1)[C@]34O)O2
291,21191,0.0,COc1cc2c(N3CCN(C(=O)Nc4ccc(OC(C)C)cc4)CC3)ncnc2cc1OCCCN1CCCCC1
292,7920,0.0,CCOC(=O)C1=C(C)NC(C)=C(C(=O)OCC)C1c1ccccc1/C=C/C(=O)OC(C)(C)C
293,2738,0.0,CN1CC[C@H](c2c(O)cc(O)c3c(=O)cc(-c4ccccc4Cl)oc23)[C@H](O)C1.Cl
294,6614,0.0,Cl.Nc1c2ccccc2nc2ccccc12.O
295,28859,0.0,CCOC(=O)c1nc(C(Cl)(Cl)Cl)n(-c2ccc(Cl)cc2Cl)n1
296,28255,0.0,ClC1=C(Cl)C2(Cl)C3C(Cl)C(Cl)CC3C1(Cl)C2(Cl)Cl
297,14232,0.0,CCc1nn(C)c(C(=O)NCc2ccc(C(C)(C)C)cc2)c1Cl
298,2522,0.0,CN(C)CCCN1c2ccccc2Sc2ccc(Cl)cc21
299,5300,0.0,CO[C@H]1C[C@H](O[C@H]2[C@H](C)O[C@@H](O[C@@H]3/C(C)=C/C[C@@H]4C[C@@H](C[C@]5(C=C[C@H](C)[C@@H](C6CCCCC6)O5)O4)OC(=O)[C@@H]4C=C(C)[C@@H](O)[C@H]5OC/C(=C\C=C\[C@@H]3C)[C@]54O)C[C@@H]2OC)O[C@@H](C)[C@@H]1O
300,215,0.0,COC(=O)[C@H]1[C@H]2C[C@@H]3c4[nH]c5ccccc5c4CCN3C[C@H]2C[C@@H](OC(=O)c2cc(OC)c(OC)c(OC)c2)[C@@H]1OC
301,4733,0.0,Nc1ccc(N)c2ccccc12
302,373,0.0,CO[C@H]1C[C@@H]2CC[C@@H](C)[C@@](O)(O2)C(=O)C(=O)N2CCCC[C@H]2C(=O)O[C@H]([C@H](C)C[C@@H]2CC[C@@H](O)[C@H](OC)C2)CC(=O)[C@H](C)/C=C(\C)[C@@H](O)[C@@H](OC)C(=O)[C@H](C)C[C@H](C)/C=C/C=C/C=C/1C
303,1301,0.0,CC(=O)OC(OC(C)=O)c1ccc([N+](=O)[O-])o1
304,7354,0.0,CN(C)CCOc1ccc(/C(=C(/CCCl)c2ccccc2)c2ccccc2)cc1.O=C(O)CC(O)(CC(=O)O)C(=O)O
305,456,0.0,O=C(Oc1cccc2cccnc12)c1ccccc1
306,18749,0.0,CC1=CC(=O)c2ccccc2C1=O
307,26233,0.0,CC(=O)NC1(c2cccc(F)c2)CCN(CC[C@@]2(c3ccc(Cl)c(Cl)c3)CN(c3ccccc3)C(=O)CO2)CC1.O=C(O)CCC(=O)O
308,20619,0.0,CC[C@]1(O)C[C@H]2C[N@](CCc3c([nH]c4ccccc34)[C@@](C(=O)OC)(c3cc4c(cc3OC)N(C)[C@H]3[C@@](O)(C(N)=O)[C@H](O)[C@]5(CC)C=CCN6CC[C@]43[C@@H]65)C2)C1.O=S(=O)(O)O
309,5396,0.0,Oc1ccc(Cl)cc1Cc1ccccc1
310,28763,0.0,OCCN(CCO)c1nc(N2CCCCC2)c2nc(N(CCO)CCO)nc(N3CCCCC3)c2n1
311,28484,0.0,CN(C)C(=S)[S-].CN(C)C(=S)[S-].[Cu+2]
312,16782,0.0,CN(C)C(=S)[S-].CN(C)C(=S)[S-].CN(C)C(=S)[S-].[Fe+3]
313,13658,0.0,NC(=O)c1nc(-c2cccc(-c3cc(F)ccc3OCC(F)(F)C(F)(F)F)c2)n[n-]1.O.[K+]
314,7057,0.0,COCc1c(C(C)C)nc(C(C)C)c(/C=C/[C@@H](O)C[C@@H](O)CC(=O)[O-])c1-c1ccc(F)cc1.[Na+]
315,3187,0.0,Clc1ccc(COC(Cn2ccnc2)c2ccc(Cl)cc2Cl)cc1.O=[N+]([O-])O
316,13081,0.0,[O-][n+]1ccccc1S[Zn]Sc1cccc[n+]1[O-]
317,26654,0.0,O=c1oc2ccccc2c(O)c1C(CC(O)c1ccc(-c2ccc(Br)cc2)cc1)c1ccccc1
318,715,0.0,CC(C)C[C@H](NC(=O)[C@H](CCc1ccccc1)NC(=O)CN1CCOCC1)C(=O)N[C@@H](Cc1ccccc1)C(=O)N[C@@H](CC(C)C)C(=O)[C@@]1(C)CO1
319,17742,0.0,CC[C@H](C)C(=O)O[C@H]1C[C@@H](C)C=C2C=C[C@H](C)[C@H](CC[C@@H]3C[C@@H](O)CC(=O)O3)[C@H]21
320,26448,0.0,c1ccc2cc3c(cc2c1)-c1cccc2cccc-3c12
321,4458,0.0,CO[C@@H]1[C@@H](O[C@@H]2O[C@H](C)[C@@H](O[C@H]3C[C@@](C)(O)[C@@H](OC(=O)CC(C)C)[C@H](C)O3)[C@H](N(C)C)[C@H]2O)[C@@H](CC=O)C[C@@H](C)C(=O)/C=C/C2OC2C[C@@H](C)OC(=O)C[C@H]1OC(C)=O
322,9279,0.0,CCC(=O)O[C@H]1CC[C@H]2[C@@H]3CCC4=CC(=O)CC[C@]4(C)[C@H]3CC[C@]12C
323,6264,0.0,C=C(C)C(=O)O[Sn](CCCC)(CCCC)CCCC
324,2364,0.0,COc1ccc2cc(S(=O)(=O)N[C@H](CC(=O)N[C@H](Cc3ccc(CN4[C@H](C)CCC[C@@H]4C)cc3)C(=O)N(C)C(C)C)c3ccc4c(c3)OCO4)ccc2c1.Cl
325,22581,0.0,CN(CCCN1c2ccccc2CCc2ccccc21)CC(=O)c1ccc(Cl)cc1.Cl
326,1962,0.0,O=S1(=O)CC(Cl)(Cl)C(Cl)(Cl)C1
327,3058,0.0,Clc1ccccc1C(c1ccccc1)(c1ccccc1)n1ccnc1
328,21130,0.0,CN(C)C(=S)SC(=S)N(C)C
329,28668,0.0,N#C/C(=C1/SC[C@@H](c2ccc(Cl)cc2Cl)S1)n1ccnc1
330,4052,0.0,NC(=O)N1C(=O)C(C(=O)c2cc(Cl)cs2)c2cc(F)c(Cl)cc21
331,26771,0.0,C=C(c1ccc(C(=O)O)cc1)c1cc2c(cc1C)C(C)(C)CCC2(C)C
332,5611,0.0,C=C(c1ccc(C(=O)O)cc1)c1cc2c(cc1C)C(C)(C)CCC2(C)C
333,5224,0.0,CCOc1nc2cccc(C(=O)OC(C)OC(=O)OC3CCCCC3)c2n1Cc1ccc(-c2ccccc2-c2nnn[nH]2)cc1
334,28555,0.0,Oc1c(Cl)cc(Cl)cc1Sc1cc(Cl)cc(Cl)c1O
335,12404,0.0,Oc1ccc(Cl)cc1Sc1cc(Cl)ccc1O
336,5009,0.0,CO[C@H]1C[C@@H]2CC[C@@H](C)[C@@](O)(O2)C(=O)C(=O)N2CCCC[C@H]2C(=O)O[C@H]([C@H](C)C[C@@H]2CC[C@@H](OCCO)[C@H](OC)C2)CC(=O)[C@H](C)/C=C(\C)[C@@H](O)[C@@H](OC)C(=O)[C@H](C)C[C@H](C)/C=C/C=C/C=C/1C
337,9156,0.0,O=C1OC2(c3ccc([O-])cc3Oc3cc([O-])ccc32)c2ccccc21.[Na+].[Na+]
338,27640,0.0,C=C(C)[C@H]1Cc2c(ccc3c2O[C@@H]2COc4cc(OC)c(OC)cc4[C@@H]2C3=O)O1
339,16541,0.0,C=C1CC[C@H](O)C/C1=C/C=C1\CCC[C@]2(C)[C@@H]([C@H](C)/C=C/[C@H](C)C(C)C)CC[C@@H]12
340,918,0.0,CC(C)(C)c1ccc(O)c(C(C)(C)C)c1
341,17,0.0,CCCCCCC(C)Nc1ccc(Nc2ccccc2)cc1
342,977,0.0,CCOC(=O)C1=C(C)NC(C)=C(C(=O)OC)C1c1cccc(Cl)c1Cl
343,29277,0.0,C=CC(=O)O[Sn](CCCC)(CCCC)CCCC
344,26846,0.0,CCCCCCCCCCCCN.Cl
345,5978,0.0,N#Cc1c(Cl)c(Cl)c(Cl)c(C#N)c1Cl
346,20235,0.0,CC1COC(Cn2cncn2)(c2ccc(Oc3ccc(Cl)cc3)cc2Cl)O1
347,17615,0.0,Oc1c(Cl)cc(Cl)c(Cl)c1Cc1c(O)c(Cl)cc(Cl)c1Cl
348,22375,0.0,CCOC(=O)N1CCC(=C2c3ccc(Cl)cc3CCc3cccnc32)CC1
349,1146,0.0,Clc1ccc(C(Cn2ccnc2)OCc2c(Cl)cccc2Cl)c(Cl)c1
350,27915,0.0,COc1cc([C@@H]2c3cc4c(cc3C(O[C@@H]3O[C@@H]5COC(c6cccs6)O[C@H]5[C@H](O)[C@H]3O)C3COC(=O)[C@@H]32)OCO4)cc(OC)c1O
351,1896,0.0,CC1(C)CCC(C)(C)c2cc(NC(=O)c3ccc(C(=O)O)cc3)ccc21
352,10955,0.0,O=C(O)CN(CC(=O)O)CC1=CC2C(=CC1=O)Oc1cc(O)c(CN(CC(=O)O)CC(=O)O)cc1C21OC(=O)c2ccccc21
353,21631,0.0,O=C1C(Cl)=C(Cl)C(=O)c2ccccc21
354,17505,0.0,CCCCCCCCCCCCOC(=O)c1cc(O)c(O)c(O)c1
355,5857,0.0,CCCCC(CC)COC(=O)c1ccc(O)cc1
356,4284,0.0,Oc1ccc(C2(c3ccc(O)cc3)CC3CC2C2CCCC32)cc1
357,14673,0.0,CCC(C)(C)c1ccc(O)c(C(C)(C)CC)c1
358,18811,0.0,CCCCCCCC/C=C\CCCCCCCCOCCO
359,141,0.0,CCCCCCCCCCCCCCn1cc[n+](C)c1.[Cl-]
360,24360,0.0,N#C[Au-]C#N.[K+]
361,5124,0.0,CO[C@H](C(=O)[C@@H](O)[C@@H](C)O)C1Cc2cc3cc(O[C@H]4C[C@@H](O[C@H]5C[C@@H](O)[C@H](O)[C@@H](C)O5)[C@@H](O)[C@@H](C)O4)c(C)c(O)c3c(O)c2C(=O)[C@H]1O[C@H]1C[C@@H](O[C@H]2C[C@@H](O[C@H]3C[C@](C)(O)[C@H](O)[C@@H](C)O3)[C@H](O)[C@@H](C)O2)[C@H](O)[C@@H](C)O1
362,6531,0.0,CO[C@H](C(=O)[C@@H](O)[C@@H](C)O)C1Cc2cc3cc(O[C@H]4C[C@@H](O[C@H]5C[C@@H](O)[C@H](O)[C@@H](C)O5)[C@@H](O)[C@@H](C)O4)c(C)c(O)c3c(O)c2C(=O)[C@H]1O[C@H]1C[C@@H](O[C@H]2C[C@@H](O[C@H]3C[C@](C)(O)[C@H](O)[C@@H](C)O3)[C@H](O)[C@@H](C)O2)[C@H](O)[C@@H](C)O1
363,4635,0.0,CCCC[Sn](CCCC)(CCCC)OC(=O)c1ccccc1
364,3717,0.0,FC(F)C(F)(F)OCC(Cn1cncn1)c1ccc(Cl)cc1Cl
365,1452,0.0,CCCC[Sn](CCCC)(OC(C)=O)OC(C)=O
366,4842,0.0,O=C(CCCCCCCCc1cccnc1)N1CCC(C=C(c2ccccc2)c2ccccc2)CC1
367,26113,0.0,CCOC(=O)C1=C(COCCN)NC(C)=C(C(=O)OC)C1c1ccccc1Cl.O=S(=O)(O)c1ccccc1
368,25335,0.0,O=C1OC2(c3ccc(O)cc3Oc3cc(O)ccc32)c2ccccc21
369,12313,0.0,Clc1ccc(CCC(Cn2ccnc2)Sc2c(Cl)cccc2Cl)cc1.O=[N+]([O-])O
370,21902,0.0,CC(C)(C)c1cc([N+](=O)[O-])cc(C(C)(C)C)c1O
371,9050,0.0,Cc1cccc(N(C)C(=S)Oc2ccc3ccccc3c2)c1
372,2837,0.0,CCCCC(CC)COP(=O)(O)OCC(CC)CCCC
373,26697,0.0,Cl[Au](Cl)Cl
374,24635,0.0,O=[N+]([O-])c1ccc(O)cc1C(F)(F)F
375,14085,0.0,C[C@H](CCC(=O)O)[C@H]1CC[C@H]2[C@@H]3CC[C@@H]4C[C@H](O)CC[C@]4(C)[C@H]3CC[C@]12C
376,6358,0.0,C[C@]1(Cn2ccnn2)[C@H](C(=O)[O-])N2C(=O)C[C@H]2S1(=O)=O.[Na+]
377,12516,0.0,O=[N+]([O-])c1ccc(O/N=C/c2cc(Br)c(O)c(Br)c2)c([N+](=O)[O-])c1
378,6960,0.0,C[C@]12Cc3nonc3C[C@@H]1CC[C@@H]1[C@@H]2CC[C@@]2(C)[C@H]1CC[C@]2(C)O
379,25936,0.0,COc1cc2c(c(OC)c1OC)-c1ccc(OC)c(=O)cc1[C@@H](NC(C)=O)CC2
380,13314,1.0,Clc1ccc(C(c2ccc(Cl)cc2)C(Cl)(Cl)Cl)cc1
381,5035,1.0,CCCCCCCCCCn1cc[n+](C)c1.F[P-](F)(F)(F)(F)F
382,5035,1.0,N#Cc1cc(I)c(O)c(I)c1
383,6076,1.0,O=C(CCl)c1ccccc1
384,17577,1.0,CC(C)(C)C(=O)OCOC(=O)C1N2C(=O)CC2S(=O)(=O)C1(C)C
385,26488,1.0,OC(c1ccc(Cl)cc1)(c1ccc(Cl)cc1)C(Cl)(Cl)Cl
386,16515,1.0,N#Cc1cc(Br)c(O)c(Br)c1
387,26889,1.0,CCCC[Sn](Cl)(Cl)CCCC
388,26427,1.0,CN1CCc2cc3c(cc2C1O)OCO3.Cl
389,3051,1.0,Clc1ccc2cc3ccccc3cc2c1
390,26922,1.0,C=CCOC(Cn1ccnc1)c1ccc(Cl)cc1Cl
391,378,1.0,COP(=S)(OC)Oc1ccc(Sc2ccc(OP(=S)(OC)OC)cc2)cc1
392,25307,1.0,Oc1c(Cl)c(Cl)cc(Cl)c1Cl
393,2595,1.0,Cc1c2oc3c(C)ccc(C(=O)N[C@@H]4C(=O)N[C@H](C(C)C)C(=O)N5CCC[C@H]5C(=O)N(C)CC(=O)N(C)[C@@H](C(C)C)C(=O)O[C@@H]4C)c3nc-2c(C(=O)N[C@@H]2C(=O)N[C@H](C(C)C)C(=O)N3CCC[C@H]3C(=O)N(C)CC(=O)N(C)[C@@H](C(C)C)C(=O)O[C@@H]2C)c(N)c1=O
394,26788,1.0,CCCC(Cn1cncn1)c1ccc(Cl)cc1Cl
395,25474,1.0,CC/C(=C(\c1ccccc1)c1ccc(OCCN(C)C)cc1)c1ccccc1
396,25905,1.0,CC[C@H]1CN2CCc3cc(OC)c(OC)cc3[C@@H]2C[C@@H]1C[C@H]1NCCc2cc(OC)c(OC)cc21.Cl.Cl
397,1217,1.0,CCCCCCCC[N+](C)(C)CCCCCCCC.[Cl-]
398,14186,1.0,CC[Hg]Sc1ccccc1C(=O)[O-].[Na+]
399,26465,1.0,CC(C)Nc1ccc(Nc2ccccc2)cc1
400,1478,1.0,Cl.O=C1CSC2(CCN(CCCN3c4ccccc4Sc4ccc(Cl)cc43)CC2)N1
401,26892,1.0,N#CSc1ccc([N+](=O)[O-])cc1[N+](=O)[O-]
402,2162,1.0,Nc1ccc2cc3ccccc3cc2c1
403,3369,1.0,CN1CCC(=C2c3ccccc3Sc3ccccc32)CC1.O=C(O)/C=C\C(=O)O
404,24205,1.0,CCCCCCCCCCCCCC[N+](C)(C)C.[Cl-]
405,274,1.0,CCN1C(=CC=Cc2ccc3ccccc3[n+]2CC)C=Cc2ccccc21.[I-]
406,26210,1.0,O.O.O=[Cr](=O)([O-])O[Cr](=O)(=O)[O-].[Na+].[Na+]
407,2901,1.0,[O-][n+]1ccccc1S[Zn]Sc1cccc[n+]1[O-]
408,28656,1.0,CN(C)c1ccc(C(=C2C=CC(=[N+](C)C)C=C2)c2ccccc2)cc1.CN(C)c1ccc(C(=C2C=CC(=[N+](C)C)C=C2)c2ccccc2)cc1.O=C(O)C(=O)O.O=C([O-])C(=O)O.O=C([O-])C(=O)O
409,25375,1.0,C[C@@H](O[C@H]1OCCN(CC2=NC(=O)N=N2)[C@H]1C1CCC(F)CC1)c1cc(C(F)(F)F)cc(C(F)(F)F)c1
410,28890,1.0,Cc1cc2c(C(C)C)c(O)c(O)c(C=O)c2c(O)c1-c1c(C)cc2c(C(C)C)c(O)c(O)c(C=O)c2c1O
411,103,1.0,CCCC[Sn](CCCC)(CCCC)O[Sn](CCCC)(CCCC)CCCC
412,1184,1.0,CCc1nn(CCCN2CCN(c3cccc(Cl)c3)CC2)c(=O)n1CCOc1ccccc1.Cl
413,202,1.0,O=C1C2CC=CCC2C(=O)N1SC(Cl)(Cl)Cl
414,25534,1.0,O=C1c2ccccc2C(=O)N1SC(Cl)(Cl)Cl
415,27434,1.0,Oc1c(Cl)cc(Cl)c(Cl)c1Cc1c(O)c(Cl)cc(Cl)c1Cl
416,2814,1.0,O=[N+]([O-])c1c(Cl)cccc1-c1c[nH]cc1Cl
417,28158,1.0,CS(=O)(=O)O.Cc1cc(CCN2CCN(c3nsc4ccccc34)CC2)cc2c1NC(=O)CC2(C)C
418,20683,1.0,Fc1ccc([C@@H]2CCNC[C@H]2COc2ccc3c(c2)OCO3)cc1
419,2370,1.0,O=C1NCCN1CCN1CCC(c2cn(-c3ccc(F)cc3)c3ccc(Cl)cc23)CC1
420,1071,1.0,CCCC1([C@H](O)C/C=C/[C@H]2[C@H](O)CC(=O)[C@@H]2CCCCCCC(=O)OC)CCC1
421,28576,1.0,O=C(CCl)c1ccc(Cl)cc1Cl
422,25502,1.0,O=C(CCl)c1ccc(Cl)cc1Cl
423,26636,1.0,CC[C@@H](C(=O)O)[C@@H]1O[C@@H]([C@@H](C)[C@H](O)[C@H](C)C(=O)[C@H](CC)[C@H]2O[C@]3(C=C[C@@H](O)[C@]4(CC[C@@](C)([C@H]5CC[C@](O)(CC)[C@H](C)O5)O4)O3)[C@H](C)C[C@@H]2C)[C@@H](C)C[C@@H]1C
424,3322,1.0,CN1C[C@H](CNC(=O)OCc2ccccc2)C[C@@H]2c3cccc4c3c(cn4C)C[C@H]21
425,2880,1.0,O=Nc1ccc(Nc2ccccc2)cc1
426,5670,1.0,COc1cc(/C=C/C(=O)CC(=O)/C=C/c2ccc(O)c(OC)c2)ccc1O
427,366,1.0,CCCCCCCCCCCCc1ccc(O)cc1
428,2370,1.0,S=C(SSC(=S)N1CCCCC1)N1CCCCC1
429,27433,1.0,CC[n+]1c(-c2ccccc2)c2cc(N)ccc2c2ccc(N)cc21.[Br-]
430,3706,1.0,CCCC[n+]1ccc(C)cc1.[Cl-]
431,3322,1.0,Cc1cc(-c2ccc(N=Nc3c(S(=O)(=O)[O-])cc4cc(S(=O)(=O)[O-])cc(N)c4c3O)c(C)c2)ccc1N=Nc1c(S(=O)(=O)[O-])cc2cc(S(=O)(=O)[O-])cc(N)c2c1O.[Na+].[Na+].[Na+].[Na+]
432,202,1.0,CN(C)C(=O)CCSC(SCCC(=O)[O-])c1cccc(/C=C/c2ccc3ccc(Cl)cc3n2)c1.[Na+]
433,14186,1.0,CN(C)C(=S)[S-].CN(C)C(=S)[S-].[Zn+2]
434,25895,1.0,C=C(C)[C@H]1Cc2c(ccc3c2O[C@@H]2COc4cc(OC)c(OC)cc4[C@@H]2C3=O)O1
435,27429,1.0,CC(O)C(=O)O[Hg]c1ccccc1
436,25646,1.0,CC1(COc2ccc(CC3SC(=O)NC3=O)cc2)CCCCC1
437,28590,1.0,COc1ccc(CN2CCN(C(c3ccc(F)cc3)c3ccc(F)cc3)CC2)c(OC)c1OC.Cl.Cl
438,25410,1.0,Cl.O[C@@H](CNC[C@H](O)[C@H]1CCc2cc(F)ccc2O1)[C@@H]1CCc2cc(F)ccc2O1
439,26722,1.0,N#CC(c1ccc(Cl)cc1)c1c(Cl)cc(-n2ncc(=O)[nH]c2=O)cc1Cl
440,2630,1.0,O=C1CCc2ccc(OCCCCN3CCN(c4cccc(Cl)c4Cl)CC3)cc2N1
441,26659,1.0,CN1CCN2c3ccccc3Cc3ccccc3C2C1
442,25535,1.0,N#CSCSC#N
443,2671,1.0,Nc1nc(N)c2nc(-c3ccccc3)c(N)nc2n1
444,26192,1.0,COc1cc2nc(N3CCN(C(=O)c4ccco4)CC3)nc(N)c2cc1OC
445,26470,1.0,O=C1Cc2cc(CCN3CCN(c4nsc5ccccc45)CC3)c(Cl)cc2N1
446,26452,1.0,CCOC(=O)C1=C(COCCN)NC(C)=C(C(=O)OC)C1c1ccccc1Cl.O=S(=O)(O)c1ccccc1
447,27776,1.0,Oc1c(Cl)cc(Cl)c2cccnc12
448,8956,1.0,COc1cc(/C=C/C(=O)CC(=O)/C=C/c2ccc(O)c(OC)c2)ccc1O
449,20742,1.0,Oc1ccc(O)cc1
450,26067,1.0,CCCCCCCCCCCCc1ccccc1O
451,26454,1.0,CCCCCCCCOc1ccccc1C(=O)Nc1ccc(C(=O)OCC[N+](C)(CC)CC)cc1.[Br-]
452,2796,1.0,O=[Cr](=O)([O-])O[Cr](=O)(=O)[O-].[K+].[K+]
453,25371,1.0,O=C([O-])c1ccccc1-c1c2cc(Br)c(=O)c(Br)c-2oc2c(Br)c([O-])c(Br)cc12.[Na+].[Na+]
454,25867,1.0,CC[C@@]1([C@@H]2O[C@@H]([C@H]3O[C@@](O)(CO)[C@H](C)C[C@@H]3C)C[C@@H]2C)CC[C@H]([C@]2(C)CC[C@]3(C[C@H](O)[C@@H](C)[C@@H]([C@@H](C)[C@@H](OC)[C@H](C)C(=O)[O-])O3)O2)O1.[Na+]
455,26754,1.0,O=[N+]([O-])c1ccc(Oc2ccc(N=C=S)cc2)cc1
456,3001,1.0,CC(C)=CCC1C(=O)N(c2ccccc2)N(c2ccccc2)C1=O
457,2898,1.0,C=C1CC[C@H](O)C/C1=C/C=C1\CCC[C@]2(C)[C@@H]([C@H](C)CCCC(C)(C)O)CC[C@@H]12
458,28911,1.0,c1ccc(-c2ccc(C(c3ccccc3)n3ccnc3)cc2)cc1
459,2364,1.0,C#C[C@]1(OC(C)=O)CC[C@H]2[C@@H]3CCC4=C/C(=N/O)CC[C@@H]4[C@H]3CC[C@@]21CC
460,28899,1.0,CC(=O)OCC(=O)[C@@]12N=C(C)O[C@@H]1C[C@H]1[C@@H]3CCC4=CC(=O)C=C[C@]4(C)[C@H]3[C@@H](O)C[C@@]12C
461,26639,1.0,CC(=O)OCC(=O)[C@@]12OC(C)(C)O[C@@H]1C[C@H]1[C@@H]3C[C@H](F)C4=CC(=O)C=C[C@]4(C)[C@@]3(F)[C@@H](O)C[C@@]12C
462,26425,1.0,C/C=C1\NC(=O)[C@H]2CSSCC/C=C/[C@H](CC(=O)N[C@H](C(C)C)C(=O)N2)OC(=O)[C@@H](C(C)C)NC1=O
463,13664,1.0,CC(C)c1ccc2oc3nc(N)c(C(=O)O)cc3c(=O)c2c1
464,573,1.0,Cc1nnc2n1-c1sc(CCc3ccc(CC(C)C)cc3)cc1C(c1ccccc1Cl)=NC2C
465,366,1.0,CCCN(CCC)C(=O)C(CCC(=O)OCCCN1CCN(CCOC(=O)Cc2c(C)n(C(=O)c3ccc(Cl)cc3)c3ccc(OC)cc23)CC1)NC(=O)c1ccccc1
466,2370,1.0,CO[C@]12CC[C@@]3(C[C@@H]1[C@](C)(O)C(C)(C)C)[C@H]1Cc4ccc(O)c5c4[C@@]3(CCN1CC1CC1)[C@H]2O5.Cl
467,27766,1.0,CCOC(=O)c1ccc([C@H]2CC[C@H](NC[C@H](O)COc3ccc(O)c(NS(C)(=O)=O)c3)CC2)cc1.Cl
468,4662,1.0,CC[C@@]1(O)C[C@H](O[C@H]2C[C@H](N(C)C)[C@H](O[C@H]3C[C@H](O)[C@H](O[C@H]4CCC(=O)[C@H](C)O4)[C@H](C)O3)[C@H](C)O2)c2c(cc3c(c2O)C(=O)c2c(O)cccc2C3=O)[C@H]1C(=O)OC.Cl
469,24836,1.0,N=C(N)NC(=O)c1nc(Cl)c(N)nc1N
470,13989,1.0,ClC1=C(Cl)[C@@]2(Cl)[C@@H]3[C@@H](Cl)C(Cl)C[C@@H]3C1(Cl)C2(Cl)Cl
471,20683,1.0,O=C(Nc1ccc([N+](=O)[O-])cc1Cl)c1cc(Cl)ccc1O
472,274,1.0,CN(C)CCCN1c2ccccc2CCc2ccc(Cl)cc21
473,433,1.0,CS(=O)(=O)O.Cc1c(O)cccc1C(=O)N[C@@H](CSc1ccccc1)[C@H](O)CN1C[C@H]2CCCC[C@H]2C[C@H]1C(=O)NC(C)(C)C
474,26410,1.0,CCCCCCCCCCCCCCCCCCn1cc[n+](C)c1.F[P-](F)(F)(F)(F)F
475,2673,1.0,OCCN1CCN(CCCN2c3ccccc3Sc3ccc(C(F)(F)F)cc32)CC1
476,29079,1.0,CNCCC(Oc1ccc(C(F)(F)F)cc1)c1ccccc1
477,11980,1.0,Nc1ccc2cc3ccccc3cc2c1
478,2999,1.0,CCCCCCCC(=O)CC[C@@H]1[C@@H](C/C=C\CCCC(=O)OC(C)C)[C@@H](O)C[C@H]1O
479,378,1.0,O[Sn](c1ccccc1)(c1ccccc1)c1ccccc1
480,57,1.0,C#C[C@]1(O)CC[C@H]2[C@@H]3CCC4=C/C(=N/O)CC[C@@H]4[C@H]3CC[C@@]21CC
481,27569,1.0,NC(=O)n1c(O)c(C(=O)c2cccs2)c2cc(Cl)ccc21
482,9217,1.0,CCCCNC(=O)OCC#CI
483,4781,1.0,CC(=O)c1ccc2c(c1)N(CCCN1CCN(CCO)CC1)c1ccccc1S2.O=C(O)/C=C\C(=O)O.O=C(O)/C=C\C(=O)O
484,366,1.0,CC/C(=C(\c1ccccc1)c1ccc(OCCN(C)C)cc1)c1ccccc1.O=C(O)CC(O)(CC(=O)O)C(=O)O
485,5050,1.0,CC(C)(C)c1csc(-c2cc3cc(OCc4ccccc4CC(=O)O)ccc3o2)n1
486,6796,1.0,CCc1cc(SCc2sc(-c3ccc(C(F)(F)F)cc3)nc2CN2CCN(c3ccc(OC)cc3)CC2)ccc1OCC(=O)O
487,28524,1.0,COC(=O)[C@@]1(C)[C@H](C)C[C@H]2[C@@H]3CCC4=CC(=O)C=C[C@]4(C)[C@H]3[C@@H](O)C[C@@]21C
488,2329,1.0,O=C1C=C2C=C[C@@H]3C[C@@]2(O1)[C@H]1CCCCN31
489,3303,1.0,C=CCC1=C(C)[C@@H](OC(=O)[C@@H]2[C@@H](C=C(C)C)C2(C)C)CC1=O
490,28621,1.0,CC1(CN2CCC(n3c(=O)[nH]c4ccccc43)CC2)OCc2ccccc2-n2cccc21
491,3422,1.0,O=c1[nH]sc2ccccc12
492,28645,1.0,C[C@@]12C(=O)OC(=O)[C@]1(C)C1CCC2O1
493,28931,1.0,O=C(c1ccc(OCCN2CCCCC2)cc1)c1c(-c2ccc(O)cc2)sc2cc(O)ccc12
494,26806,1.0,CCCCC1C(=O)N(c2ccccc2)N(c2ccc(O)cc2)C1=O
495,26949,1.0,COc1c(C)c2c(c(O)c1C/C=C(\C)CCC(=O)OCCN1CCOCC1)C(=O)OC2
496,25367,1.0,CC[n+]1c(-c2ccccc2)c2cc(N)ccc2c2ccc(N)cc21.[Br-]
497,26114,1.0,CC[n+]1c(-c2ccccc2)c2cc(N)ccc2c2ccc(N)cc21.[Br-]
498,28530,1.0,O=S(=O)([O-])c1ccccc1C=Cc1ccc(-c2ccc(C=Cc3ccccc3S(=O)(=O)[O-])cc2)cc1.[Na+].[Na+]
499,26067,1.0,[O-][n+]1ccccc1S[Zn]Sc1cccc[n+]1[O-]
500,2904,1.0,C=CC(=O)OCC(O)COc1ccccc1
501,20674,1.0,COc1cc2c(c(OC)c1OC)-c1ccc(OC)c(=O)cc1[C@@H](NC(C)=O)CC2
502,26647,1.0,CC(=O)OCC(=O)[C@@]12OC3(CCCC3)O[C@@H]1C[C@H]1[C@@H]3CCC4=CC(=O)C=C[C@]4(C)[C@@]3(F)[C@@H](O)C[C@@]12C
503,16508,1.0,CC(C)CC(C)N(c1ccccc1)c1ccc(N)cc1
504,27435,1.0,COCCOC(=O)C1=C(C)NC(C)=C(C(=O)OC/C=C/c2ccccc2)C1c1cccc([N+](=O)[O-])c1
505,28639,1.0,CCc1nc(N)nc(N)c1-c1ccc(Cl)cc1
506,2901,1.0,CCCC[Sn](Cl)(CCCC)CCCC
507,3502,1.0,CCN(CC)CCOc1ccc(C(=C(Cl)c2ccccc2)c2ccccc2)cc1
508,28612,1.0,COC(=O)C1=C(C)NC(C)=C(C(=O)OCCN2CCN(C(c3ccccc3)c3ccccc3)CC2)C1c1cccc([N+](=O)[O-])c1.Cl.Cl
509,26223,1.0,CN1CCc2cccc3c2[C@H]1Cc1ccc(O)c(O)c1-3.CN1CCc2cccc3c2[C@H]1Cc1ccc(O)c(O)c1-3.Cl.Cl.O
510,3333,1.0,Cl.Cl.O=C1c2c(O)ccc(O)c2C(=O)c2c(NCCNCCO)ccc(NCCNCCO)c21
511,26460,1.0,CC(CN1c2ccccc2Sc2ccccc21)N(C)C.Cl
512,25511,1.0,CCCSc1cc(OC)c(CCN)cc1OC.Cl
513,4523,1.0,Cl.Nc1c2ccccc2nc2ccccc12.O
514,25365,1.0,COc1cccc2c1C(=O)c1c(O)c3c(c(O)c1C2=O)C[C@@](O)(C(=O)CO)C[C@@H]3O[C@H]1C[C@H](N)[C@H](O)[C@H](C)O1.Cl
515,714,1.0,COc1ccc(/C=C/C(=O)Nc2ccccc2C(=O)O)cc1OC
516,3061,1.0,CCCCCCCCCCCCn1cc[n+](C)c1.F[P-](F)(F)(F)(F)F
517,3300,1.0,COC(COC(N)=O)C1=C(N2CC2)C(=O)C(C)=C(N2CC2)C1=O
518,25633,1.0,Nc1nc2nc[nH]c2c(=S)[nH]1
519,1371,1.0,CC(C(=O)O)c1ccc(C(=O)c2ccccc2)s1
520,26756,1.0,Cc1c(C(=O)NN2CCCCC2)nn(-c2ccc(Cl)cc2Cl)c1-c1ccc(Cl)cc1
521,25254,1.0,N[C@@H](Cc1ccc(N(CCCl)CCCl)cc1)C(=O)O
522,25647,1.0,O=C(O)c1ccc(-n2nc(-c3ccccc3O)nc2-c2ccccc2O)cc1
523,5527,1.0,O=C(O)c1cc(O)c2ccccc2c1O
524,25306,1.0,CC[C@]1(O)C[C@@H]2C[N@@](CCc3c([nH]c4ccccc34)[C@@](C(=O)OC)(c3cc4c(cc3OC)N(C)[C@H]3[C@@](O)(C(=O)OC)[C@H](OC(C)=O)[C@]5(CC)C=CCN6CC[C@]43[C@@H]65)C2)C1.O=S(=O)(O)O
525,26773,1.0,O=C([O-])C[C@H](O)CC(O)/C=C/c1c(C2CC2)nc2ccccc2c1-c1ccc(F)cc1.O=C([O-])C[C@H](O)C[C@H](O)/C=C/c1c(C2CC2)nc2ccccc2c1-c1ccc(F)cc1.[Ca+2]
526,3581,1.0,CC[C@@]1(O)C(=O)OCc2c1cc1n(c2=O)Cc2cc3c([N+](=O)[O-])cccc3nc2-1
527,26480,1.0,Clc1ccc(C(Cn2ccnc2)OCc2csc3c(Cl)cccc23)c(Cl)c1.O=[N+]([O-])O
528,1087,1.0,C(=Cc1ccncc1)c1ccccc1
529,25946,1.0,CC(=O)O[Hg]c1ccccc1
530,26279,1.0,Cc1ccc(-n2nc(C(C)(C)C)cc2NC(=O)Nc2ccc(OCCN3CCOCC3)c3ccccc23)cc1
531,26433,1.0,COC(=O)C1=C(C)NC(C)=C(C(=O)OC)C1c1ccccc1[N+](=O)[O-]
532,26776,1.0,CC1=C(/C=C/C(C)=C/C=C/C(C)=C/C=C/C=C(C)/C=C/C=C(C)/C=C/C2=C(C)C[C@@H](O)CC2(C)C)C(C)(C)C[C@H](O)C1
533,26478,1.0,Cc1cc(Nc2ccccc2C(=O)O)ccc1Cl
534,28638,1.0,C/C(=C\c1csc(C)n1)C1C[C@@H]2O[C@]2(C)CCC[C@H](C)C(O)[C@@H](C)C(=O)C(C)(C)[C@@H](O)CC(=O)O1
535,25642,1.0,CCc1cc(Cc2cc(CC)c(N)c(CC)c2)cc(CC)c1N
536,26677,1.0,CCCCOCCOP(=O)(OCCOCCCC)OCCOCCCC
537,13512,1.0,CCCCc1oc2ccccc2c1C(=O)c1cc(I)c(OCCN(CC)CC)c(I)c1
538,614,1.0,CCCCc1oc2ccccc2c1C(=O)c1cc(I)c(OCCN(CC)CC)c(I)c1.Cl
539,3000,1.0,CCOc1ccc(Cc2nccc3cc(OCC)c(OCC)cc23)cc1OCC.Cl
540,3004,1.0,Cl.O=C(CCCN1CCC(O)(c2cccc(C(F)(F)F)c2)CC1)c1ccc(F)cc1
541,3352,1.0,Cl.O=C(c1ccc(OCCN2CCCCC2)cc1)c1c(-c2ccc(O)cc2)sc2cc(O)ccc12
542,26599,1.0,Cl[Hg]c1ccccc1
543,22424,1.0,N#Cc1c(Cl)c(Cl)c(Cl)c(C#N)c1Cl
544,2998,1.0,Oc1cc(Cl)c(Cl)c(Cl)c1Cl
545,3794,1.0,OCC(c1ccc(Cl)cc1)c1ccc(Cl)cc1
546,3276,1.0,Cc1nc2ccccc2n1Cc1ccc(Cl)cc1
547,28789,1.0,O=C(Nc1ccc(Cl)cc1)Nc1ccc(Cl)c(Cl)c1
548,3350,1.0,CN(C)S(=O)(=O)N(SC(F)(Cl)Cl)c1ccccc1
549,3350,1.0,CC(C)[C@@]1(NC(=O)[C@@H]2C[C@@H]3c4cccc5[nH]cc(c45)C[C@H]3N(C)C2)O[C@@]2(O)[C@@H]3CCCN3C(=O)[C@H](Cc3ccccc3)N2C1=O
550,16496,1.0,CN[C@H]1CCc2cc(OC)c(OC)c(OC)c2-c2ccc(OC)c(=O)cc21
551,1144,1.0,COc1ccccc1NC(=O)c1cc2ccccc2cc1O
552,2999,1.0,F[Sn](c1ccccc1)(c1ccccc1)c1ccccc1
553,28879,1.0,O=C(O)c1ccccc1Nc1cccc(C(F)(F)F)c1
554,25699,1.0,N#C/C(=C1/SC[C@@H](c2ccc(Cl)cc2Cl)S1)n1ccnc1
555,28868,1.0,CCCCC[C@H](O)/C=C/[C@@H]1[C@@H](C/C=C\CCCC(=O)O)[C@@H](O)C[C@H]1O.COC(N)(CO)CO
556,25759,1.0,Cc1cc([N+](=O)[O-])cc([N+](=O)[O-])c1O
557,25442,1.0,CC(=O)O[C@H]1C(=O)[C@@]2(C)[C@H]([C@H](OC(=O)c3ccccc3)[C@]3(O)C[C@H](OC(=O)[C@H](O)[C@@H](NC(=O)c4ccccc4)c4ccccc4)C(C)=C1C3(C)C)[C@]1(OC(C)=O)CO[C@@H]1C[C@@H]2O
558,26461,1.0,CC(C)C[C@H](NC(=O)[C@H](Cc1ccccc1)NC(=O)c1cnccn1)B(O)O
559,14286,1.0,O=C(O)[C@@H](S)[C@H](S)C(=O)O
560,28593,1.0,O=C(O)Cc1cc(I)c(Oc2ccc(O)c(I)c2)c(I)c1
561,3552,1.0,C[C@@H]1CC[C@H]2[C@@H](C)C(OC(=O)CCC(=O)O)OC3O[C@@]4(C)CC[C@@H]1C32OO4
562,4834,1.0,O=C(O)Cn1c2ccccc2c(=O)c2ccccc21
563,3094,1.0,Cc1cc(SCc2sc(-c3ccc(C(F)(F)F)c(F)c3)nc2C)ccc1OCC(=O)O
564,25930,1.0,COC(=O)N(OC)c1ccccc1COc1ccn(-c2ccc(Cl)cc2)n1
565,1188,1.0,O=c1ccc2cc(O[C@@H]3O[C@H](CO)[C@@H](O)[C@H](O)[C@H]3O)c(O)cc2o1
566,14769,1.0,O=c1[nH]c2ccccc2n1CCCN1CCN(C(c2ccccc2)c2ccccc2)CC1
567,1957,1.0,COc1cc([C@@H]2c3cc4c(cc3C(O[C@@H]3O[C@@H]5CO[C@@H](C)O[C@H]5[C@H](O)[C@H]3O)C3COC(=O)[C@@H]32)OCO4)cc(OC)c1OP(=O)(O)O
568,2999,1.0,Cc1ccc2c(Br)cc(Br)c(O)c2n1
569,3540,1.0,CC(C)CC(C)(c1ccc(O)cc1)c1ccc(O)cc1
570,26036,1.0,Oc1ccc2[nH]cc(CCCCN3CC=C(c4ccccc4)CC3)c2c1
571,433,1.0,CCCCCCCCCCn1cc[n+](C)c1.[Br-]
572,3679,1.0,C[C@H](CCC(=O)[O-])[C@H]1CC[C@H]2[C@@H]3CC[C@@H]4C[C@H](O)CC[C@]4(C)[C@H]3C[C@H](O)[C@]12C.[Na+]
573,25965,1.0,c1cc(N(CC2CO2)CC2CO2)ccc1Cc1ccc(N(CC2CO2)CC2CO2)cc1
574,432,1.0,CC(=O)S[C@@H]1CC2=CC(=O)CC[C@]2(C)[C@H]2CC[C@@]3(C)[C@@H](CC[C@@]34CCC(=O)O4)[C@H]12
575,2649,1.0,CC(C)(C)c1ccc(O)c(C(C)(C)C)c1
576,28923,1.0,Cc1cc(C)c(C=C2C(=O)Nc3ccccc32)[nH]1
577,27006,1.0,CN(Cc1cc(Br)cc(Br)c1N)C1CCCCC1.Cl
578,260,1.0,Cl.N=C1C=CC(=C(c2ccc(N)cc2)c2ccc(N)cc2)C=C1
579,4523,1.0,O=C1C(Cl)=C(Cl)C(=O)C(Cl)=C1Cl
580,27477,1.0,Nc1cc(Cl)c(-c2cc(Cl)c(N)cc2Cl)cc1Cl
581,25086,1.0,C=CCOC(Cn1ccnc1)c1ccc(Cl)cc1Cl
582,26323,1.0,Cc1ccc(N(SC(F)(Cl)Cl)S(=O)(=O)N(C)C)cc1
583,3590,1.0,CN1C[C@H](C(=O)N[C@]2(C)O[C@@]3(O)[C@@H]4CCCN4C(=O)[C@H](Cc4ccccc4)N3C2=O)C[C@@H]2c3cccc4[nH]cc(c34)C[C@H]21
584,1277,1.0,COc1cc([C@@H]2c3cc4c(cc3[C@H](O)[C@H]3COC(=O)[C@H]23)OCO4)cc(OC)c1OC
585,2353,1.0,Fc1ccccc1[C@@H](F)CO[C@H]1CC[C@H](Nc2[nH]cnc3nncc2-3)CC1
586,11980,1.0,CCC(C)c1cc([N+](=O)[O-])cc([N+](=O)[O-])c1O
587,28158,1.0,CCCCCCCC/C=C\CCCCCCCC(=O)N(CCO)CCO
588,202,1.0,CN1C(=O)[C@@H](NC(=O)c2cc3ccccc3[nH]2)N=C(c2ccccc2)c2ccccc21
589,13664,1.0,CCCOc1ccc2[nH]c(NC(=O)OC)nc2c1
590,1267,1.0,O=C1C(Cl)=C(Cl)C(=O)c2ccccc21
591,13562,1.0,O=C1c2ccccc2C(=O)N1SC1CCCCC1
592,13562,1.0,C=CCOC(Cn1ccnc1)c1ccc(Cl)cc1Cl.O=S(=O)(O)O
593,567,1.0,O=C(O)c1ccc([Hg]Cl)cc1
594,6797,1.0,Oc1cc(Cl)c(Cl)c(Cl)c1
595,25460,1.0,CCC(C)(C)c1ccc(O)c(C(C)(C)CC)c1
596,26829,1.0,OCC(S)CS
597,3037,1.0,O=[N+]([O-])c1ccc2ccc3cccc4ccc1c2c34
598,20438,1.0,CC(C)N1C(=O)N(c2ccccc2)CSC1=NC(C)(C)C
599,2574,1.0,CC(=O)O[C@@]12CO[C@@H]1C[C@H](O)[C@@]1(C)C(=O)[C@H](O)C3=C(C)[C@@H](OC(=O)[C@H](O)[C@@H](NC(=O)OC(C)(C)C)c4ccccc4)C[C@@](O)([C@@H](OC(=O)c4ccccc4)[C@H]21)C3(C)C
600,3302,1.0,CC1=C(/C=C/C(C)=C/C=C/C(C)=C/C(=O)O)C(C)(C)CCC1
601,28652,1.0,Cc1ccc(OP(=O)(Oc2ccc(C)cc2)Oc2ccc(C)cc2)cc1
602,20750,1.0,CC1(c2ccc(Oc3ccccc3)cc2)OC(=O)N(Nc2ccccc2)C1=O
603,2667,1.0,CCCCC(CC)COP(=O)(O)OCC(CC)CCCC
604,3061,1.0,Oc1c(Cl)c(Cl)c(Cl)c(Cl)c1Cl
605,1478,1.0,CC(C)(C)NCC(O)c1cc(Cl)c(N)c(Cl)c1
606,25985,1.0,CCCCCCCCn1cc[n+](C)c1.O=S(=O)([N-]S(=O)(=O)C(F)(F)F)C(F)(F)F
607,26782,1.0,O=[N+]([O-])c1ccc(O)c([N+](=O)[O-])c1
608,16515,1.0,C[C@]12CCC(=O)C=C1[C@@H]1C[C@@H]1[C@H]1[C@@H]3[C@@H]4C[C@@H]4[C@@]4(CCC(=O)O4)[C@@]3(C)CC[C@@H]12
609,20554,1.0,Oc1ccc(O)cc1
610,25907,1.0,CCCCC(CC)COC(=O)CC(C(=O)OCC(CC)CCCC)S(=O)(=O)[O-].[Na+]
611,2731,1.0,BrC1CCC(Br)C(Br)CCC(Br)C(Br)CCC1Br
612,28898,1.0,CC1=C(/C=C/C(C)=C/C=C/C(C)=C/C(=O)O)C(C)(C)CCC1
613,25555,1.0,CC1(C)N=C(N)N=C(N)N1c1ccc(Cl)cc1.Cl
614,3158,1.0,COP(=O)(OC)OC(=CCl)c1cc(Cl)c(Cl)cc1Cl
615,890,1.0,Oc1c(Cl)cc(Cl)c(Cl)c1Cl
616,3016,1.0,O=C1c2ccccc2C(=O)C1C(=O)C(c1ccccc1)c1ccc(Cl)cc1
617,3753,1.0,COc1cc(C(=O)NC2CCN(C)CC2)ccc1Nc1ncc2c(n1)N(C1CCCC1)CC(F)(F)C(=O)N2C
618,3353,1.0,CCC(Cc1c(I)cc(I)c(O)c1I)C(=O)O
619,2880,1.0,CC1(C)[C@@H](O)CC[C@]2(C)[C@H]3C(=O)C=C4[C@@H]5C[C@@](C)(C(=O)O)CC[C@]5(C)CC[C@@]4(C)[C@]3(C)CC[C@@H]12
620,26626,1.0,CC1(C)S[C@@H]2[C@H](NC(=O)[C@H](N)c3ccccc3)C(=O)N2[C@H]1C(=O)OCOC(=O)[C@@H]1N2C(=O)C[C@H]2S(=O)(=O)C1(C)C.Cc1ccc(S(=O)(=O)O)cc1
621,1087,1.0,Oc1ccc(C(c2ccc(O)cc2)C(Cl)(Cl)Cl)cc1
622,1372,1.0,CCCCCCCCCCn1cc[n+](C)c1.[Cl-]
623,28905,1.0,O=C([O-])c1ccccc1-c1c2cc(I)c(=O)c(I)c-2oc2c(I)c([O-])c(I)cc12.[Na+].[Na+]
624,2609,1.0,CCOC(=O)c1ccccc1C(=C1C=C(Br)C(=O)C(Br)=C1)c1cc(Br)c(O)c(Br)c1
625,26078,1.0,C#C[C@@]1(O)CC[C@H]2[C@@H]3CCC4=CCCC[C@@H]4[C@H]3CC[C@@]21C
626,3667,1.0,CCCC(=O)OC[C@@H](OC(=O)CCC)[C@@H](OC(=O)CCC)[C@H](Cn1c2nc(=O)[nH]c(=O)c-2nc2cc(C)c(C)cc21)OC(=O)CCC
627,26462,1.0,COc1cccc2c1C(=O)c1c(O)c3c(c(O)c1C2=O)C[C@@](O)(C(C)=O)C[C@@H]3O[C@H]1C[C@H](N)[C@H](O)[C@H](C)O1.Cl
628,3316,1.0,CO/N=C(/C(=O)OC)c1ccccc1CON=C(C)c1cccc(C(F)(F)F)c1
629,3260,1.0,Nc1ccc(Nc2ccccc2)cc1
630,1185,1.0,O=[N+]([O-])c1ccc(O)c([N+](=O)[O-])c1
631,20747,1.0,CC1(C)CCC(C)(C)c2cc(C(=O)Nc3ccc(C(=O)O)cc3)ccc21
632,2974,1.0,Cc1cc(=O)oc2cc(O)cc(O)c12
633,614,1.0,N#Cc1cc(Br)c(O)c(Br)c1
634,26805,1.0,O=P(OCC(Br)CBr)(OCC(Br)CBr)OCC(Br)CBr
635,26198,1.0,CC(C)N(C(=O)CCl)c1ccccc1
636,25354,1.0,C[C@H]1CC[C@@H]2[C@@H](C)[C@H]3[C@H](C[C@H]4[C@@H]5CC=C6CC(O[C@@H]7O[C@H](CO)[C@H](O)[C@H](O[C@@H]8O[C@H](CO)[C@@H](O)[C@H](O)[C@H]8O)[C@H]7O[C@H]7O[C@@H](C)[C@H](O)[C@@H](O)[C@H]7O)CC[C@]6(C)[C@H]5CC[C@]34C)N2C1
637,38,1.0,O=C(Nc1ccccc1)c1ccccc1O
638,505,1.0,CCCCCCCCC(CCCCCC)C(=O)O
639,283,1.0,CC(C)(c1ccccc1)c1ccc(Nc2ccc(C(C)(C)c3ccccc3)cc2)cc1
640,28623,1.0,O=C(NC(=O)c1c(F)cccc1F)Nc1ccc(OC(F)(F)C(F)OC(F)(F)F)c(Cl)c1
641,28889,1.0,CCOP(=O)(OCC)Oc1nc(Cl)c(Cl)cc1Cl
642,2593,1.0,CCCCCCCCn1cc[n+](C)c1.O=S(=O)([O-])C(F)(F)F
643,3488,1.0,O=C(Nc1ccccc1)c1cc([N+](=O)[O-])ccc1Cl
644,14113,1.0,CCCCCCCCCC(CC)c1ccc(S(=O)(=O)O)cc1
645,3644,1.0,CCCCCCCCCC(CC)c1ccc(S(=O)(=O)[O-])cc1.[Na+]
646,3016,1.0,CC(C=O)Cc1ccc(C(C)(C)C)cc1
647,2584,1.0,CC(C)C(Nc1ccc(C(F)(F)F)cc1Cl)C(=O)OC(C#N)c1cccc(Oc2ccccc2)c1
648,2474,1.0,Cc1cccc(Nc2ccccc2C(=O)O)c1C
649,25602,1.0,O=C(OCC(COC(=O)c1ccccc1)(COC(=O)c1ccccc1)COC(=O)c1ccccc1)c1ccccc1
650,21206,1.0,ClC1=C(Cl)C(Cl)(Cl)C(Cl)=C1Cl
651,2894,1.0,[O-][n+]1ccccc1SSc1cccc[n+]1[O-]
652,803,1.0,CCOCn1c(-c2ccc(Cl)cc2)c(C#N)c(Br)c1C(F)(F)F
653,3049,1.0,Cl.Cl.OCCN1CCN(CCCN2c3ccccc3C=Cc3ccccc32)CC1
654,26628,1.0,CCNC(=O)N1CCN(CCCC(c2ccc(F)cc2)c2ccc(F)cc2)CC1.Cl
655,2915,1.0,CCCCCCCCn1sccc1=O
656,25967,1.0,Cc1cc2nc3ccc(N(C)C)cc3[s+]c2cc1N.[Cl-]
657,1961,1.0,O=[N+]([O-])c1ccc(O)c2ncccc12
658,563,1.0,O=[N+]([O-])c1cc(C(F)(F)F)c(Cl)c([N+](=O)[O-])c1Nc1ncc(C(F)(F)F)cc1Cl
659,43,1.0,CC[C@H](C)C(=O)O[C@H]1C[C@@H](C)C=C2C=C[C@H](C)[C@H](CC[C@@H]3C[C@@H](O)CC(=O)O3)[C@H]21
660,14113,1.0,CCC(C)(C)c1ccc(CC(C)CN2C[C@@H](C)O[C@@H](C)C2)cc1
661,13664,1.0,c1cc(C(c2ccc(OCC3CO3)cc2)c2ccc(OCC3CO3)cc2)ccc1OCC1CO1
662,3380,1.0,CCC(C)[C@H]1O[C@]2(C=C[C@@H]1C)C[C@@H]1C[C@@H](C/C=C(\C)[C@@H](O[C@H]3C[C@H](OC)[C@@H](O[C@H]4C[C@H](OC)[C@H](NC(C)=O)[C@H](C)O4)[C@H](C)O3)[C@@H](C)/C=C/C=C3\CO[C@@H]4[C@H](O)C(C)=C[C@@H](C(=O)O1)[C@]34O)O2
663,26187,1.0,CC(C)(C)c1cc(O)ccc1O
664,2367,1.0,CCN(CC)C(=S)SSC(=S)N(CC)CC
665,22436,1.0,CCc1ccc2c(c1)N(CC(C)CN(C)C)c1ccccc1S2.Cl
666,25103,1.0,O=C(Nc1ccc(Cl)cc1)Nc1ccc(Cl)c(Cl)c1
667,22324,1.0,CSc1ccc2c(c1)C(N1CCN(C)CC1)Cc1ccccc1S2
668,25764,1.0,COc1ccc(CCN(C)CCCC(C#N)(c2ccc(OC)c(OC)c2)C(C)C)cc1OC
669,26727,1.0,COc1ccc(C(=O)/C(Br)=C\C(=O)O)cc1
670,25099,1.0,COc1ccc(C2NC(=S)N3C(c4ccc(OC)c(OC)c4)NC(=S)N23)cc1OC
671,26201,1.0,O=C(Nc1ccc(Cl)cc1)Nc1ccc(Cl)c(C(F)(F)F)c1
672,2562,1.0,N=C(N)NN=C(C=Cc1ccc([N+](=O)[O-])o1)C=Cc1ccc([N+](=O)[O-])o1
673,113,1.0,O=C(Nc1ccc(Br)cc1)c1cc(Br)c(Br)s1
674,3192,1.0,O=C(NOCC1CC1)c1ccc(F)c(F)c1Nc1ccc(I)cc1Cl
675,3258,1.0,CCC(=O)c1ccc2c(c1)N(CCCN1CCN(CCO)CC1)c1ccccc1S2.O=C(O)/C=C\C(=O)O.O=C(O)/C=C\C(=O)O
676,25479,1.0,O=C(Nc1cccc(C(F)(F)F)c1)c1cc(Br)cc(Br)c1O
677,3589,1.0,Cc1ccc2c(Cl)cc(Cl)c(O)c2n1
678,573,1.0,CCCCCCCCCCCCc1ccccc1O
679,838,1.0,OCc1cc(C(O)CNCCCCCCOCCCCc2ccccc2)ccc1O
680,3706,1.0,O=C(O)c1ccc2ccccc2c1O.OCc1cc(C(O)CNCCCCCCOCCCCc2ccccc2)ccc1O
681,2377,1.0,[Cl-].[Cl-].[Hg+2]
682,3300,1.0,CC[C@@]1([C@@H]2O[C@@H]([C@H]3O[C@@](O)(CO)[C@H](C)C[C@@H]3C)C[C@@H]2C)CC[C@H]([C@]2(C)CC[C@]3(C[C@H](O)[C@@H](C)[C@@H]([C@@H](C)[C@@H](OC)[C@H](C)C(=O)[O-])O3)O2)O1.[Na+]
683,5861,1.0,CN1C(=O)CN=C(c2ccccc2)c2cc([N+](=O)[O-])ccc21
684,20674,1.0,Cc1cc(Br)ccc1NC(=O)CCl
685,5536,1.0,C=C1/C(=C\C=C2/CCC[C@]3(C)[C@@H]([C@H](C)/C=C/[C@H](C)C(C)C)CC[C@@H]23)C[C@@H](O)C[C@@H]1O
686,27435,1.0,C=C1CC[C@H](O)C/C1=C/C=C1\CCC[C@]2(C)[C@@H]([C@H](C)CC[C@@H](O)C(C)(C)O)CC[C@@H]12
687,28778,1.0,c1ccc2c(c1)OCC(C1=NCCN1)O2
688,29112,1.0,C=C[C@@]1(C)CC(=O)[C@]2(O)[C@@]3(C)[C@@H](O)CCC(C)(C)[C@@H]3[C@H](O)[C@H](OC(C)=O)[C@@]2(C)O1
689,16496,1.0,Cc1cccc(C)c1OCC(=O)N[C@@H](Cc1ccccc1)[C@@H](O)C[C@H](Cc1ccccc1)NC(=O)[C@H](C(C)C)N1CCCNC1=O
690,708,1.0,CC(C)COCC(CN(Cc1ccccc1)c1ccccc1)N1CCCC1
691,7441,1.0,CC(O)C#CC(C)O
692,3016,1.0,Cc1c(C)c2c(c(C)c1O)CCC(C)(COc1ccc(CC3SC(=O)NC3=O)cc1)O2
693,573,1.0,CCCCCc1cc(O)c2c(c1)OC(C)(C)[C@@H]1CCC(C)=C[C@@H]21
694,13512,1.0,CCN(CC)C(=S)SSC(=S)N(CC)CC
695,20747,1.0,CC[C@H](OC(C)=O)C(C[C@H](C)NC)(c1ccccc1)c1ccccc1.Cl
696,1414,1.0,CN(CCCl)CCCl.Cl
697,6089,1.0,CN(C)CCC=C1c2ccccc2CCc2ccccc21.Cl
698,843,1.0,CNCCC=C1c2ccccc2CCc2ccccc21.Cl
699,24836,1.0,COc1ccc(-c2nc3cc(C4=NNC(=O)CC4C)ccc3[nH]2)cc1.Cl
700,14192,1.0,CN(C)CCCN1c2ccccc2Sc2ccc(C(F)(F)F)cc21.Cl
701,25254,1.0,CCC1OC(=O)C[C@@H](O)[C@H](C)[C@@H](O[C@@H]2O[C@H](C)C[C@H](N(C)C)[C@H]2O)[C@@H](CC=O)C[C@@H](C)C(=O)/C=C/[C@]2(C)OC2C1C
702,27137,1.0,CN(C)C(=S)SSC(=S)N(C)C
703,28529,1.0,COC(=O)[C@H]1[C@H]2C[C@@H]3c4[nH]c5ccccc5c4CCN3C[C@H]2C[C@@H](OC(=O)c2cc(OC)c(OC)c(OC)c2)[C@@H]1OC
704,4554,1.0,OCCN1CCN(CC/C=C2/c3ccccc3Sc3ccc(C(F)(F)F)cc32)CC1
705,5861,1.0,COc1cc2ncnc(Nc3ccc(F)c(Cl)c3)c2cc1OCCCN1CCOCC1
706,20742,1.0,N#CSCSC#N
707,2667,1.0,Nc1ccc(O)cc1
708,1184,1.0,O=C(O)C1(c2ccc3c(c2)OC[C@H](Cc2ccc(-c4ccccc4)cc2)[C@H]3O)CCCC1
709,27429,1.0,O=C(O)Cc1sc(-c2ccccc2)nc1-c1ccc(Cl)cc1
710,5527,1.0,O=C1C=CC(=O)N1
711,838,1.0,O=c1c(-c2ccccc2)c1-c1ccccc1
712,491,1.0,Cc1cc(-n2c(=O)[nH]c(=O)n(C)c2=O)ccc1Oc1ccc(S(=O)(=O)C(F)(F)F)cc1
713,27190,1.0,Nc1ncnc2c1ncn2[C@@H]1O[C@H](COP(=O)(O)OP(=O)(O)OP(=O)(O)O)[C@@H](O)[C@H]1O
714,714,1.0,Cc1ccc(O)c2ncccc12
715,1371,1.0,CCCCCCCCCOC(=O)c1ccc(O)cc1
716,27434,1.0,Oc1ccc(Cl)cc1Cc1cc(Cl)ccc1O
717,2474,1.0,[Cd+2].[Cl-].[Cl-]
718,3350,1.0,COCCCOc1ccnc(CS(=O)c2nc3ccccc3[n-]2)c1C.[Na+]
719,1185,1.0,CCCCN(CCCC)C(=S)[S-].CCCCN(CCCC)C(=S)[S-].[Zn+2]
720,384,1.0,O=CC(Br)(Br)Br
721,1371,1.0,C=C1/C(=C\C=C2/CCC[C@]3(C)[C@@H]([C@H](C)/C=C/[C@@H](O)C4CC4)CC[C@@H]23)C[C@@H](O)C[C@@H]1O
722,27464,1.0,CC(=O)O[C@]1(C(C)=O)CC[C@H]2[C@@H]3C=C(Cl)C4=CC(=O)CC[C@]4(C)[C@H]3CC[C@@]21C
723,2364,1.0,CC(=O)[C@]1(O)Cc2c(O)c3c(c(O)c2[C@@H](O[C@H]2C[C@H](N)[C@H](O)[C@H](C)O2)C1)C(=O)c1c(O)cccc1C3=O
724,3380,1.0,CC(=O)[C@]1(O)Cc2c(O)c3c(c(O)c2[C@@H](O[C@H]2C[C@H](N)[C@H](O)[C@H](C)O2)C1)C(=O)c1c(O)cccc1C3=O
725,16496,1.0,CC(=O)O[C@]1(C(C)=O)CC[C@H]2[C@@H]3CCC4=CC(=O)CC[C@]4(C)[C@@]3(F)[C@@H](O)C[C@@]21C
726,28740,1.0,CO[C@H]1/C=C/O[C@@]2(C)Oc3c(C)c(O)c4c(O)c(c(/C=N/N5CCN(C6CCCC6)CC5)c(O)c4c3C2=O)NC(=O)/C(C)=C\C=C\[C@H](C)[C@H](O)[C@@H](C)[C@@H](O)[C@@H](C)[C@H](OC(C)=O)[C@@H]1C
727,1087,1.0,CC(=O)Oc1cc(C)c(OC(C)=O)c2ccccc12
728,27312,1.0,CC(=O)OCC(=O)[C@@]1(O)[C@H](C)C[C@H]2[C@@H]3CCC4=CC(=O)C=C[C@]4(C)[C@@]3(F)[C@@H](O)C[C@@]21C
729,4397,1.0,C=C[C@]1(C)C[C@@H](OC(=O)CSC(C)(C)CNC(=O)[C@H](N)C(C)C)[C@]2(C)[C@H](C)CC[C@]3(CCC(=O)[C@H]32)[C@@H](C)[C@@H]1O
730,27463,1.0,C=C(NC(=O)C(=C)NC(=O)c1csc(C2=NC3c4csc(n4)C4NC(=O)c5csc(n5)C(C(C)(O)C(C)O)NC(=O)C5CSC(=N5)/C(=C\C)NC(=O)C(C(C)O)NC(=O)c5csc(n5)C3(CC2)NC(=O)C(C)NC(=O)C(=C)NC(=O)C(C)NC(=O)C(C(C)CC)NC2C=Cc3c(C(C)O)cc(nc3C2O)C(=O)OC4C)n1)C(N)=O
731,1185,1.0,COC(=O)C1=C(C#N)NC(C)=C(C(=O)OC(C)C)C1c1cccc([N+](=O)[O-])c1
732,29323,1.0,CCC(=O)OCC(=O)[C@@]1(OC(=O)CC)[C@@H](C)C[C@H]2[C@@H]3CCC4=CC(=O)C=C[C@]4(C)[C@@]3(Cl)[C@@H](O)C[C@@]21C
733,4947,1.0,CCN(CC)CCC(=O)N1c2ccccc2Sc2ccc(C(F)(F)F)cc21
734,647,1.0,CCN(CC)CCNc1ccc(CO)c2sc3ccccc3c(=O)c12
735,118,1.0,CC(=O)[C@]1(O)Cc2c(O)c3c(c(O)c2[C@@H](O[C@H]2C[C@H](N)[C@H](O)[C@H](C)O2)C1)C(=O)c1ccccc1C3=O.Cl
736,231,1.0,CCCCc1oc2ccccc2c1C(=O)c1cc(I)c(OCCN(CC)CC)c(I)c1.Cl
737,2367,1.0,Cl[V](Cl)(C1C=CC=C1)C1C=CC=C1
738,9236,1.0,CCCCCCCCn1sc(Cl)c(Cl)c1=O
739,4676,1.0,CC1(C)O[C@@H]2C[C@H]3[C@@H]4CCC5=CC(=O)CC[C@]5(C)[C@@]4(F)[C@@H](O)C[C@]3(C)[C@]2(C(=O)CCl)O1
740,9612,1.0,CN(C)c1ccc(N=O)cc1
741,4127,1.0,CN(C)CCCN1c2ccccc2CCc2ccccc21
742,1384,1.0,CN(C)CCOC(c1ccccc1)c1ccccc1
743,4976,1.0,CN(C)CCOC1=Cc2ccccc2Sc2ccc(Cl)cc21
744,21439,1.0,CN1CCN(CCC=C2c3ccccc3Sc3ccc(S(=O)(=O)N(C)C)cc32)CC1
745,57,1.0,CC(C)[C@@]1(NC(=O)[C@@H]2C[C@@H]3c4cccc5[nH]cc(c45)C[C@H]3N(C)C2)O[C@@]2(O)[C@@H]3CCCN3C(=O)[C@H](Cc3ccccc3)N2C1=O
746,3902,1.0,CN1CCN(C2=Nc3ccccc3Sc3ccc(Cl)cc32)CC1
747,4523,1.0,CNC[C@H](O)[C@@H](O)[C@@H](O)[C@H](O)CO.Cc1c(Nc2ncccc2C(=O)O)cccc1C(F)(F)F
748,2474,1.0,COc1cc([C@@H]2c3cc4c(cc3[C@@H](O)[C@H]3COC(=O)[C@H]23)OCO4)cc(OC)c1O
749,1184,1.0,COC(=O)[C@H]1[C@H]2C[C@@H]3c4[nH]c5cc(OC)ccc5c4CCN3C[C@H]2C[C@@H](OC(=O)c2cc(OC)c(OC)c(OC)c2)[C@@H]1OC
750,27519,1.0,N#Cc1nn(-c2c(Cl)cc(C(F)(F)F)cc2Cl)c(N)c1S(=O)C(F)(F)F
751,7887,1.0,O=C(CCCN1CCC(n2c(=S)[nH]c3ccccc32)CC1)c1ccc(F)cc1
752,16514,1.0,NC1(c2ccc(-c3nc4ccn5c(=O)[nH]nc5c4cc3-c3ccccc3)cc2)CCC1
753,2371,1.0,CN[C@H]1CC[C@@H](c2ccc(Cl)c(Cl)c2)c2ccc(S(N)(=O)=O)cc21
754,1087,1.0,CCCCC[C@H](O)/C=C/[C@H]1[C@H](O)CC(=O)[C@@H]1C/C=C\CCCC(=O)O
755,14113,1.0,NCc1cccc(C2CCN(C(=O)c3ccc(C#Cc4ccccc4F)o3)CC2)c1
756,2857,1.0,CCCCCCCC/C=C\CCCCCCCC(=O)N(C)CC(=O)O
757,341,1.0,CCCCNC(=O)OCC#CI
758,4128,1.0,O=C(O)c1ccccc1O.Oc1cccc2cccnc12
759,12655,1.0,C[C@]12C=CC(=O)C=C1CC[C@@H]1[C@@H]2[C@@H](O)C[C@@]2(C)[C@H]1CC[C@]2(O)C(=O)COC(=O)CCC(=O)O
