,DSSTox_CID,NR-ER-LBD,SMILES
0,25088,0.0,C[C@H]1CC[C@]2(NC1)O[C@H]1C[C@H]3[C@@H]4CC[C@H]5C[C@@H](O[C@@H]6O[C@H](CO)[C@H](O[C@@H]7O[C@H](CO)[C@@H](O)[C@H](O[C@@H]8OC[C@@H](O)[C@H](O)[C@H]8O)[C@H]7O[C@@H]7O[C@H](CO)[C@@H](O)[C@H](O)[C@H]7O)[C@H](O)[C@H]6O)CC[C@]5(C)[C@H]4CC[C@]3(C)[C@H]1[C@@H]2C
1,4085,0.0,COC(=O)C1=C(C)NC(C)=C(C(=O)OCCCN2CCC(c3ccccc3)(c3ccccc3)CC2)C1c1cccc([N+](=O)[O-])c1.Cl
2,14377,0.0,COc1cc2c(cc1OC)-c1c/c(=N\c3c(C)cc(C)cc3C)n(C)c(=O)n1CC2.Cl
3,247,0.0,CCN(CC)CCCN(c1ccccc1)C1Cc2ccccc2C1.Cl
4,28572,0.0,Cl[Bi](Cl)(c1ccccc1)(c1ccccc1)c1ccccc1
5,7347,0.0,CCCCCCCCCCCCCC[N+](C)(C)C.[Br-]
6,21352,0.0,C[n+]1cc2c3c(ccc2c2ccc4cc5c(cc4c21)OCO5)OCO3
7,2055,0.0,Cl.Cl.Fc1ccc(C(OCCN2CCN(CCCc3ccccc3)CC2)c2ccc(F)cc2)cc1
8,26782,0.0,Oc1ccccc1[Hg]Cl
9,9873,0.0,COc1ccc(CCN2CCC(Nc3nc4ccccc4n3Cc3ccc(F)cc3)CC2)cc1
10,17590,0.0,CCCCCCCCCCCC[N+](C)(C)Cc1ccccc1.[Br-]
11,5866,0.0,Cc1cc(OCCOCC[N+](C)(C)Cc2ccccc2)ccc1C(C)(C)CC(C)(C)C.[Cl-]
12,12319,0.0,CC(=O)[O-].CC(=O)[O-].[Hg+2]
13,1389,0.0,CCCCCCCCCCCC[n+]1ccc2ccccc2c1.Cc1ccc(S(=O)(=O)[O-])cc1
14,3029,0.0,COC(=O)C1=C(C)NC(C)=C(C(=O)OCCN(C)Cc2ccccc2)C1c1cccc([N+](=O)[O-])c1.Cl
15,27526,0.0,COc1ccc(C[C@H](N)C(=O)N[C@H]2[C@@H](O)[C@H](n3cnc4c(N(C)C)ncnc43)O[C@@H]2CO)cc1.Cl.Cl
16,5095,0.0,Oc1cccc(-c2c3nc(c(-c4cccc(O)c4)c4ccc([nH]4)c(-c4cccc(O)c4)c4nc(c(-c5cccc(O)c5)c5ccc2[nH]5)CC4)C=C3)c1
17,25895,0.0,CC(C)CC(C)Nc1ccc(Nc2ccccc2)cc1
18,24216,0.0,CC1=C(/C=C/C(C)=C/C=C/C(C)=C/C=O)C(C)(C)CCC1
19,22199,0.0,Cc1nc(Nc2ncc(C(=O)Nc3c(C)cccc3Cl)s2)cc(N2CCN(CCO)CC2)n1
20,19688,0.0,CCN(CC)CCOc1ccc(C(O)(Cc2ccc(Cl)cc2)c2ccc(C)cc2)cc1
21,6511,0.0,O=c1[nH]c2ccccc2n1C1CCN(CCCC(c2ccc(F)cc2)c2ccc(F)cc2)CC1
22,799,0.0,CC/C(=C(\c1ccccc1)c1ccc(OCCN(C)C)cc1)c1ccccc1.O=C(O)CC(O)(CC(=O)O)C(=O)O
23,29139,0.0,C[C@@H]1CC[C@@]2(OC1)O[C@H]1[C@@H](O)[C@H]3[C@@H]4CC[C@H]5C[C@@H](O[C@@H]6O[C@H](CO)[C@H](O[C@@H]7O[C@H](CO)[C@@H](O)[C@H](O[C@@H]8OC[C@@H](O)[C@H](O)[C@H]8O)[C@H]7O[C@@H]7O[C@H](CO)[C@@H](O)[C@H](O[C@@H]8O[C@H](CO)[C@@H](O)[C@H](O)[C@H]8O)[C@H]7O)[C@H](O)[C@H]6O)[C@H](O)C[C@]5(C)[C@H]4CC[C@]3(C)[C@H]1[C@@H]2C
24,9121,0.0,CCP(CC)(CC)=[Au]S[C@H]1O[C@@H](COC(C)=O)[C@H](OC(C)=O)[C@@H](OC(C)=O)[C@@H]1OC(C)=O
25,15609,0.0,CC(=O)O.CC(=O)O.N=C(NCCCCCCNC(=N)NC(=N)Nc1ccc(Cl)cc1)NC(=N)Nc1ccc(Cl)cc1
26,20665,0.0,CCCCCCCCCCCCN(CCO)CCO
27,3554,0.0,Cc1ccc(C(=O)c2cc(O)c(O)c([N+](=O)[O-])c2)cc1
28,13255,0.0,CCCCCCCCCCCCCCCC[N+](C)(C)CC.[Br-]
29,10605,0.0,CCCCCCCCCCCC[N+](C)(C)Cc1ccccc1.[Cl-]
30,26349,0.0,CCN(CC)C(=S)SSC(=S)N(CC)CC
31,7838,0.0,CCN1CCC2(CC1)COc1cc3c(cc12)N(C(=O)c1ccc(-c2ccc(-c4nnc(C)o4)cc2C)cc1)CC3.Cl
32,24687,0.0,CNCC[C@H](Oc1cccc2ccccc12)c1cccs1.Cl
33,4663,0.0,COc1cccc2c1[C@@H]1CN(CCCCn3c(=O)[nH]c4c(sc5ncc(-c6ccccc6)nc54)c3=O)C[C@@H]1CO2.Cl
34,18810,0.0,Oc1ccc([Hg]Cl)cc1
35,2553,0.0,CN(C)C(=S)SSC(=S)N(C)C
36,25533,0.0,CN1C2CCC1CC(OC(c1ccccc1)c1ccc(Cl)cc1)C2
37,27257,0.0,Oc1cc2ccccc2c2ccccc12
38,6857,0.0,CCCCCCCCCCCC[N+](C)(C)CCOc1ccccc1.[Br-]
39,27884,0.0,CCCCCCCCCCCCCCCC[N+](C)(C)Cc1ccccc1.[Cl-]
40,14960,0.0,CCCCCCCCCC[N+](C)(C)CCCCCCCCCC.[Cl-]
41,1750,0.0,CC(C)(C)CC(C)(C)c1ccc(OCCOCC[N+](C)(C)Cc2ccccc2)cc1.[Cl-]
42,17187,0.0,CCCCCCCCCCCCOCCOCCOCCOCCOCCOCCOCCOCCOCCO
43,11478,0.0,CCCCc1oc2ccc(NS(C)(=O)=O)cc2c1C(=O)c1ccc(OCCCN(CCCC)CCCC)cc1
44,1032,0.0,CCN(CC)CCOc1ccc(-c2nc3cc(Cl)ccc3s2)cc1.Cl
45,21760,0.0,CCc1nn(CCCN2CCN(c3cccc(Cl)c3)CC2)c(=O)n1CCOc1ccccc1.Cl
46,5492,0.0,CNCCC(Oc1ccc(C(F)(F)F)cc1)c1ccccc1.Cl
47,20458,0.0,CCN(CC)C(=O)c1cc(S(=O)(=O)Cc2ccccc2)c(N2CCC(c3ccccc3)CC2)cc1N(CC)CCN(C)C.O=C(O)C(F)(F)F
48,618,0.0,O=c1[nH]c2ccccc2n1C1CCN(CCCC(c2ccc(F)cc2)c2ccc(F)cc2)CC1
49,6240,0.0,CN1CCN(CCCN2c3ccccc3Sc3ccc(Cl)cc32)CC1.O=C(O)/C=C\C(=O)O.O=C(O)/C=C\C(=O)O
50,4352,0.0,COC(=O)[C@]12CCC(C)(C)C[C@H]1[C@H]1C(=O)C=C3[C@@]4(C)C=C(C#N)C(=O)C(C)(C)[C@@H]4CC[C@@]3(C)[C@]1(C)CC2
51,12662,0.0,CCCCCCCCCCCCCCCC[n+]1ccccc1.[Br-]
52,26107,0.0,O=C([O-])c1ccccc1-c1c2cc(Br)c(=O)c(Br)c-2oc2c(Br)c([O-])c(Br)cc12.[Na+].[Na+]
53,28809,0.0,C=C[C@](C)(O)CC[C@@H]1[C@@]2(C)CCCC(C)(C)[C@@H]2CC[C@@]1(C)O
54,29337,0.0,CC1=C(/C=C/C(C)=C/C=C/C(C)=C/C(=O)Nc2ccc(O)cc2)C(C)(C)CCC1
55,22629,0.0,CN(C)CCCN1c2ccccc2Sc2ccc(Cl)cc21.Cl
56,16291,0.0,CSc1ccc2c(c1)N(CCC1CCCCN1C)c1ccccc1S2
57,24438,0.0,IC(I)=C(I)I
58,3832,0.0,C[C@H]1O[C@@H](O[C@H]2CC[C@@]3(C)[C@H](CC[C@@H]4[C@@H]3C[C@@H](O)[C@]3(C)[C@@H](C5=CC(=O)OC5)CC[C@]43O)C2)C[C@H](O)[C@@H]1O[C@H]1C[C@H](O)[C@H](O[C@H]2C[C@H](O)[C@H](O[C@@H]3O[C@H](CO)[C@@H](O)[C@H](O)[C@H]3O)[C@@H](C)O2)[C@@H](C)O1
59,23874,0.0,CCCCCCCCCCCCCCCC[n+]1ccccc1.[Cl-]
60,116,0.0,CCCCCCCCCCCCCCCCCCNC(=O)OC1CCN(C(=O)OC[C@H](COC(=O)N(Cc2cccc[n+]2CC)C(=O)c2ccccc2OC)OC)CC1.[Cl-]
61,3321,0.0,C=C(C)C(=O)OCC(O)COc1ccc(C(C)(C)c2ccc(OCC(O)COC(=O)C(=C)C)cc2)cc1
62,28168,0.0,COc1cc2c(cc1O)CCN[C@]21CS[C@@H]2c3c(OC(C)=O)c(C)c4c(c3[C@H](COC1=O)N1[C@@H]2[C@H]2c3c(cc(C)c(OC)c3O)C[C@@H]([C@@H]1O)N2C)OCO4
63,13896,0.0,COC(=O)C1=C(C)NC(C)=C(C(=O)OCC(C)C)C1c1ccccc1[N+](=O)[O-]
64,7439,0.0,COC(=O)C1=C(C)NC(C)=C(C(=O)OCCN(C)Cc2ccccc2)C1c1cccc([N+](=O)[O-])c1
65,27082,0.0,N#Cc1nc(Cl)c(Cl)c(Cl)c1Cl
66,26500,0.0,CC[C@H]1CN2CCc3cc(OC)c(OC)cc3[C@@H]2C[C@@H]1C[C@H]1NCCc2cc(OC)c(OC)cc21
67,24877,0.0,C[C@@H]1CC(=O)NN=C1c1ccc(NN=C(C#N)C#N)cc1
68,21198,0.0,O=[N+]([O-])c1ccc(Cl)c([N+](=O)[O-])c1
69,1213,0.0,C=CC(=O)OCC(COC(=O)C=C)(COC(=O)C=C)COC(=O)C=C
70,7142,0.0,Cc1oc(-c2ccccc2)nc1CCOc1ccc(C[C@H](Nc2ccccc2C(=O)c2ccccc2)C(=O)O)cc1
71,4845,0.0,COc1cc(C=C2CCCC(=Cc3ccc(O)c(OC)c3)C2=O)ccc1O
72,2805,0.0,C=C1/C(=C\C=C2/CCC[C@]3(C)[C@@H]([C@H](C)CCCC(C)(C)O)CC[C@@H]23)C[C@@H](O)C[C@@H]1O
73,463,0.0,Cc1c2oc3c(C)ccc(C(=O)N[C@@H]4C(=O)N[C@H](C(C)C)C(=O)N5CCC[C@H]5C(=O)N(C)CC(=O)N(C)[C@@H](C(C)C)C(=O)O[C@@H]4C)c3nc-2c(C(=O)N[C@@H]2C(=O)N[C@H](C(C)C)C(=O)N3CCC[C@H]3C(=O)N(C)CC(=O)N(C)[C@@H](C(C)C)C(=O)O[C@@H]2C)c(N)c1=O
74,20284,0.0,N#CC(CCc1ccc(Cl)cc1)(Cn1cncn1)c1ccccc1
75,5260,0.0,CN(C)C(=S)SSC(=S)N(C)C
76,9676,0.0,O=[N+]([O-])c1cc(I)c(O)c(I)c1
77,9335,0.0,Cc1ccc(Nc2nccc(N(C)c3ccc4c(C)n(C)nc4c3)n2)cc1S(N)(=O)=O
78,7594,0.0,COC(=O)C[C@](O)(CCCC(C)(C)O)C(=O)O[C@@H]1C(OC)=CC23CCCN2CCc2cc4c(cc2[C@H]13)OCO4
79,2250,0.0,CO[C@H]1[C@@H](O)C[C@H](O[C@H]2[C@@H](O)C[C@H](O[C@H]3[C@@H](O)C[C@H](O[C@H]4CC[C@@]5(C)[C@H](CC[C@@H]6[C@@H]5C[C@@H](O)[C@]5(C)[C@@H](C7=CC(=O)OC7)CC[C@]65O)C4)O[C@@H]3C)O[C@@H]2C)O[C@@H]1C
80,25646,0.0,CCCCCCCCCCCCCC[n+]1ccccc1.[Br-]
81,30037,0.0,[Hg+2].[I-].[I-]
82,1861,0.0,CC(=O)O[Hg]c1ccccc1
83,28963,0.0,CC(C)C1CCC(Cc2ccc(Cl)cc2)C1(O)Cn1cncn1
84,25387,0.0,CC/C(=C(\c1ccccc1)c1ccc(OCCN(C)C)cc1)c1ccccc1
85,27660,0.0,CN(C)CCOc1ccc(/C(=C(/CCCl)c2ccccc2)c2ccccc2)cc1.O=C(O)CC(O)(CC(=O)O)C(=O)O
86,7983,0.0,CCOC(=O)Oc1c(OC)cc(C(=O)O[C@@H]2C[C@@H]3CN4CCc5c([nH]c6cc(OC)ccc56)[C@H]4C[C@@H]3[C@H](C(=O)OC)[C@H]2OC)cc1OC
87,1601,0.0,C[C@H]1O[C@@H](O[C@H]2[C@@H](O)C[C@H](O[C@H]3[C@@H](O)C[C@H](O[C@H]4CC[C@@]5(C)[C@H](CC[C@@H]6[C@@H]5C[C@@H](O)[C@]5(C)[C@@H](C7=CC(=O)OC7)CC[C@]65O)C4)O[C@@H]3C)O[C@@H]2C)C[C@H](O)[C@@H]1O
88,14673,0.0,C[C@@H]1C[C@@H]([C@H](O)CC2CC(=O)NC(=O)C2)C(=O)[C@@H](C)C1
89,11956,0.0,O=C1OC2(c3ccc(O)cc3Oc3cc(O)ccc32)c2ccccc21
90,5663,0.0,CCN(CC)CCOc1ccc(C(=C(Cl)c2ccccc2)c2ccccc2)cc1.O=C(O)CC(O)(CC(=O)O)C(=O)O
91,11117,0.0,CCCC[Sn](Cl)(Cl)CCCC
92,22421,0.0,CC/N=c1/cc2oc3cc(NCC)c(C)cc3c(-c3ccccc3C(=O)OCC)c-2cc1C.Cl
93,21968,0.0,CCCCCCCCCCCCCC[n+]1ccc(C)cc1.[Cl-]
94,21417,0.0,CCN1C(=CC=CC=Cc2sc3ccccc3[n+]2CC)Sc2ccccc21.[Cl-]
95,10258,0.0,CN[C@H]1CC[C@@H](c2ccc(Cl)c(Cl)c2)c2ccccc21.Cl
96,25749,0.0,CC(C)(C)NC(=O)[C@@H]1C[C@@H]2CCCC[C@@H]2CN1C[C@@H](O)[C@H](Cc1ccccc1)NC(=O)[C@H](CC(N)=O)NC(=O)c1ccc2ccccc2n1.CS(=O)(=O)O
97,15291,0.0,OB(O)O[Hg]c1ccccc1
98,6092,0.0,O=C(Nc1cccc(C(F)(F)F)c1)c1cc(Br)cc(Br)c1O
99,25191,0.0,CC(C)n1nc(-c2cc3cc(O)ccc3[nH]2)c2c(N)ncnc21
100,3193,0.0,CCCCCCCCCCCCCCCC[N+](C)(C)C.[Br-]
101,8684,0.0,CCCCCCCC[N+](C)(C)CCCCCCCC.[Cl-]
102,13555,0.0,CC(C)(O)c1ccccc1CC[C@@H](SCC1(CC(=O)[O-])CC1)c1cccc(/C=C/c2ccc3ccc(Cl)cc3n2)c1.[Na+]
103,4562,0.0,CC(C)C[C@@H]1NC(=O)[C@H](CCCN)NC(=O)[C@H](C(C)C)NC(=O)[C@@H]2CCCN2C(=O)[C@@H](Cc2ccccc2)NC(=O)[C@H](CC(C)C)NC(=O)[C@H](CCCN)NC(=O)[C@H](C(C)C)NC(=O)[C@@H]2CCCN2C(=O)[C@@H](Cc2ccccc2)NC1=O
104,26231,0.0,COC1=C(OC)C(=O)C(CCCCCCCCCCO)=C(C)C1=O
105,13033,0.0,O=C1NCCN1CCN1CCC(c2cn(-c3ccc(F)cc3)c3ccc(Cl)cc23)CC1
106,16782,0.0,CNC(=O)c1cc(Oc2ccc(NC(=O)Nc3ccc(Cl)c(C(F)(F)F)c3)cc2)ccn1.Cc1ccc(S(=O)(=O)O)cc1
107,12519,0.0,CN1CCN(C2Cc3ccccc3Sc3ccc(Cl)cc32)CC1.O=C(O)/C=C\C(=O)O
108,1144,0.0,Oc1c(Cl)cc(Cl)cc1Sc1cc(Cl)cc(Cl)c1O
109,3686,0.0,Oc1ccc(Cl)cc1Sc1cc(Cl)ccc1O
110,6711,0.0,CCCCCCCCCCCCCC[N+](C)(C)C.[Br-]
111,364,0.0,CCCCCCCCCCCCCCCC[N+](C)(C)C.[Cl-]
112,4926,0.0,CCCCCCCCCCCCCC[N+](C)(C)Cc1ccccc1.O.O.[Cl-]
113,18319,0.0,CC(C)(C)c1ccc(C(=O)CCCN2CCC(OC(c3ccccc3)c3ccccc3)CC2)cc1
114,1292,0.0,Cc1cc(O)c2c(c1)O[C@@]1(C)CC[C@H]3C(C)(C)CCCC34CO[C@@H]2[C@H]41
115,6989,0.0,CN1CCN(CCCN2c3ccccc3Sc3ccc(C(F)(F)F)cc32)CC1.Cl.Cl
116,24568,0.0,Clc1cc(Cl)c(OCC#CI)cc1Cl
117,21523,0.0,N=C(NCCCCCCNC(=N)NC(=N)Nc1ccc(Cl)cc1)NC(=N)Nc1ccc(Cl)cc1
118,28685,0.0,CN(C)C(=S)SC(=S)N(C)C
119,26612,0.0,O=C1NCN(c2ccccc2)C12CCN(CCCC(c1ccc(F)cc1)c1ccc(F)cc1)CC2
120,965,0.0,O=[N+]([O-])c1ccc(Cl)c([N+](=O)[O-])c1
121,4457,0.0,C=CC(=O)OCC(CC)(COC(=O)C=C)COC(=O)C=C
122,2709,0.0,O=C(Nc1ncc([N+](=O)[O-])s1)c1cccs1
123,14086,0.0,CCCCCCCCCCCCN1CCCCCC1=O
124,27412,0.0,CCCCCCCCCCCCCCN(CCO)CCO
125,26001,0.0,CCCCCCCCCCCCCCCC[N+](C)(C)C.[Br-]
126,26920,0.0,CCCCCCCCCCCC[N+](C)(C)C.[Cl-]
127,9224,0.0,O=[N+]([O-])/C=C/c1ccccc1
128,24949,0.0,C/C(=C\c1ccccc1)[N+](=O)[O-]
129,688,0.0,CCC(C)[C@H]1O[C@]2(C=C[C@@H]1C)C[C@@H]1C[C@@H](C/C=C(\C)[C@@H](O[C@H]3C[C@H](OC)[C@@H](O[C@H]4C[C@H](OC)[C@H](NC(C)=O)[C@H](C)O4)[C@H](C)O3)[C@@H](C)/C=C/C=C3\CO[C@@H]4[C@H](O)C(C)=C[C@@H](C(=O)O1)[C@]34O)O2
130,20131,0.0,CCOC(=O)C1=C(C)NC(C)=C(C(=O)OCC)C1c1ccccc1/C=C/C(=O)OC(C)(C)C
131,3974,0.0,CN1CC[C@H](c2c(O)cc(O)c3c(=O)cc(-c4ccccc4Cl)oc23)[C@H](O)C1.Cl
132,5756,0.0,CCOC(=O)c1nc(C(Cl)(Cl)Cl)n(-c2ccc(Cl)cc2Cl)n1
133,4241,0.0,ClC1=C(Cl)C2(Cl)C3C(Cl)C(Cl)CC3C1(Cl)C2(Cl)Cl
134,24790,0.0,CN(C)CCCN1c2ccccc2Sc2ccc(Cl)cc21
135,1486,0.0,CO[C@H]1C[C@H](O[C@H]2[C@H](C)O[C@@H](O[C@@H]3/C(C)=C/C[C@@H]4C[C@@H](C[C@]5(C=C[C@H](C)[C@@H](C6CCCCC6)O5)O4)OC(=O)[C@@H]4C=C(C)[C@@H](O)[C@H]5OC/C(=C\C=C\[C@@H]3C)[C@]54O)C[C@@H]2OC)O[C@@H](C)[C@@H]1O
136,5347,0.0,COC(=O)[C@H]1[C@H]2C[C@@H]3c4[nH]c5ccccc5c4CCN3C[C@H]2C[C@@H](OC(=O)c2cc(OC)c(OC)c(OC)c2)[C@@H]1OC
137,2417,0.0,Nc1ccc(N)c2ccccc12
138,1935,0.0,CO[C@H]1C[C@@H]2CC[C@@H](C)[C@@](O)(O2)C(=O)C(=O)N2CCCC[C@H]2C(=O)O[C@H]([C@H](C)C[C@@H]2CC[C@@H](O)[C@H](OC)C2)CC(=O)[C@H](C)/C=C(\C)[C@@H](O)[C@@H](OC)C(=O)[C@H](C)C[C@H](C)/C=C/C=C/C=C/1C
139,10774,0.0,O=C(Oc1cccc2cccnc12)c1ccccc1
140,3425,0.0,CC(=O)O[C@H]1C[C@H](O[C@H]2[C@@H](O)C[C@H](O[C@H]3[C@@H](O)C[C@H](OC4CC[C@@]5(C)[C@H](CC[C@@H]6[C@@H]5CC[C@]5(C)[C@@H](C7=CC(=O)OC7)CC[C@]65O)C4)O[C@@H]3C)O[C@@H]2C)O[C@H](C)[C@H]1O[C@@H]1O[C@H](CO)[C@@H](O)[C@H](O)[C@H]1O
141,18,0.0,CC(=O)NC1(c2cccc(F)c2)CCN(CC[C@@]2(c3ccc(Cl)c(Cl)c3)CN(c3ccccc3)C(=O)CO2)CC1.O=C(O)CCC(=O)O
142,17754,0.0,CN(C)C(=S)[S-].CN(C)C(=S)[S-].[Cu+2]
143,21620,0.0,CN(C)C(=S)[S-].CN(C)C(=S)[S-].CN(C)C(=S)[S-].[Fe+3]
144,7256,0.0,NC(=O)c1nc(-c2cccc(-c3cc(F)ccc3OCC(F)(F)C(F)(F)F)c2)n[n-]1.O.[K+]
145,14235,0.0,[O-][n+]1ccccc1S[Zn]Sc1cccc[n+]1[O-]
146,27191,0.0,O=c1oc2ccccc2c(O)c1C(CC(O)c1ccc(-c2ccc(Br)cc2)cc1)c1ccccc1
147,27849,0.0,CC[C@H](C)C(=O)O[C@H]1C[C@@H](C)C=C2C=C[C@H](C)[C@H](CC[C@@H]3C[C@@H](O)CC(=O)O3)[C@H]21
148,25311,0.0,CO[C@@H]1[C@@H](O[C@@H]2O[C@H](C)[C@@H](O[C@H]3C[C@@](C)(O)[C@@H](OC(=O)CC(C)C)[C@H](C)O3)[C@H](N(C)C)[C@H]2O)[C@@H](CC=O)C[C@@H](C)C(=O)/C=C/C2OC2C[C@@H](C)OC(=O)C[C@H]1OC(C)=O
149,2911,0.0,CCC(=O)O[C@H]1CC[C@H]2[C@@H]3CCC4=CC(=O)CC[C@]4(C)[C@H]3CC[C@]12C
150,26698,0.0,CN(CCCN1c2ccccc2CCc2ccccc21)CC(=O)c1ccc(Cl)cc1.Cl
151,24385,0.0,O=S1(=O)CC(Cl)(Cl)C(Cl)(Cl)C1
152,28532,0.0,CN(C)C(=S)SC(=S)N(C)C
153,28890,0.0,N#C/C(=C1/SC[C@@H](c2ccc(Cl)cc2Cl)S1)n1ccnc1
154,543,0.0,NC(=O)N1C(=O)C(C(=O)c2cc(Cl)cs2)c2cc(F)c(Cl)cc21
155,29807,0.0,O=C1OC2(c3ccc([O-])cc3Oc3cc([O-])ccc32)c2ccccc21.[Na+].[Na+]
156,6614,0.0,C=C1CC[C@H](O)C/C1=C/C=C1\CCC[C@]2(C)[C@@H]([C@H](C)/C=C/[C@H](C)C(C)C)CC[C@@H]12
157,879,0.0,CCCCCCC(C)Nc1ccc(Nc2ccccc2)cc1
158,6350,0.0,CCOC(=O)N1CCC(=C2c3ccc(Cl)cc3CCc3cccnc32)CC1
159,22073,0.0,COc1cc([C@@H]2c3cc4c(cc3C(O[C@@H]3O[C@@H]5COC(c6cccs6)O[C@H]5[C@H](O)[C@H]3O)C3COC(=O)[C@@H]32)OCO4)cc(OC)c1O
160,26396,0.0,O=C(O)CN(CC(=O)O)CC1=CC2C(=CC1=O)Oc1cc(O)c(CN(CC(=O)O)CC(=O)O)cc1C21OC(=O)c2ccccc21
161,14528,0.0,CCCCC(CC)COC(=O)c1ccc(O)cc1
162,17031,0.0,CCC(C)(C)c1ccc(O)c(C(C)(C)CC)c1
163,4164,0.0,N#C[Au-]C#N.[K+]
164,2188,0.0,CO[C@H](C(=O)[C@@H](O)[C@@H](C)O)C1Cc2cc3cc(O[C@H]4C[C@@H](O[C@H]5C[C@@H](O)[C@H](O)[C@@H](C)O5)[C@@H](O)[C@@H](C)O4)c(C)c(O)c3c(O)c2C(=O)[C@H]1O[C@H]1C[C@@H](O[C@H]2C[C@@H](O[C@H]3C[C@](C)(O)[C@H](O)[C@@H](C)O3)[C@H](O)[C@@H](C)O2)[C@H](O)[C@@H](C)O1
165,10419,0.0,CO[C@H](C(=O)[C@@H](O)[C@@H](C)O)C1Cc2cc3cc(O[C@H]4C[C@@H](O[C@H]5C[C@@H](O)[C@H](O)[C@@H](C)O5)[C@@H](O)[C@@H](C)O4)c(C)c(O)c3c(O)c2C(=O)[C@H]1O[C@H]1C[C@@H](O[C@H]2C[C@@H](O[C@H]3C[C@](C)(O)[C@H](O)[C@@H](C)O3)[C@H](O)[C@@H](C)O2)[C@H](O)[C@@H](C)O1
166,20784,0.0,FC(F)C(F)(F)OCC(Cn1cncn1)c1ccc(Cl)cc1Cl
167,7732,0.0,CCCC[Sn](CCCC)(OC(C)=O)OC(C)=O
168,12898,0.0,Clc1ccc(CCC(Cn2ccnc2)Sc2c(Cl)cccc2Cl)cc1.O=[N+]([O-])O
169,5563,0.0,CCCCC(CC)COP(=O)(O)OCC(CC)CCCC
170,4730,0.0,Cl[Au](Cl)Cl
171,7502,0.0,Clc1ccc(C(c2ccc(Cl)cc2)C(Cl)(Cl)Cl)cc1
172,1816,0.0,CC(C)(C)C(=O)OCOC(=O)C1N2C(=O)CC2S(=O)(=O)C1(C)C
173,27765,0.0,CCCC[Sn](Cl)(Cl)CCCC
174,5976,0.0,Oc1c(Cl)c(Cl)cc(Cl)c1Cl
175,14875,0.0,Cc1c2oc3c(C)ccc(C(=O)N[C@@H]4C(=O)N[C@H](C(C)C)C(=O)N5CCC[C@H]5C(=O)N(C)CC(=O)N(C)[C@@H](C(C)C)C(=O)O[C@@H]4C)c3nc-2c(C(=O)N[C@@H]2C(=O)N[C@H](C(C)C)C(=O)N3CCC[C@H]3C(=O)N(C)CC(=O)N(C)[C@@H](C(C)C)C(=O)O[C@@H]2C)c(N)c1=O
176,26871,0.0,CCCC(Cn1cncn1)c1ccc(Cl)cc1Cl
177,13393,0.0,CCCCCCCC[N+](C)(C)CCCCCCCC.[Cl-]
178,21905,0.0,CC[Hg]Sc1ccccc1C(=O)[O-].[Na+]
179,20979,0.0,CC(C)Nc1ccc(Nc2ccccc2)cc1
180,19336,0.0,Cl.O=C1CSC2(CCN(CCCN3c4ccccc4Sc4ccc(Cl)cc43)CC2)N1
181,29275,0.0,N#CSc1ccc([N+](=O)[O-])cc1[N+](=O)[O-]
182,22363,0.0,CCCCCCCCCCCCCC[N+](C)(C)C.[Cl-]
183,11368,0.0,CCN1C(=CC=Cc2ccc3ccccc3[n+]2CC)C=Cc2ccccc21.[I-]
184,6184,0.0,O.O.O=[Cr](=O)([O-])O[Cr](=O)(=O)[O-].[Na+].[Na+]
185,10169,0.0,[O-][n+]1ccccc1S[Zn]Sc1cccc[n+]1[O-]
186,26151,0.0,CN(C)c1ccc(C(=C2C=CC(=[N+](C)C)C=C2)c2ccccc2)cc1.CN(C)c1ccc(C(=C2C=CC(=[N+](C)C)C=C2)c2ccccc2)cc1.O=C(O)C(=O)O.O=C([O-])C(=O)O.O=C([O-])C(=O)O
187,3595,0.0,C[C@@H](O[C@H]1OCCN(CC2=NC(=O)N=N2)[C@H]1C1CCC(F)CC1)c1cc(C(F)(F)F)cc(C(F)(F)F)c1
188,21262,0.0,Cc1cc2c(C(C)C)c(O)c(O)c(C=O)c2c(O)c1-c1c(C)cc2c(C(C)C)c(O)c(O)c(C=O)c2c1O
189,12145,0.0,CCc1nn(CCCN2CCN(c3cccc(Cl)c3)CC2)c(=O)n1CCOc1ccccc1.Cl
190,23711,0.0,O=C1C2CC=CCC2C(=O)N1SC(Cl)(Cl)Cl
191,25690,0.0,Oc1c(Cl)cc(Cl)c(Cl)c1Cc1c(O)c(Cl)cc(Cl)c1Cl
192,3105,0.0,O=[N+]([O-])c1c(Cl)cccc1-c1c[nH]cc1Cl
193,9540,0.0,CS(=O)(=O)O.Cc1cc(CCN2CCN(c3nsc4ccccc34)CC2)cc2c1NC(=O)CC2(C)C
194,27367,0.0,Fc1ccc([C@@H]2CCNC[C@H]2COc2ccc3c(c2)OCO3)cc1
195,5004,0.0,O=C1NCCN1CCN1CCC(c2cn(-c3ccc(F)cc3)c3ccc(Cl)cc23)CC1
196,2003,0.0,CC[C@@H](C(=O)O)[C@@H]1O[C@@H]([C@@H](C)[C@H](O)[C@H](C)C(=O)[C@H](CC)[C@H]2O[C@]3(C=C[C@@H](O)[C@]4(CC[C@@](C)([C@H]5CC[C@](O)(CC)[C@H](C)O5)O4)O3)[C@H](C)C[C@@H]2C)[C@@H](C)C[C@@H]1C
197,15170,0.0,CN1C[C@H](CNC(=O)OCc2ccccc2)C[C@@H]2c3cccc4c3c(cn4C)C[C@H]21
198,1674,0.0,C[C@]12CC[C@H](O)C[C@H]1CC[C@@H]1[C@@H]2CC[C@]2(C)[C@@H](c3ccc(=O)oc3)C[C@H]3O[C@]132
199,2347,0.0,O=Nc1ccc(Nc2ccccc2)cc1
200,24009,0.0,CCCCCCCCCCCCc1ccc(O)cc1
201,25465,0.0,S=C(SSC(=S)N1CCCCC1)N1CCCCC1
202,27609,0.0,CCCC[n+]1ccc(C)cc1.[Cl-]
203,1114,0.0,Cc1cc(-c2ccc(N=Nc3c(S(=O)(=O)[O-])cc4cc(S(=O)(=O)[O-])cc(N)c4c3O)c(C)c2)ccc1N=Nc1c(S(=O)(=O)[O-])cc2cc(S(=O)(=O)[O-])cc(N)c2c1O.[Na+].[Na+].[Na+].[Na+]
204,8975,0.0,CN(C)C(=O)CCSC(SCCC(=O)[O-])c1cccc(/C=C/c2ccc3ccc(Cl)cc3n2)c1.[Na+]
205,13674,0.0,CN(C)C(=S)[S-].CN(C)C(=S)[S-].[Zn+2]
206,12422,0.0,C=C(C)[C@H]1Cc2c(ccc3c2O[C@@H]2COc4cc(OC)c(OC)cc4[C@@H]2C3=O)O1
207,26991,0.0,CC(O)C(=O)O[Hg]c1ccccc1
208,5135,0.0,CC1(COc2ccc(CC3SC(=O)NC3=O)cc2)CCCCC1
209,3900,0.0,COc1ccc(CN2CCN(C(c3ccc(F)cc3)c3ccc(F)cc3)CC2)c(OC)c1OC.Cl.Cl
210,28748,0.0,Cl.O[C@@H](CNC[C@H](O)[C@H]1CCc2cc(F)ccc2O1)[C@@H]1CCc2cc(F)ccc2O1
211,16508,0.0,N#CC(c1ccc(Cl)cc1)c1c(Cl)cc(-n2ncc(=O)[nH]c2=O)cc1Cl
212,24292,0.0,O=C1CCc2ccc(OCCCCN3CCN(c4cccc(Cl)c4Cl)CC3)cc2N1
213,6938,0.0,CN1CCN2c3ccccc3Cc3ccccc3C2C1
214,22260,0.0,N#CSCSC#N
215,169,0.0,COc1cc2nc(N3CCN(C(=O)c4ccco4)CC3)nc(N)c2cc1OC
216,28398,0.0,CC(=O)O[C@H]1C[C@H](O[C@H]2[C@@H](O)C[C@H](O[C@H]3[C@@H](O)C[C@H](OC4CC[C@@]5(C)C(CC[C@@H]6[C@@H]5CC[C@]5(C)[C@@H](C7=CC(=O)OC7)[C@@H](O)C[C@]65O)C4)O[C@@H]3C)O[C@@H]2C)O[C@H](C)[C@H]1O[C@@H]1O[C@H](CO)[C@@H](O)[C@H](O)[C@H]1O
217,3734,0.0,O=C1Cc2cc(CCN3CCN(c4nsc5ccccc45)CC3)c(Cl)cc2N1
218,25807,0.0,CCCCCCCCCCCCc1ccccc1O
219,6783,0.0,CCCCCCCCOc1ccccc1C(=O)Nc1ccc(C(=O)OCC[N+](C)(CC)CC)cc1.[Br-]
220,17499,0.0,O=C([O-])c1ccccc1-c1c2cc(Br)c(=O)c(Br)c-2oc2c(Br)c([O-])c(Br)cc12.[Na+].[Na+]
221,10055,0.0,CC[C@@]1([C@@H]2O[C@@H]([C@H]3O[C@@](O)(CO)[C@H](C)C[C@@H]3C)C[C@@H]2C)CC[C@H]([C@]2(C)CC[C@]3(C[C@H](O)[C@@H](C)[C@@H]([C@@H](C)[C@@H](OC)[C@H](C)C(=O)[O-])O3)O2)O1.[Na+]
222,24514,0.0,O=[N+]([O-])c1ccc(Oc2ccc(N=C=S)cc2)cc1
223,13175,0.0,CC(C)=CCC1C(=O)N(c2ccccc2)N(c2ccccc2)C1=O
224,6444,0.0,C=C1CC[C@H](O)C/C1=C/C=C1\CCC[C@]2(C)[C@@H]([C@H](C)CCCC(C)(C)O)CC[C@@H]12
225,2635,0.0,C#C[C@]1(OC(C)=O)CC[C@H]2[C@@H]3CCC4=C/C(=N/O)CC[C@@H]4[C@H]3CC[C@@]21CC
226,21040,0.0,C/C=C1\NC(=O)[C@H]2CSSCC/C=C/[C@H](CC(=O)N[C@H](C(C)C)C(=O)N2)OC(=O)[C@@H](C(C)C)NC1=O
227,18712,0.0,Cc1nnc2n1-c1sc(CCc3ccc(CC(C)C)cc3)cc1C(c1ccccc1Cl)=NC2C
228,15755,0.0,CCCN(CCC)C(=O)C(CCC(=O)OCCCN1CCN(CCOC(=O)Cc2c(C)n(C(=O)c3ccc(Cl)cc3)c3ccc(OC)cc23)CC1)NC(=O)c1ccccc1
229,22506,0.0,CO[C@]12CC[C@@]3(C[C@@H]1[C@](C)(O)C(C)(C)C)[C@H]1Cc4ccc(O)c5c4[C@@]3(CCN1CC1CC1)[C@H]2O5.Cl
230,8300,0.0,CCOC(=O)c1ccc([C@H]2CC[C@H](NC[C@H](O)COc3ccc(O)c(NS(C)(=O)=O)c3)CC2)cc1.Cl
231,7883,0.0,N=C(N)NC(=O)c1nc(Cl)c(N)nc1N
232,4811,0.0,O=C(Nc1ccc([N+](=O)[O-])cc1Cl)c1cc(Cl)ccc1O
233,21699,0.0,CN(C)CCCN1c2ccccc2CCc2ccc(Cl)cc21
234,7186,0.0,CCCCCCCCCCCCCCCCCCn1cc[n+](C)c1.F[P-](F)(F)(F)(F)F
235,762,0.0,OCCN1CCN(CCCN2c3ccccc3Sc3ccc(C(F)(F)F)cc32)CC1
236,29072,0.0,CNCCC(Oc1ccc(C(F)(F)F)cc1)c1ccccc1
237,18893,0.0,CCCCCCCC(=O)CC[C@@H]1[C@@H](C/C=C\CCCC(=O)OC(C)C)[C@@H](O)C[C@H]1O
238,1358,0.0,O[Sn](c1ccccc1)(c1ccccc1)c1ccccc1
239,26308,0.0,C#C[C@]1(O)CC[C@H]2[C@@H]3CCC4=C/C(=N/O)CC[C@@H]4[C@H]3CC[C@@]21CC
240,13991,0.0,NC(=O)n1c(O)c(C(=O)c2cccs2)c2cc(Cl)ccc21
241,24836,0.0,CCCCNC(=O)OCC#CI
242,3374,0.0,CC/C(=C(\c1ccccc1)c1ccc(OCCN(C)C)cc1)c1ccccc1.O=C(O)CC(O)(CC(=O)O)C(=O)O
243,2110,0.0,CC(C)(C)c1csc(-c2cc3cc(OCc4ccccc4CC(=O)O)ccc3o2)n1
244,27123,0.0,CCc1cc(SCc2sc(-c3ccc(C(F)(F)F)cc3)nc2CN2CCN(c3ccc(OC)cc3)CC2)ccc1OCC(=O)O
245,24618,0.0,C[C@H]1O[C@@H](O[C@H]2[C@@H](O)C[C@H](O[C@H]3[C@@H](O)C[C@H](O[C@H]4CC[C@@]5(C)[C@H](CC[C@@H]6[C@@H]5C[C@@H](O)[C@]5(C)[C@@H](C7=CC(=O)OC7)CC[C@]65O)C4)O[C@@H]3C)O[C@@H]2C)C[C@H](O)[C@@H]1O
246,322,0.0,O=C1C=C2C=C[C@@H]3C[C@@]2(O1)[C@H]1CCCCN31
247,15471,0.0,C=CCC1=C(C)[C@@H](OC(=O)[C@@H]2[C@@H](C=C(C)C)C2(C)C)CC1=O
248,52,0.0,CC1(CN2CCC(n3c(=O)[nH]c4ccccc43)CC2)OCc2ccccc2-n2cccc21
249,14750,0.0,O=c1[nH]sc2ccccc12
250,24752,0.0,C[C@@]12C(=O)OC(=O)[C@]1(C)C1CCC2O1
251,24129,0.0,CCCCC1C(=O)N(c2ccccc2)N(c2ccc(O)cc2)C1=O
252,27480,0.0,Oc1ccc(/C=C/c2cc(O)cc(O)c2)cc1
253,20734,0.0,[O-][n+]1ccccc1S[Zn]Sc1cccc[n+]1[O-]
254,17250,0.0,C=CC(=O)OCC(O)COc1ccccc1
255,422,0.0,CC(=O)OCC(=O)[C@@]12OC3(CCCC3)O[C@@H]1C[C@H]1[C@@H]3CCC4=CC(=O)C=C[C@]4(C)[C@@]3(F)[C@@H](O)C[C@@]12C
256,9164,0.0,COCCOC(=O)C1=C(C)NC(C)=C(C(=O)OC/C=C/c2ccccc2)C1c1cccc([N+](=O)[O-])c1
257,12584,0.0,CCc1nc(N)nc(N)c1-c1ccc(Cl)cc1
258,2849,0.0,CCN(CC)CCOc1ccc(C(=C(Cl)c2ccccc2)c2ccccc2)cc1
259,6047,0.0,COC(=O)C1=C(C)NC(C)=C(C(=O)OCCN2CCN(C(c3ccccc3)c3ccccc3)CC2)C1c1cccc([N+](=O)[O-])c1.Cl.Cl
260,25947,0.0,CN1CCc2cccc3c2[C@H]1Cc1ccc(O)c(O)c1-3.CN1CCc2cccc3c2[C@H]1Cc1ccc(O)c(O)c1-3.Cl.Cl.O
261,9762,0.0,CC(CN1c2ccccc2Sc2ccccc21)N(C)C.Cl
262,26431,0.0,CCCSc1cc(OC)c(CCN)cc1OC.Cl
263,28609,0.0,COc1cccc2c1C(=O)c1c(O)c3c(c(O)c1C2=O)C[C@@](O)(C(=O)CO)C[C@@H]3O[C@H]1C[C@H](N)[C@H](O)[C@H](C)O1.Cl
264,25564,0.0,COc1ccc(/C=C/C(=O)Nc2ccccc2C(=O)O)cc1OC
265,24989,0.0,CCCCCCCCCCCCn1cc[n+](C)c1.F[P-](F)(F)(F)(F)F
266,5423,0.0,COC(COC(N)=O)C1=C(N2CC2)C(=O)C(C)=C(N2CC2)C1=O
267,11280,0.0,Nc1nc2nc[nH]c2c(=S)[nH]1
268,1557,0.0,CC(C(=O)O)c1ccc(C(=O)c2ccccc2)s1
269,3240,0.0,Cc1c(C(=O)NN2CCCCC2)nn(-c2ccc(Cl)cc2Cl)c1-c1ccc(Cl)cc1
270,20535,0.0,N[C@@H](Cc1ccc(N(CCCl)CCCl)cc1)C(=O)O
271,920,0.0,O=C(O)c1ccc(-n2nc(-c3ccccc3O)nc2-c2ccccc2O)cc1
272,5809,0.0,O=C(O)c1cc(O)c2ccccc2c1O
273,21806,0.0,CC[C@@]1(O)C(=O)OCc2c1cc1n(c2=O)Cc2cc3c([N+](=O)[O-])cccc3nc2-1
274,11593,0.0,Clc1ccc(C(Cn2ccnc2)OCc2csc3c(Cl)cccc23)c(Cl)c1.O=[N+]([O-])O
275,8027,0.0,C(=Cc1ccncc1)c1ccccc1
276,11869,0.0,CC(=O)O[Hg]c1ccccc1
277,9610,0.0,Cc1ccc(-n2nc(C(C)(C)C)cc2NC(=O)Nc2ccc(OCCN3CCOCC3)c3ccccc23)cc1
278,1247,0.0,COC(=O)C1=C(C)NC(C)=C(C(=O)OC)C1c1ccccc1[N+](=O)[O-]
279,2961,0.0,CC1=C(/C=C/C(C)=C/C=C/C(C)=C/C=C/C=C(C)/C=C/C=C(C)/C=C/C2=C(C)C[C@@H](O)CC2(C)C)C(C)(C)C[C@H](O)C1
280,2521,0.0,Cc1cc(Nc2ccccc2C(=O)O)ccc1Cl
281,29376,0.0,CCc1cc(Cc2cc(CC)c(N)c(CC)c2)cc(CC)c1N
282,22147,0.0,CCCCOCCOP(=O)(OCCOCCCC)OCCOCCCC
283,14605,0.0,CCCCc1oc2ccccc2c1C(=O)c1cc(I)c(OCCN(CC)CC)c(I)c1
284,502,0.0,CCCCc1oc2ccccc2c1C(=O)c1cc(I)c(OCCN(CC)CC)c(I)c1.Cl
285,16105,0.0,CCOc1ccc(Cc2nccc3cc(OCC)c(OCC)cc23)cc1OCC.Cl
286,7302,0.0,Cl.O=C(CCCN1CCC(O)(c2cccc(C(F)(F)F)c2)CC1)c1ccc(F)cc1
287,3477,0.0,Cl[Hg]c1ccccc1
288,28491,0.0,N#Cc1c(Cl)c(Cl)c(Cl)c(C#N)c1Cl
289,3636,0.0,Oc1cc(Cl)c(Cl)c(Cl)c1Cl
290,1418,0.0,OCC(c1ccc(Cl)cc1)c1ccc(Cl)cc1
291,7039,0.0,Cc1nc2ccccc2n1Cc1ccc(Cl)cc1
292,28255,0.0,CN(C)S(=O)(=O)N(SC(F)(Cl)Cl)c1ccccc1
293,10697,0.0,CC(C)[C@@]1(NC(=O)[C@@H]2C[C@@H]3c4cccc5[nH]cc(c45)C[C@H]3N(C)C2)O[C@@]2(O)[C@@H]3CCCN3C(=O)[C@H](Cc3ccccc3)N2C1=O
294,5299,0.0,COc1ccccc1NC(=O)c1cc2ccccc2cc1O
295,25155,0.0,F[Sn](c1ccccc1)(c1ccccc1)c1ccccc1
296,5220,0.0,O=C(O)c1ccccc1Nc1cccc(C(F)(F)F)c1
297,26564,0.0,O=c1[nH]c(=O)n([C@H]2C[C@H](O)[C@@H](CO)O2)cc1F
298,7643,0.0,N#C/C(=C1/SC[C@@H](c2ccc(Cl)cc2Cl)S1)n1ccnc1
299,4003,0.0,Cc1cc([N+](=O)[O-])cc([N+](=O)[O-])c1O
300,26061,0.0,CC(=O)O[C@H]1C(=O)[C@@]2(C)[C@H]([C@H](OC(=O)c3ccccc3)[C@]3(O)C[C@H](OC(=O)[C@H](O)[C@@H](NC(=O)c4ccccc4)c4ccccc4)C(C)=C1C3(C)C)[C@]1(OC(C)=O)CO[C@@H]1C[C@@H]2O
301,28848,0.0,O=C(O)[C@@H](S)[C@H](S)C(=O)O
302,27326,0.0,C[C@@H]1CC[C@H]2[C@@H](C)C(OC(=O)CCC(=O)O)OC3O[C@@]4(C)CC[C@@H]1C32OO4
303,17688,0.0,Cc1cc(SCc2sc(-c3ccc(C(F)(F)F)c(F)c3)nc2C)ccc1OCC(=O)O
304,26739,0.0,C[C@H]1O[C@@H](O[C@H]2[C@@H](O)C[C@H](O[C@H]3[C@@H](O)C[C@H](O[C@H]4CC[C@@]5(C)[C@H](CC[C@@H]6[C@@H]5C[C@@H](O)[C@]5(C)[C@@H](C7=CC(=O)OC7)CC[C@]65O)C4)O[C@@H]3C)O[C@@H]2C)C[C@H](O)[C@@H]1O
305,25600,0.0,O=c1[nH]c2ccccc2n1CCCN1CCN(C(c2ccccc2)c2ccccc2)CC1
306,27043,0.0,Cc1ccc2nc(-c3ccc(N)cc3)sc2c1S(=O)(=O)O
307,27813,0.0,Cc1ccc2c(Br)cc(Br)c(O)c2n1
308,284,0.0,Oc1ccc2[nH]cc(CCCCN3CC=C(c4ccccc4)CC3)c2c1
309,20698,0.0,C[C@H](CCC(=O)[O-])[C@H]1CC[C@H]2[C@@H]3CC[C@@H]4C[C@H](O)CC[C@]4(C)[C@H]3C[C@H](O)[C@]12C.[Na+]
310,6651,0.0,CC(=O)S[C@@H]1CC2=CC(=O)CC[C@]2(C)[C@H]2CC[C@@]3(C)[C@@H](CC[C@@]34CCC(=O)O4)[C@H]12
311,4404,0.0,CO[C@H]1/C=C/O[C@@]2(C)Oc3c(C)c(O)c4c(c3C2=O)C2=NC3(CCN(CC(C)C)CC3)NC2=C(NC(=O)/C(C)=C\C=C\[C@H](C)[C@H](O)[C@@H](C)[C@@H](O)[C@@H](C)[C@H](OC(C)=O)[C@@H]1C)C4=O
312,9276,0.0,CN(Cc1cc(Br)cc(Br)c1N)C1CCCCC1.Cl
313,653,0.0,O=C1C(Cl)=C(Cl)C(=O)C(Cl)=C1Cl
314,27707,0.0,Cc1ccc(N(SC(F)(Cl)Cl)S(=O)(=O)N(C)C)cc1
315,7090,0.0,CN1C[C@H](C(=O)N[C@]2(C)O[C@@]3(O)[C@@H]4CCCN4C(=O)[C@H](Cc4ccccc4)N3C2=O)C[C@@H]2c3cccc4[nH]cc(c34)C[C@H]21
316,21088,0.0,Fc1ccccc1[C@@H](F)CO[C@H]1CC[C@H](Nc2[nH]cnc3nncc2-3)CC1
317,4516,0.0,CCCCCCCC/C=C\CCCCCCCC(=O)N(CCO)CCO
318,6554,0.0,CN1C(=O)[C@@H](NC(=O)c2cc3ccccc3[nH]2)N=C(c2ccccc2)c2ccccc21
319,209,0.0,O=C1c2ccccc2C(=O)N1SC1CCCCC1
320,21473,0.0,C=CCOC(Cn1ccnc1)c1ccc(Cl)cc1Cl.O=S(=O)(O)O
321,25854,0.0,O=C(O)c1ccc([Hg]Cl)cc1
322,27566,0.0,CCC(C)(C)c1ccc(O)c(C(C)(C)CC)c1
323,7769,0.0,OCC(S)CS
324,20360,0.0,O=[N+]([O-])c1ccc2ccc3cccc4ccc1c2c34
325,25268,0.0,CC(C)N1C(=O)N(c2ccccc2)CSC1=NC(C)(C)C
326,13784,0.0,CCCCC(CC)COP(=O)(O)OCC(CC)CCCC
327,25352,0.0,CC(C)(C)NCC(O)c1cc(Cl)c(N)c(Cl)c1
328,10320,0.0,O=[N+]([O-])c1ccc(O)c([N+](=O)[O-])c1
329,6136,0.0,C[C@]12CCC(=O)C=C1[C@@H]1C[C@@H]1[C@H]1[C@@H]3[C@@H]4C[C@@H]4[C@@]4(CCC(=O)O4)[C@@]3(C)CC[C@@H]12
330,14167,0.0,CCCCC(CC)COC(=O)CC(C(=O)OCC(CC)CCCC)S(=O)(=O)[O-].[Na+]
331,20001,0.0,CC1=C(/C=C/C(C)=C/C=C/C(C)=C/C(=O)O)C(C)(C)CCC1
332,1184,0.0,CC1(C)N=C(N)N=C(N)N1c1ccc(Cl)cc1.Cl
333,10955,0.0,Oc1c(Cl)cc(Cl)c(Cl)c1Cl
334,5721,0.0,O=C1c2ccccc2C(=O)C1C(=O)C(c1ccccc1)c1ccc(Cl)cc1
335,27914,0.0,COc1cc(C(=O)NC2CCN(C)CC2)ccc1Nc1ncc2c(n1)N(C1CCCC1)CC(F)(F)C(=O)N2C
336,14299,0.0,O=C(CCc1ccc(O)cc1)c1c(O)cc(O)cc1O
337,21131,0.0,CC1(C)S[C@@H]2[C@H](NC(=O)[C@H](N)c3ccccc3)C(=O)N2[C@H]1C(=O)OCOC(=O)[C@@H]1N2C(=O)C[C@H]2S(=O)(=O)C1(C)C.Cc1ccc(S(=O)(=O)O)cc1
338,6906,0.0,O=C(O)c1cc(/N=N/c2ccc([N+](=O)[O-])cc2)ccc1O
339,4312,0.0,O=C([O-])c1ccccc1-c1c2cc(I)c(=O)c(I)c-2oc2c(I)c([O-])c(I)cc12.[Na+].[Na+]
340,12040,0.0,C#C[C@@]1(O)CC[C@H]2[C@@H]3CCC4=CCCC[C@@H]4[C@H]3CC[C@@]21C
341,26267,0.0,CCCC(=O)OC[C@@H](OC(=O)CCC)[C@@H](OC(=O)CCC)[C@H](Cn1c2nc(=O)[nH]c(=O)c-2nc2cc(C)c(C)cc21)OC(=O)CCC
342,29102,0.0,COc1cccc2c1C(=O)c1c(O)c3c(c(O)c1C2=O)C[C@@](O)(C(C)=O)C[C@@H]3O[C@H]1C[C@H](N)[C@H](O)[C@H](C)O1.Cl
343,1642,0.0,O=[N+]([O-])c1ccc(O)c([N+](=O)[O-])c1
344,3150,0.0,CC1(C)CCC(C)(C)c2cc(C(=O)Nc3ccc(C(=O)O)cc3)ccc21
345,20613,0.0,Cc1cc(=O)oc2cc(O)cc(O)c12
346,23821,0.0,N#Cc1cc(Br)c(O)c(Br)c1
347,1966,0.0,O=P(OCC(Br)CBr)(OCC(Br)CBr)OCC(Br)CBr
348,28716,0.0,CC(C)N(C(=O)CCl)c1ccccc1
349,5927,0.0,CCCCCCCCC(CCCCCC)C(=O)O
350,834,0.0,CC(C)(c1ccccc1)c1ccc(Nc2ccc(C(C)(C)c3ccccc3)cc2)cc1
351,4595,0.0,CCOP(=O)(OCC)Oc1nc(Cl)c(Cl)cc1Cl
352,16668,0.0,O=C(Nc1ccccc1)c1cc([N+](=O)[O-])ccc1Cl
353,4776,0.0,CCCCCCCCCC(CC)c1ccc(S(=O)(=O)O)cc1
354,1780,0.0,CCCCCCCCCC(CC)c1ccc(S(=O)(=O)[O-])cc1.[Na+]
355,26648,0.0,C=CC(OCC)OCC
356,728,0.0,Cc1cccc(Nc2ccccc2C(=O)O)c1C
357,28995,0.0,ClC1=C(Cl)C(Cl)(Cl)C(Cl)=C1Cl
358,21859,0.0,[O-][n+]1ccccc1SSc1cccc[n+]1[O-]
359,5055,0.0,Cl.Cl.OCCN1CCN(CCCN2c3ccccc3C=Cc3ccccc32)CC1
360,4202,0.0,CCNC(=O)N1CCN(CCCC(c2ccc(F)cc2)c2ccc(F)cc2)CC1.Cl
361,7542,0.0,Cc1cc2nc3ccc(N(C)C)cc3[s+]c2cc1N.[Cl-]
362,24915,0.0,O=[N+]([O-])c1ccc(O)c2ncccc12
363,6290,0.0,O=[N+]([O-])c1cc(C(F)(F)F)c(Cl)c([N+](=O)[O-])c1Nc1ncc(C(F)(F)F)cc1Cl
364,16436,0.0,CC[C@H](C)C(=O)O[C@H]1C[C@@H](C)C=C2C=C[C@H](C)[C@H](CC[C@@H]3C[C@@H](O)CC(=O)O3)[C@H]21
365,8117,0.0,CCC(C)(C)c1ccc(CC(C)CN2C[C@@H](C)O[C@@H](C)C2)cc1
366,16227,0.0,c1cc(C(c2ccc(OCC3CO3)cc2)c2ccc(OCC3CO3)cc2)ccc1OCC1CO1
367,28648,0.0,CCC(C)[C@H]1O[C@]2(C=C[C@@H]1C)C[C@@H]1C[C@@H](C/C=C(\C)[C@@H](O[C@H]3C[C@H](OC)[C@@H](O[C@H]4C[C@H](OC)[C@H](NC(C)=O)[C@H](C)O4)[C@H](C)O3)[C@@H](C)/C=C/C=C3\CO[C@@H]4[C@H](O)C(C)=C[C@@H](C(=O)O1)[C@]34O)O2
368,25430,0.0,CC(C)(C)c1cc(O)ccc1O
369,2741,0.0,CCN(CC)C(=S)SSC(=S)N(CC)CC
370,8842,0.0,CCc1ccc2c(c1)N(CC(C)CN(C)C)c1ccccc1S2.Cl
371,4112,0.0,O=C(Nc1ccc(Cl)cc1)Nc1ccc(Cl)c(Cl)c1
372,2672,0.0,CSc1ccc2c(c1)C(N1CCN(C)CC1)Cc1ccccc1S2
373,5615,0.0,COc1ccc(CCN(C)CCCC(C#N)(c2ccc(OC)c(OC)c2)C(C)C)cc1OC
374,3788,0.0,COc1ccc(C2NC(=S)N3C(c4ccc(OC)c(OC)c4)NC(=S)N23)cc1OC
375,12803,0.0,O=C(Nc1ccc(Cl)cc1)Nc1ccc(Cl)c(C(F)(F)F)c1
376,12548,0.0,N=C(N)NN=C(C=Cc1ccc([N+](=O)[O-])o1)C=Cc1ccc([N+](=O)[O-])o1
377,3280,0.0,O=C(Nc1ccc(Br)cc1)c1cc(Br)c(Br)s1
378,24470,0.0,O=C(NOCC1CC1)c1ccc(F)c(F)c1Nc1ccc(I)cc1Cl
379,25776,0.0,CCC(=O)c1ccc2c(c1)N(CCCN1CCN(CCO)CC1)c1ccccc1S2.O=C(O)/C=C\C(=O)O.O=C(O)/C=C\C(=O)O
380,4051,0.0,CCCCCCCCCCCCc1ccccc1O
381,12362,0.0,OCc1cc(C(O)CNCCCCCCOCCCCc2ccccc2)ccc1O
382,1517,0.0,O=C(O)c1ccc2ccccc2c1O.OCc1cc(C(O)CNCCCCCCOCCCCc2ccccc2)ccc1O
383,27292,0.0,[Cl-].[Cl-].[Hg+2]
384,26827,0.0,CC[C@@]1([C@@H]2O[C@@H]([C@H]3O[C@@](O)(CO)[C@H](C)C[C@@H]3C)C[C@@H]2C)CC[C@H]([C@]2(C)CC[C@]3(C[C@H](O)[C@@H](C)[C@@H]([C@@H](C)[C@@H](OC)[C@H](C)C(=O)[O-])O3)O2)O1.[Na+]
385,13477,0.0,CN1C(=O)CN=C(c2ccccc2)c2cc([N+](=O)[O-])ccc21
386,26189,0.0,Cc1cc(Br)ccc1NC(=O)CCl
387,17543,0.0,C=C1/C(=C\C=C2/CCC[C@]3(C)[C@@H]([C@H](C)/C=C/[C@H](C)C(C)C)CC[C@@H]23)C[C@@H](O)C[C@@H]1O
388,2470,0.0,C=C1CC[C@H](O)C/C1=C/C=C1\CCC[C@]2(C)[C@@H]([C@H](C)CC[C@@H](O)C(C)(C)O)CC[C@@H]12
389,24355,0.0,c1ccc2c(c1)OCC(C1=NCCN1)O2
390,3061,0.0,Cc1cccc(C)c1OCC(=O)N[C@@H](Cc1ccccc1)[C@@H](O)C[C@H](Cc1ccccc1)NC(=O)[C@H](C(C)C)N1CCCNC1=O
391,27449,0.0,CC(C)COCC(CN(Cc1ccccc1)c1ccccc1)N1CCCC1
392,27942,0.0,CC(O)C#CC(C)O
393,21565,0.0,Cc1c(C)c2c(c(C)c1O)CCC(C)(COc1ccc(CC3SC(=O)NC3=O)cc1)O2
394,9049,0.0,CCCCCc1cc(O)c2c(c1)OC(C)(C)[C@@H]1CCC(C)=C[C@@H]21
395,1330,0.0,CCN(CC)C(=S)SSC(=S)N(CC)CC
396,14820,0.0,CC[C@H](OC(C)=O)C(C[C@H](C)NC)(c1ccccc1)c1ccccc1.Cl
397,28930,0.0,CN(CCCl)CCCl.Cl
398,12478,0.0,CN(C)CCC=C1c2ccccc2CCc2ccccc21.Cl
399,2590,0.0,CNCCC=C1c2ccccc2CCc2ccccc21.Cl
400,1448,0.0,CN(C)CCCN1c2ccccc2Sc2ccc(C(F)(F)F)cc21.Cl
401,4886,0.0,CCC1OC(=O)C[C@@H](O)[C@H](C)[C@@H](O[C@@H]2O[C@H](C)C[C@H](N(C)C)[C@H]2O)[C@@H](CC=O)C[C@@H](C)C(=O)/C=C/[C@]2(C)OC2C1C
402,21662,0.0,CN(C)C(=S)SSC(=S)N(C)C
403,1080,0.0,COC(=O)[C@H]1[C@H]2C[C@@H]3c4[nH]c5ccccc5c4CCN3C[C@H]2C[C@@H](OC(=O)c2cc(OC)c(OC)c(OC)c2)[C@@H]1OC
404,4695,0.0,OCCN1CCN(CC/C=C2/c3ccccc3Sc3ccc(C(F)(F)F)cc32)CC1
405,143,0.0,COc1cc2ncnc(Nc3ccc(F)c(Cl)c3)c2cc1OCCCN1CCOCC1
406,5167,0.0,N#CSCSC#N
407,7798,0.0,Nc1ccc(O)cc1
408,581,0.0,O=C(O)Cc1sc(-c2ccccc2)nc1-c1ccc(Cl)cc1
409,22013,0.0,C[C@H]1O[C@@H](O[C@H]2[C@@H](O)C[C@H](O[C@H]3[C@@H](O)C[C@H](O[C@H]4CC[C@@]5(C)[C@H](CC[C@@H]6[C@@H]5CC[C@]5(C)[C@@H](C7=CC(=O)OC7)CC[C@]65O)C4)O[C@@H]3C)O[C@@H]2C)C[C@H](O)[C@@H]1O
410,3872,0.0,O=C1C=CC(=O)N1
411,88,0.0,O=c1c(-c2ccccc2)c1-c1ccccc1
412,2296,0.0,Cc1cc(-n2c(=O)[nH]c(=O)n(C)c2=O)ccc1Oc1ccc(S(=O)(=O)C(F)(F)F)cc1
413,7218,0.0,Nc1ncnc2c1ncn2[C@@H]1O[C@H](COP(=O)(O)OP(=O)(O)OP(=O)(O)O)[C@@H](O)[C@H]1O
414,20233,0.0,Cc1ccc(O)c2ncccc12
415,22321,0.0,CCCCCCCCCOC(=O)c1ccc(O)cc1
416,22581,0.0,Oc1ccc(Cl)cc1Cc1cc(Cl)ccc1O
417,14479,0.0,COCCCOc1ccnc(CS(=O)c2nc3ccccc3[n-]2)c1C.[Na+]
418,26462,0.0,O=CC(Br)(Br)Br
419,1719,0.0,C=C1/C(=C\C=C2/CCC[C@]3(C)[C@@H]([C@H](C)/C=C/[C@@H](O)C4CC4)CC[C@@H]23)C[C@@H](O)C[C@@H]1O
420,4271,0.0,CCCCCC(=O)O[C@]1(C(C)=O)CC[C@H]2[C@@H]3CCC4=CC(=O)CC[C@]4(C)[C@H]3CC[C@@]21C
421,13322,0.0,CC(=O)O[C@]1(C(C)=O)CC[C@H]2[C@@H]3C=C(Cl)C4=CC(=O)CC[C@]4(C)[C@H]3CC[C@@]21C
422,3938,0.0,CC(=O)[C@]1(O)Cc2c(O)c3c(c(O)c2[C@@H](O[C@H]2C[C@H](N)[C@H](O)[C@H](C)O2)C1)C(=O)c1c(O)cccc1C3=O
423,25230,0.0,CC(=O)[C@]1(O)Cc2c(O)c3c(c(O)c2[C@@H](O[C@H]2C[C@H](N)[C@H](O)[C@H](C)O2)C1)C(=O)c1c(O)cccc1C3=O
424,25119,0.0,CO[C@H]1/C=C/O[C@@]2(C)Oc3c(C)c(O)c4c(O)c(c(/C=N/N5CCN(C6CCCC6)CC5)c(O)c4c3C2=O)NC(=O)/C(C)=C\C=C\[C@H](C)[C@H](O)[C@@H](C)[C@@H](O)[C@@H](C)[C@H](OC(C)=O)[C@@H]1C
425,24717,0.0,CC(=O)Oc1cc(C)c(OC(C)=O)c2ccccc12
426,4491,0.0,C=C[C@]1(C)C[C@@H](OC(=O)CSC(C)(C)CNC(=O)[C@H](N)C(C)C)[C@]2(C)[C@H](C)CC[C@]3(CCC(=O)[C@H]32)[C@@H](C)[C@@H]1O
427,28777,0.0,COC(=O)C1=C(C#N)NC(C)=C(C(=O)OC(C)C)C1c1cccc([N+](=O)[O-])c1
428,24656,0.0,CCN(CC)CCC(=O)N1c2ccccc2Sc2ccc(C(F)(F)F)cc21
429,29303,0.0,CCN(CC)CCNc1ccc(CO)c2sc3ccccc3c(=O)c12
430,24408,0.0,CC(=O)[C@]1(O)Cc2c(O)c3c(c(O)c2[C@@H](O[C@H]2C[C@H](N)[C@H](O)[C@H](C)O2)C1)C(=O)c1ccccc1C3=O.Cl
431,22466,0.0,CCCCc1oc2ccccc2c1C(=O)c1cc(I)c(OCCN(CC)CC)c(I)c1.Cl
432,4972,0.0,CCCCCCCCn1sc(Cl)c(Cl)c1=O
433,7400,0.0,CN(C)c1ccc(N=O)cc1
434,2161,0.0,CN(C)CCCN1c2ccccc2CCc2ccccc21
435,12624,0.0,CN(C)CCOC(c1ccccc1)c1ccccc1
436,23918,0.0,CN(C)CCOC1=Cc2ccccc2Sc2ccc(Cl)cc21
437,27163,0.0,CN1CCN(CCC=C2c3ccccc3Sc3ccc(S(=O)(=O)N(C)C)cc32)CC1
438,25498,0.0,CC(C)[C@@]1(NC(=O)[C@@H]2C[C@@H]3c4cccc5[nH]cc(c45)C[C@H]3N(C)C2)O[C@@]2(O)[C@@H]3CCCN3C(=O)[C@H](Cc3ccccc3)N2C1=O
439,1899,0.0,CN1CCN(C2=Nc3ccccc3Sc3ccc(Cl)cc32)CC1
440,4631,0.0,CNC[C@H](O)[C@@H](O)[C@@H](O)[C@H](O)CO.Cc1c(Nc2ncccc2C(=O)O)cccc1C(F)(F)F
441,28136,0.0,COC(=O)[C@H]1[C@H]2C[C@@H]3c4[nH]c5cc(OC)ccc5c4CCN3C[C@H]2C[C@@H](OC(=O)c2cc(OC)c(OC)c(OC)c2)[C@@H]1OC
442,23767,0.0,N#Cc1nn(-c2c(Cl)cc(C(F)(F)F)cc2Cl)c(N)c1S(=O)C(F)(F)F
443,7928,0.0,O=C(CCCN1CCC(n2c(=S)[nH]c3ccccc32)CC1)c1ccc(F)cc1
444,3520,0.0,CN[C@H]1CC[C@@H](c2ccc(Cl)c(Cl)c2)c2ccc(S(N)(=O)=O)cc21
445,13101,0.0,NCc1cccc(C2CCN(C(=O)c3ccc(C#Cc4ccccc4F)o3)CC2)c1
446,20413,1.0,CCCCNC(=O)OCC#CI
447,22499,1.0,O=C(O)c1ccccc1O.Oc1cccc2cccnc12
448,25204,1.0,C[C@]12C=CC(=O)C=C1CC[C@@H]1[C@@H]2[C@@H](O)C[C@@]2(C)[C@H]1CC[C@]2(O)C(=O)COC(=O)CCC(=O)O
449,22224,1.0,C=CC(=O)OCC(C)OCC(C)OCC(C)OC(=O)C=C
450,22123,1.0,O1[As]2O[As]3O[As]1O[As](O2)O3
451,5998,1.0,O=C(Nc1ccc(Br)cc1)c1cc(Br)cc(Br)c1O
452,1301,1.0,CC(C)(C)CC(C)(C)c1ccc(O)cc1
453,5065,1.0,CC(C)(C)CC(C)(C)c1ccccc1O
454,115,1.0,Cc1cc(O)c2c3c4c(cc(O)c13)C(C)(C)C(=O)c1c(O)cc(O)c(c1-4)C2=O
455,26872,1.0,O=C([O-])c1c(Cl)c(Cl)c(Cl)c(Cl)c1-c1c2cc(I)c(=O)c(I)c-2oc2c(I)c([O-])c(I)cc12.[Na+].[Na+]
456,27592,1.0,COc1cccc2c1cc([N+](=O)[O-])c1c(C(=O)[O-])cc3c(c12)OCO3.[Na+]
457,28690,1.0,CC1(C)C(/C=C\C=C/C=C\C=C2\N(CCCCS(=O)(=O)[O-])c3ccc4ccccc4c3C2(C)C)=[N+](CCCCS(=O)(=O)[O-])c2ccc3ccccc3c21.[Na+]
458,7795,1.0,CN(C)c1ccc(C(=C2C=CC(=[N+](C)C)C=C2)c2c(O)c(S(=O)(=O)[O-])cc3cc(S(=O)(=O)[O-])ccc23)cc1.[Na+]
459,22264,1.0,CCCCC(CC)COC(=O)CC(C(=O)OCC(CC)CCCC)S(=O)(=O)[O-].[Na+]
460,22124,1.0,O=[N+]([O-])C=Cc1ccccc1
461,1150,1.0,CCCCN(CCCC)C(=S)[S-].CCCCN(CCCC)C(=S)[S-].[Zn+2]
462,14187,1.0,Oc1c(Br)c(Br)c(Br)c(Br)c1Br
463,7292,1.0,CCNC(=O)/C=C/c1cccc(Br)c1
464,26308,1.0,C=CC(=O)OCCn1c(=O)n(CCOC(=O)C=C)c(=O)n(CCOC(=O)C=C)c1=O
465,17028,1.0,CC(=O)O[C@]1(C(C)=O)CC[C@H]2[C@@H]3C=C(C)C4=CC(=O)CC[C@]4(C)[C@H]3CC[C@@]21C
466,7773,1.0,C#C[C@]1(OC(C)=O)CC[C@H]2[C@@H]3CCC4=CC(=O)CC[C@@H]4[C@H]3CC[C@@]21C
467,26429,1.0,CC(=O)Oc1ccc(C2(c3ccc(OC(C)=O)cc3)C(=O)Nc3ccccc32)cc1
468,28117,1.0,CCOc1cc(C(C)(C)C)ccc1C1COC(c2c(F)cccc2F)=N1
469,345,1.0,CC(C)c1nc(CN(C)C(=O)N[C@H](C(=O)N[C@@H](Cc2ccccc2)C[C@H](O)[C@H](Cc2ccccc2)NC(=O)OCc2cncs2)C(C)C)cs1
470,6314,1.0,Cc1nc(-c2ccc(OCC(C)C)c(C#N)c2)sc1C(=O)O
471,16515,1.0,CC(C)Nc1ccc(Nc2ccccc2)cc1
472,21461,1.0,COc1cc(NCCCC(C)N)c2ncccc2c1
473,1333,1.0,Cc1c(Cl)cccc1Nc1ccccc1C(=O)O
474,2525,1.0,CCOC(=O)O[C@]1(C(=O)COC(=O)CC)CC[C@H]2[C@@H]3CCC4=CC(=O)C=C[C@]4(C)[C@H]3[C@@H](O)C[C@@]21C
475,24549,1.0,CCCC[Sn](CCCC)(CCCC)CCCC
476,24379,1.0,CCc1cc(Cl)c(OC)c(C(=O)NC[C@@H]2CCCN2CC)c1O.Cl
477,375,1.0,Cl.OCCOCCN1CCN(C(c2ccccc2)c2ccc(Cl)cc2)CC1
478,7292,1.0,CN(C)CCC=C1c2ccccc2CCc2ccccc21.Cl
479,5540,1.0,COc1cccc(-c2ccc(/C=C\CN3CCCCCC3)cc2Cl)c1.Cl
480,21367,1.0,Cc1ncc2n1-c1ccc(Cl)cc1C(c1ccccc1F)=NC2.Cl
481,6314,1.0,Cl.O.c1cnc2c(c1)ccc1cccnc12
482,26867,1.0,C=C(CC)C(=O)c1ccc(OCC(=O)O)c(Cl)c1Cl
483,1031,1.0,O=C(Nc1cccc(Cl)c1)OCC#CCCl
484,2508,1.0,O=C(Nc1ccc(Oc2ccc(Cl)cc2)c(Cl)c1)c1cc(I)cc(I)c1O
485,28653,1.0,CCOC(=O)N1CCC(=C2c3ccc(Cl)cc3CCc3cccnc32)CC1
486,28476,1.0,CC#C[C@]1(O)CC[C@H]2[C@@H]3CCC4=CC(=O)CCC4=C3[C@@H](c3ccc(N(C)C)cc3)C[C@@]21C
487,1464,1.0,CN1CCCC(CN2c3ccccc3Sc3ccccc32)C1
488,24525,1.0,CN1CCN(C2=Nc3cc(Cl)ccc3Nc3ccccc32)CC1
489,5599,1.0,COc1ccc(-c2cc(=S)ss2)cc1
490,7926,1.0,Cc1nc2sccn2c(=O)c1CCN1CCC(=C(c2ccc(F)cc2)c2ccc(F)cc2)CC1
491,26922,1.0,CC(C)(O)c1cnn2c(-c3ccc(F)c(-c4c(F)cccc4C#N)c3)cnc2n1
492,28505,1.0,CCCCC[C@H](O)/C=C/[C@H]1[C@H](O)CC(=O)[C@@H]1CCCCCCC(=O)O
493,28768,1.0,O=C(CCCCCCC(=O)Nc1ccccc1)NO
494,1409,1.0,CC(C)(C)NCC(O)COc1ccc(NC(=O)NC2CCCCC2)cc1
495,26788,1.0,O=C(O)CC(O)(CC(=O)O)C(=O)O.Oc1cccc2cccnc12
496,27315,1.0,Cc1cccc(C)c1Nc1ncccc1C(=O)O
497,2934,1.0,CCOC(=O)c1cc(-c2ccccc2)nc2ccc(C)cc12
498,11980,1.0,O=C1c2ccccc2C(=O)N1SC1CCCCC1
499,6314,1.0,CCCCC(O)(Cn1cncn1)c1ccc(Cl)cc1Cl
500,10636,1.0,Oc1ccc(C(c2ccc(O)cc2)(C(F)(F)F)C(F)(F)F)cc1
501,1150,1.0,CN(C)c1ccc(C(=C2C=CC(=[N+](C)C)C=C2)c2ccc(N(C)C)cc2)cc1.[Cl-]
502,22129,1.0,O=C1C(I)=CC(=C(c2cc(I)c([O-])c(I)c2)c2ccccc2C(=O)[O-])C=C1I.[Na+].[Na+]
503,319,1.0,CC(C)n1c(/C=C/[C@@H](O)C[C@@H](O)CC(=O)[O-])c(-c2ccc(F)cc2)c2ccccc21.[Na+]
504,22500,1.0,CN(C)C(=S)[S-].[Na+]
505,266,1.0,CCCCC(CC)COC(=O)CC(C(=O)OCC(CC)CCCC)S(=O)(=O)[O-].[Na+]
506,20725,1.0,O=[N+]([O-])c1cc(C2CCCCC2)c(O)c([N+](=O)[O-])c1
507,983,1.0,Br.NC(=O)C(c1ccccc1)(c1ccccc1)[C@@H]1CCN(CCc2ccc3c(c2)CCO3)C1
508,1239,1.0,C#C[C@]1(O)CC[C@H]2[C@@H]3CCC4=Cc5oncc5C[C@]4(C)[C@H]3CC[C@@]21C
509,2393,1.0,C/C=C/C[C@@H](C)[C@@H](O)[C@H]1C(=O)N[C@@H](CC)C(=O)N(C)CC(=O)N(C)[C@@H](CC(C)C)C(=O)N[C@@H](C(C)C)C(=O)N(C)[C@@H](CC(C)C)C(=O)N[C@@H](C)C(=O)N[C@H](C)C(=O)N(C)[C@@H](CC(C)C)C(=O)N(C)[C@@H](CC(C)C)C(=O)N(C)[C@@H](C(C)C)C(=O)N1C
510,1478,1.0,CC1=C(/C=C/C(C)=C/C=C/C(C)=C\C=O)C(C)(C)CCC1
511,13382,1.0,Cc1cc(C(C)(C)c2cc(C)c(O)c(C)c2)cc(C)c1O
512,18666,1.0,CC1=C[C@H](O)CC(C)(C)[C@H]1/C=C/C(C)=C/C=C/C(C)=C/C=C/C=C(C)/C=C/C=C(C)/C=C/C1=C(C)C[C@@H](O)CC1(C)C
513,12551,1.0,CCCNCC(O)COc1ccccc1C(=O)CCc1ccccc1
514,26903,1.0,CCOc1ccc([N+](=O)[O-])cc1
515,7926,1.0,CCc1c2c(nc3ccc(OC(=O)N4CCC(N5CCCCC5)CC4)cc13)-c1cc3c(c(=O)n1C2)COC(=O)[C@]3(O)CC.Cl
516,811,1.0,Cc1[nH]cnc1C[C@H]1CCc2c(C)c3ccccc3n2C1=O.Cl
517,27861,1.0,CN(C)CCCN1c2ccccc2CCc2ccc(Cl)cc21.Cl
518,1667,1.0,CN1CCCN(C(c2ccccc2)c2ccc(Cl)cc2)CC1
519,2742,1.0,O=C1CN=C(c2ccccc2)c2cc(Cl)ccc2N1CC1CC1
520,2742,1.0,CCCCOCN(C(=O)CCl)c1c(CC)cccc1CC
521,27775,1.0,C=C[C@H]1CN2CCC1C[C@@H]2[C@@H](O)c1ccnc2ccc(OC)cc12
522,1237,1.0,COc1ccc(C=CC(=O)OCCC(C)C)cc1
523,25081,1.0,O=S1(=O)c2cccc3cccc(c23)N1CCCN1CCN(c2ccc(F)cc2)CC1
524,8015,1.0,CCOC(=O)c1ccc(N)cc1
525,2360,1.0,Nc1ncnc2[nH]cnc12
526,7925,1.0,Cc1cc(=O)oc2cc(O)ccc12.O
527,1462,1.0,O=C(O)CCC(=O)c1ccc(-c2ccccc2)cc1
528,24936,1.0,O=C(CS)Nc1ccccc1
529,1071,1.0,CC1(C)[C@@H](O)CC[C@]2(C)[C@H]3C(=O)C=C4[C@@H]5C[C@@](C)(C(=O)O)CC[C@]5(C)CC[C@@]4(C)[C@]3(C)CC[C@@H]12
530,17717,1.0,CC1CCC(C(C)C)C(OC(=O)c2ccccc2N)C1
531,653,1.0,CC1=C(C)C(=O)C(CCCCC#CCCCC#CCO)=C(C)C1=O
532,2880,1.0,C[C@@H]1O[C@@H](O[C@H]2C[C@@H](O)[C@]3(CO)[C@H]4[C@H](O)C[C@]5(C)[C@@H](C6=CC(=O)OC6)CC[C@]5(O)[C@@H]4CC[C@]3(O)C2)[C@H](O)[C@H](O)[C@H]1O
533,5997,1.0,O=C1C(=O)c2ncccc2-c2cccnc21
534,27949,1.0,CC(C)Oc1cc(-n2nc(C(C)(C)C)oc2=O)c(Cl)cc1Cl
535,6655,1.0,CCCN(CCC)c1c([N+](=O)[O-])cc(S(N)(=O)=O)cc1[N+](=O)[O-]
536,3549,1.0,Oc1c(I)cc(Cl)c2cccnc12
537,27871,1.0,Cc1ccc(C(=O)c2cc(O)c(O)c([N+](=O)[O-])c2)cc1
538,1460,1.0,C[C@H]1CCCC(=O)CCC/C=C/c2cc(O)cc(O)c2C(=O)O1
539,1994,1.0,Cc1cc(=O)oc2cc(O)ccc12
540,28479,1.0,Nc1ccc(C(=O)Oc2ccccc2)c(O)c1
541,3216,1.0,CC[N+](CC)(CC)CCOc1ccc(/C=C/c2ccccc2)cc1.[I-]
542,2523,1.0,COc1ccc2sc(C(=O)Nc3nnn[n-]3)c(OC(C)C)c2c1.[Na+]
543,1125,1.0,Cc1[nH]nc2c1N=C(c1ccccc1Cl)c1cc([N+](=O)[O-])ccc1N2
544,576,1.0,CC(C)C[C@H]1C(=O)N2CCC[C@H]2[C@]2(O)O[C@](NC(=O)[C@@H]3C=C4c5cccc6[nH]c(Br)c(c56)C[C@H]4N(C)C3)(C(C)C)C(=O)N12
545,27433,1.0,C/C=C/C[C@@H](C)[C@@H](O)[C@H]1C(=O)N[C@@H](CC)C(=O)N(C)CC(=O)N(C)[C@@H](CC(C)C)C(=O)N[C@@H](C(C)C)C(=O)N(C)[C@@H](CC(C)C)C(=O)N[C@@H](C)C(=O)N[C@H](C)C(=O)N(C)[C@@H](CC(C)C)C(=O)N(C)[C@@H](CC(C)C)C(=O)N(C)[C@@H](C(C)C)C(=O)N1C
546,6081,1.0,c1ccc2c(c1)Sc1ccccc1N2CCN1CCCC1
547,2394,1.0,CC(=O)O[C@]1(C(C)=O)CC[C@H]2[C@@H]3C=C(Cl)C4=CC(=O)[C@@H]5C[C@@H]5[C@]4(C)[C@H]3CC[C@@]21C
548,2315,1.0,CC(=O)[C@H]1CC[C@H]2[C@@H]3CCC4=CC(=O)CC[C@]4(C)[C@H]3CC[C@]12C
549,26970,1.0,CCc1cc(C(C)(C)C)c(O)c(C(C)(C)C)c1
550,2437,1.0,Cc1ccc2nc(N)[nH]c(=O)c2c1Sc1ccncc1.Cl.Cl
551,24519,1.0,COc1ccc(Cc2nccc3cc(OC)c(OC)cc23)cc1OC.Cl
552,1118,1.0,Nc1cc(Cl)c(-c2cc(Cl)c(N)cc2Cl)cc1Cl
553,1680,1.0,Clc1ccc(Nc2nnc(Cc3ccncc3)c3ccccc23)cc1
554,5540,1.0,CN1C(=O)C(O)N=C(c2ccccc2)c2cc(Cl)ccc21
555,2883,1.0,ClC1=C(Cl)C2(Cl)C(CBr)CC1(Cl)C2(Cl)Cl
556,28590,1.0,O=C(Nc1ccccc1)Nc1ccnc(Cl)c1
557,3652,1.0,CN(C)C(=S)SC(=S)N(C)C
558,2360,1.0,CN1CCC(=C2c3ccccc3CCc3sccc32)CC1
559,717,1.0,CSc1ccc(/C=C2/C(C)=C(CC(=O)O)c3cc(F)ccc32)cc1
560,27821,1.0,COc1cc(-c2ccc(=O)[nH]n2)ccc1OC(F)F
561,26192,1.0,O=C1C(I)=CC(=C(c2cc(I)c(O)c(I)c2)c2ccccc2C(=O)O)C=C1I
562,1368,1.0,N=C(Nc1ccccc1)Nc1ccccc1
563,21997,1.0,OC[C@H]1OC(S[Au])[C@H](O)[C@@H](O)[C@@H]1O
564,25867,1.0,CC(C)OC(=O)C(C)(C)Oc1ccc(C(=O)c2ccc(Cl)cc2)cc1
565,20268,1.0,O=C(O)Cn1c(C(=O)Nc2nc(-c3ccccc3Cl)cs2)cc2ccccc21
566,26754,1.0,O=C(O)/C=C/C(=O)O.c1ccc(C(O[C@H]2CCCN(CCc3ccc4c(c3)OCO4)C2)c2ccccc2)cc1
567,3001,1.0,N[C@@H](Cc1cc(I)c(Oc2ccc(O)c(I)c2)c(I)c1)C(=O)O
568,2777,1.0,C#CCC(Cc1cnc2nc(N)nc(N)c2n1)c1ccc(C(=O)N[C@@H](CCC(=O)O)C(=O)O)cc1
569,209,1.0,Oc1c(I)cc(Cl)c2cccnc12
570,24514,1.0,CCCCCCCOC(=O)c1ccc(O)cc1
571,2898,1.0,O=C1OC(c2ccc(O)cc2)(c2ccc(O)cc2)c2ccccc21
572,28911,1.0,C#C[C@]1(O)CC[C@H]2[C@@H]3CCc4cc(O)ccc4[C@H]3CC[C@@]21C
573,5257,1.0,C[C@]12CC[C@H]3C(=CCc4cc(O)ccc43)[C@@H]1CCC2=O
574,372,1.0,CNC(=O)[C@H](Cc1c[nH]c2ccccc12)NC(=O)[C@@H](CC(=O)NO)CC(C)C
575,2364,1.0,CCCCCCCCCCCC[N+](C)(C)C.[Cl-]
576,28899,1.0,CC(C)(c1cc(Br)c(O)c(Br)c1)c1cc(Br)c(O)c(Br)c1
577,9055,1.0,O=c1oc2ccccc2c(O)c1C(CC(O)c1ccc(-c2ccc(Br)cc2)cc1)c1ccccc1
578,861,1.0,O=C1OC2(c3cc(Br)c(O)c(Br)c3Oc3c2cc(Br)c(O)c3Br)c2c(Cl)c(Cl)c(Cl)c(Cl)c21
579,1577,1.0,CC(=O)N1CCN(c2ccc(OC[C@H]3CO[C@](Cn4ccnc4)(c4ccc(Cl)cc4Cl)O3)cc2)CC1
580,2394,1.0,COC(=O)N[C@H](C(=O)N[C@@H](Cc1ccccc1)[C@@H](O)CN(Cc1ccc(-c2ccccn2)cc1)NC(=O)[C@@H](NC(=O)OC)C(C)(C)C)C(C)(C)C
581,13664,1.0,CCOC(=O)C1=C(C)NC(C)=C(C(=O)OC)C1c1cccc([N+](=O)[O-])c1
582,573,1.0,CCC1=C(C)CN(C(=O)NCCc2ccc(S(=O)(=O)NC(=O)N[C@H]3CC[C@H](C)CC3)cc2)C1=O
583,24836,1.0,Cc1cn([C@H]2C[C@H](O)[C@@H](CO)O2)c(=O)[nH]c1=O
584,2442,1.0,Cc1cc(O)c(Cl)c(C)c1Cl
585,433,1.0,Cc1ccc(N(CC2=NCCN2)c2cccc(O)c2)cc1
586,372,1.0,CCOc1cc(OCC)c(C(=O)CCC(=O)O)cc1OCC
587,782,1.0,CC[C@@]1(O)C(=O)OCc2c1cc1n(c2=O)Cc2cc3c(CN(C)C)c(O)ccc3nc2-1.Cl
588,24817,1.0,COc1cc2c(cc1OC)C(C(C(=O)N(CCc1ccc(OC)c(OC)c1OC)CCc1ccc(OC)c(OC)c1OC)c1ccccc1)=NCC2.Cl
589,27939,1.0,CC[C@@H](O)C(C[C@@H](C)N(C)C)(c1ccccc1)c1ccccc1.Cl
590,2345,1.0,COc1cc(N)c(Cl)cc1C(=O)NC1CCN(CCCOc2ccc(F)cc2)CC1OC
591,2345,1.0,COc1ccc(-c2coc3cc(O)cc(O)c3c2=O)cc1
592,12390,1.0,C[C@]12CC[C@@H]3c4ccc(O)cc4C[C@@H](CCCCCCCCCS(=O)CCCC(F)(F)C(F)(F)F)[C@H]3[C@@H]1CC[C@@H]2O
593,11980,1.0,O=[N+]([O-])c1ccc(F)c([N+](=O)[O-])c1
594,2999,1.0,C[C@]12CC[C@H]3[C@@H](CC[C@@]45O[C@@H]4C(O)=C(C#N)C[C@]35C)[C@@H]1CC[C@@H]2O
595,27569,1.0,CCCCN(CCCC)c1ccc(C(=O)c2ccccc2C(=O)O)c(O)c1
596,17739,1.0,O=C(Nc1ccc(Cl)c(Cl)c1)C1CC1
597,576,1.0,COc1ccc(-c2noc(CC(=O)O)c2-c2ccc(OC)cc2)cc1
598,17728,1.0,CCOC(=O)C1=C[C@]2(CC)CCCN3CCc4c(n1c1ccccc41)[C@@H]32
599,182,1.0,CN(c1nccc(=O)[nH]1)C1CCN(c2nc3ccccc3n2Cc2ccc(F)cc2)CC1
600,2329,1.0,CC1(C)[C@H](C(=O)O)N2C(=O)C[C@H]2S1(=O)=O
601,5436,1.0,O=C(O)c1cc(-c2ccc(F)cc2F)ccc1O
602,26806,1.0,CCN(CC)C(=O)/C(C#N)=C/c1cc(O)c(O)c([N+](=O)[O-])c1
603,25367,1.0,C[C@H]1CCC[C@H](O)CCCCCc2cc(O)cc(O)c2C(=O)O1
604,2308,1.0,CCCCCCc1ccc(O)cc1O
605,20712,1.0,C[N+]1(C)[C@@H]2CC(OC(=O)C(O)(c3cccs3)c3cccs3)C[C@H]1[C@@H]1O[C@@H]12.[Br-]
606,27347,1.0,O=C([O-])[C@H]1/C(=C/CO)O[C@@H]2CC(=O)N21.[Li+]
607,27871,1.0,Cc1cc(CC(=O)[O-])n(C)c1C(=O)c1ccc(Cl)cc1.[Na+]
608,1371,1.0,O=C([N-]S(=O)(=O)/C=C/c1ccccc1)c1ccc(F)cc1Cl.[Na+]
609,26480,1.0,BrC1CCC(Br)C(Br)CCC(Br)C(Br)CCC1Br
610,379,1.0,c1ccc([Hg]c2ccccc2)cc1
611,26478,1.0,CCCOc1cc(N)ccc1C(=O)OCCN(CC)CC.Cl
612,28638,1.0,Cl.O=C(COc1ccc(Cl)cc1)N1CCN(Cc2ccc3c(c2)OCO3)CC1
613,20770,1.0,Cl.N[C@@H](Cc1cnc[nH]1)C(=O)O
614,9055,1.0,CCCC(=O)N1CCCN(c2nc(N)c3cc(OC)c(OC)cc3n2)CC1.Cl
615,28870,1.0,O=C1c2ccccc2C(=O)C1c1ccc(Cl)cc1
616,614,1.0,Cn1cc(C2=C(c3cn(C4CCN(Cc5ccccn5)CC4)c4ccccc34)C(=O)NC2=O)c2ccccc21
617,3000,1.0,COc1ccc(C(=O)Nc2nc3ccccc3c(NCc3ccccc3)c2C#N)cc1
618,3004,1.0,N#Cc1nn(-c2c(Cl)cc(C(F)(F)F)cc2Cl)c(N)c1S(=O)C(F)(F)F
619,3352,1.0,CC(C)c1c(C(=O)Nc2ccccc2)c(-c2ccccc2)c(-c2ccc(F)cc2)n1CC[C@@H](O)C[C@@H](O)CC(=O)O
620,18939,1.0,C#CCC1=C(C)[C@H](OC(=O)[C@H]2[C@H](C=C(C)C)C2(C)C)CC1=O
621,28869,1.0,C=CCC1=C(C)C(OC(=O)C2C(C=C(C)C)C2(C)C)CC1=O
622,2998,1.0,CC(C)Oc1cc(-n2nc(C(C)(C)C)oc2=O)c(Cl)cc1Cl
623,3794,1.0,CCCCC1C(=O)N(c2ccccc2)N(c2ccccc2)C1=O
624,3276,1.0,CC(C)c1c(C(=O)Nc2ccccc2)c(-c2ccccc2)c(-c2ccc(F)cc2)n1CC[C@@H](O)C[C@@H](O)CC(=O)[O-].CC(C)c1c(C(=O)Nc2ccccc2)c(-c2ccccc2)c(-c2ccc(F)cc2)n1CC[C@@H](O)C[C@@H](O)CC(=O)[O-].[Ca+2]
625,28789,1.0,O=C1OC2(c3cc(Br)c(O)c(Br)c3Oc3c2cc(Br)c(O)c3Br)c2c(Cl)c(Cl)c(Cl)c(Cl)c21
626,3350,1.0,CCCCCC[C@@H](O)C/C=C\CCCCCCCC(=O)O
627,3350,1.0,Oc1c(Cl)c(Cl)c(Cl)c(Cl)c1Cl
628,16496,1.0,CC#C[C@]1(O)CC[C@H]2[C@@H]3CCC4=CC(=O)CCC4=C3[C@@H](c3ccc(N(C)C)cc3)C[C@@]21C
629,2381,1.0,CC(C)C(=O)Nc1ccc([N+](=O)[O-])c(C(F)(F)F)c1
630,2527,1.0,CCCCCCCCOc1ccc(C(=O)O)cc1
631,1084,1.0,CCC[C@@H]1O[C@@H]2C[C@H]3[C@@H]4CCC5=CC(=O)C=C[C@]5(C)[C@H]4[C@@H](O)C[C@]3(C)[C@]2(C(=O)CO)O1
632,2999,1.0,CCCCC(CC)COC(=O)CC(C(=O)OCC(CC)CCCC)S(=O)(=O)[O-].[Na+]
633,28879,1.0,CC(C)=CC1C(C(=O)OCN2C(=O)C3=C(CCCC3)C2=O)C1(C)C
634,26553,1.0,CC(C)Cc1ccc(C(C)C(=O)O)cc1
635,28868,1.0,CC(C)c1cccc(C(C)C)c1N1C(=O)c2ccc(O)cc2C1=O
636,380,1.0,CCOP(=O)(OCC)OC(=CCl)c1ccc(Cl)cc1Cl
637,2536,1.0,CNc1ccc([N+](=O)[O-])cc1
638,26608,1.0,C[C@@H]1[C@H](O)[C@@H](C)/C=C/C=C/C=C/C=C/C=C/C=C/C=C/[C@H](O[C@@H]2O[C@H](C)[C@@H](O)[C@H](N)[C@@H]2O)C[C@@H]2O[C@](O)(C[C@@H](O)C[C@@H](O)[C@H](O)CC[C@@H](O)C[C@@H](O)CC(=O)O[C@H]1C)C[C@H](O)[C@H]2C(=O)O
639,28593,1.0,CC(Oc1ccc(Oc2ncc(C(F)(F)F)cc2Cl)cc1)C(=O)O
640,3094,1.0,C[C@@H]1C[C@@H]([C@H](O)CC2CC(=O)NC(=O)C2)C(=O)[C@@H](C)C1
641,25960,1.0,CC(Cc1ccc(O)c(O)c1)C(C)Cc1ccc(O)c(O)c1
642,1188,1.0,N=C(N)c1ccc(OCCCCCOc2ccc(C(=N)N)cc2)cc1.O=S(=O)(O)CCO.O=S(=O)(O)CCO
643,2315,1.0,Cc1c([N+](=O)[O-])cc2c(c1[N+](=O)[O-])C(C)(C)CC2(C)C
644,5983,1.0,C/C=C(C)/C=C/C=C(C)C
645,2999,1.0,C=CC(=C)C
646,5892,1.0,CC(=O)S[C@@H]1CC2=CC(=O)CC[C@]2(C)[C@H]2CC[C@@]3(C)[C@@H](CC[C@@]34CCC(=O)O4)[C@H]12
647,433,1.0,ClC1=C(Cl)C(Cl)(Cl)C(Cl)=C1Cl
648,27325,1.0,N#CCC#N
649,3669,1.0,Nc1cccc(O)c1
650,432,1.0,CCCCCCCCCCCCCOP(=O)(O)O
651,27937,1.0,CCCCCCCCCC(CC)c1ccc(S(=O)(=O)O)cc1
652,25852,1.0,[Cl-].[Cl-].[Cu+2]
653,28910,1.0,CC1(C)[C@H](C(=O)O[C@H](C#N)c2cccc(Oc3ccccc3)c2)[C@@H]1C=C(Br)Br
654,1602,1.0,CC(C)(C)C(=O)C1C(=O)c2ccccc2C1=O
655,4523,1.0,ClC1=C(Cl)C2(Cl)C3C(Cl)C=CC3C1(Cl)C2(Cl)Cl
656,27477,1.0,COP(=S)(OC)SCN1C(=O)c2ccccc2C1=O
657,25086,1.0,COc1cc(C=O)cc2c1[C@H](COC(N)=O)[C@]1(OC(C)=O)ON2C[C@H]2[C@@H]1N2C(C)=O
658,2525,1.0,O=C(CCl)c1ccc(Cl)cc1Cl
659,2523,1.0,OCCN1CCNCC1
660,27933,1.0,O=NN([O-])c1ccccc1.[NH4+]
661,5231,1.0,CCCCCCCCCCCCCCn1cc[n+](C)c1.F[P-](F)(F)(F)(F)F
662,24821,1.0,C[C@]12CC[C@@H]3c4ccc(O)cc4C[C@@H](CCCCCCCCCS(=O)CCCC(F)(F)C(F)(F)F)[C@H]3[C@@H]1CC[C@@H]2O
663,379,1.0,Cc1coc2c1CCC(C)C2
664,26521,1.0,CCCCC(=O)Cl
665,465,1.0,CN(C)C(=O)C(CCN1CCC(O)(c2ccc(Cl)cc2)CC1)(c1ccccc1)c1ccccc1
666,2308,1.0,CC[C@@H](C(=O)[C@@H](C)[C@@H](O)[C@H](C)[C@@H]1O[C@@H]([C@@H](CC)C(=O)[O-])CC[C@@H]1C)[C@H]1O[C@]2(C=C[C@@H](O)[C@]3(CC[C@@](C)([C@H]4CC[C@](O)(CC)[C@H](C)O4)O3)O2)[C@H](C)C[C@@H]1C.[Na+]
667,2310,1.0,CC[C@@H](C(=O)[C@@H](C)[C@@H](O)[C@H](C)CCc1ccc(C)c(O)c1C(=O)[O-])[C@H]1O[C@](CC)([C@H]2CC[C@](O)(CC)[C@H](C)O2)C[C@@H]1C.[Na+]
668,26034,1.0,CO[C@@H]1[C@@H](OC)[C@H](C)[C@@](O)(CC(=O)[O-])O[C@H]1[C@H](C)[C@H]1O[C@@]2(CC[C@@](C)([C@H]3CC[C@@](C)([C@@H]4O[C@@H]([C@H]5O[C@](C)(O)[C@H](C)C[C@@H]5C)C[C@@H]4OC4C[C@H](OC)[C@@H](OC)[C@H](C)O4)O3)O2)C[C@H](O)[C@H]1C.[NH4+]
669,26906,1.0,Cc1cc(/C=C/c2ccc3cc(N(C)C)ccc3[n+]2C)c(C)n1-c1ccccc1.Cc1cc(/C=C/c2ccc3cc(N(C)C)ccc3[n+]2C)c(C)n1-c1ccccc1.O=C([O-])c1cc2ccccc2c(Cc2c(O)c(C(=O)[O-])cc3ccccc23)c1O
670,687,1.0,Br.C[C@@H]1[C@@H]2Cc3ccc(O)cc3[C@@]1(C)CCN2CCc1ccccc1
671,12398,1.0,COC(=O)C1=C(C)NC(C)=C(C(=O)OCC(C)=O)C1c1ccccc1[N+](=O)[O-]
672,24615,1.0,CC(C)(C)[C@]1(O)CCN2C[C@H]3c4ccccc4CCc4cccc(c43)[C@@H]2C1.Cl
673,2406,1.0,CCC(=O)c1ccc2c(c1)N(CCCN(C)C)c1ccccc1S2.Cl
674,379,1.0,Cl.F/C(COc1ccc2c(c1)[nH]c1ccccc12)=C1/CN2CCC1CC2
675,1201,1.0,CC(Cc1cccc(C(F)(F)F)c1)NCCOC(=O)c1ccccc1.Cl
676,24607,1.0,Cl.Nc1ccc(N=Nc2ccccc2)c(N)n1
677,1771,1.0,O=C(CCl)C(Cl)Cl
678,1152,1.0,Fc1ccc(C(c2ccc(F)cc2)N2CCN(C/C=C/c3ccccc3)CC2)cc1
679,2391,1.0,O=Cc1ccccc1C=O
680,2308,1.0,OC[C@H]1O[C@@H](n2cnc3c(S)ncnc32)[C@H](O)[C@@H]1O
681,257,1.0,Cc1cc(N)c2ccccc2[n+]1CCCCCCCCCC[n+]1c(C)cc(N)c2ccccc21.[Cl-].[Cl-]
682,11980,1.0,CC[Hg]Sc1ccccc1C(=O)[O-].[Na+]
683,4866,1.0,CN(C)C(=S)[S-].[Na+]
684,27856,1.0,O=[N+]([O-])c1ccc(Nc2ccccc2)cc1
685,21306,1.0,C=C1CC[C@H](O)C/C1=C/C=C1\CCC[C@]2(C)[C@@H]([C@H](C)CCCC(C)C)CC[C@@H]12
686,2406,1.0,CCCCCC(=O)O[C@]1(C(C)=O)CC[C@H]2[C@@H]3CCC4=CC(=O)CC[C@]4(C)[C@H]3CC[C@@]21C
687,10636,1.0,COc1cccc2c1C(=O)c1c(O)c3c(c(O)c1C2=O)C[C@@](O)(C(C)=O)C[C@@H]3O[C@H]1C[C@H](N)[C@H](O)[C@H](C)O1
688,1770,1.0,CC(=O)OCC(=O)[C@@]1(OC(C)=O)[C@@H](C)C[C@H]2[C@@H]3C[C@H](F)C4=CC(=O)C=C[C@]4(C)[C@@]3(F)[C@@H](O)C[C@@]21C
689,5342,1.0,CC(C)OC(=O)Nc1ccc2[nH]c(-c3cscn3)nc2c1
690,13664,1.0,C#C[C@]1(OC(=O)CCCCCC)CC[C@H]2[C@@H]3CCC4=CC(=O)CC[C@@H]4[C@H]3CC[C@@]21C
691,1125,1.0,CCOc1cc(-c2nccc3cc(OC)c(OC)cc23)cc(OCC)c1OCC
692,27146,1.0,CN1CCC(CN2c3ccccc3Sc3ccccc32)C1.Cl
693,3159,1.0,CN(C)c1ccc(N=O)cc1
694,2574,1.0,O=C1Nc2ccc(Cl)cc2[C@@](C#CC2CC2)(C(F)(F)F)O1
695,1201,1.0,Nc1nc2nc[nH]c2c(=S)[nH]1
696,1478,1.0,CC(=O)Nc1ccc(C(=O)CCl)cc1
697,26782,1.0,O=c1c2ccccc2[se]n1-c1ccccc1
698,16515,1.0,CC(C)(C)CC(C)(C)c1ccc(O)cc1
699,28898,1.0,Oc1ccc(OCc2ccccc2)cc1
700,3016,1.0,CN1CCc2cccc3c2[C@H]1Cc1ccc(O)c(O)c1-3
701,3353,1.0,CN1CSC(=S)N(C)C1
702,2880,1.0,S=c1[nH]cnc2[nH]cnc12
703,16541,1.0,Cc1cc(-c2ccc(/N=N/c3ccc4c(S(=O)(=O)[O-])cc(S(=O)(=O)[O-])c(N)c4c3O)c(C)c2)ccc1/N=N/c1ccc2c(S(=O)(=O)[O-])cc(S(=O)(=O)[O-])c(N)c2c1O.[Na+].[Na+].[Na+].[Na+]
704,26626,1.0,C[C@@H]1C[C@H]2[C@@H]3CCC4=CC(=O)C=C[C@]4(C)[C@@]3(F)[C@@H](O)C[C@]2(C)[C@@]1(O)C(=O)COC(=O)c1cccc(S(=O)(=O)[O-])c1.[Na+]
705,2609,1.0,COc1ccc(CC2c3cc(OC)c(OC)cc3CC[N+]2(C)CCC(=O)OCCCCCOC(=O)CC[N+]2(C)CCc3cc(OC)c(OC)cc3C2Cc2ccc(OC)c(OC)c2)cc1OC.O=S(=O)([O-])c1ccccc1.O=S(=O)([O-])c1ccccc1
706,26078,1.0,CC(C)=CCOc1ccc(/C=C/C(=O)c2ccc(OCC=C(C)C)cc2OCC(=O)O)cc1
707,3667,1.0,c1ccc2c(c1)Sc1ccccc1N2CC1CN2CCC1CC2
708,26589,1.0,CC(C)C(=O)OCC(=O)[C@@]12O[C@H](C3CCCCC3)O[C@@H]1C[C@H]1[C@@H]3CCC4=CC(=O)C=C[C@]4(C)[C@H]3[C@@H](O)C[C@@]12C
709,20747,1.0,CCC(=O)OCC(=O)[C@@]1(OC(=O)CC)[C@H](C)C[C@H]2[C@H]3[C@H]([C@@H](O)C[C@@]21C)[C@@]1(C)C=CC(=O)C=C1C[C@H]3Cl
710,26342,1.0,CCCC(=O)O[C@]1(C(=O)COC(=O)CC)[C@@H](C)C[C@H]2[C@@H]3CCC4=CC(=O)C=C[C@]4(C)[C@@]3(F)[C@@H](O)C[C@@]21C
711,614,1.0,CCCCCCCCS(=O)C(C)Cc1ccc2c(c1)OCO2
712,380,1.0,CCN(CC)CCC(=O)N1c2ccccc2Sc2ccc(Cl)cc21
713,2536,1.0,COC(=O)C1=C(C)NC(C)=C(C(=O)O[C@H]2CCN(Cc3ccccc3)C2)[C@H]1c1cccc([N+](=O)[O-])c1.Cl
714,26218,1.0,CCOC(=O)C1(c2ccccc2)CCN(CCC(C#N)(c2ccccc2)c2ccccc2)CC1.Cl
715,26198,1.0,C[C@]12CC[C@H]3[C@@H](CCC4=C(Cl)C(=O)CC[C@@]43C)[C@@H]1CC[C@@H]2O
716,26670,1.0,C=C1C(CCl)(CCl)C2(Cl)C(Cl)C(Cl)C1(Cl)C2(Cl)Cl
717,26674,1.0,Cc1cc(C(C#N)c2ccc(Cl)cc2)c(Cl)cc1NC(=O)c1cc(I)cc(I)c1O
718,38,1.0,O=c1[nH]c2ccccc2n1CCCN1CCC(n2c(=O)[nH]c3cc(Cl)ccc32)CC1
719,814,1.0,CN(C)CC/C=C1\c2ccccc2Sc2ccc(Cl)cc21
720,4209,1.0,COc1cccc(N(C)C(=S)Oc2ccc3c(c2)CCCC3)n1
721,26541,1.0,CS(=O)(=O)O.O=C1CC2(CCCC2)CC(=O)N1CCNCC1COc2ccccc2O1
722,14113,1.0,O=C(N[C@@H](c1ccccc1)[C@@H]1CCCCN1)c1cccc(C(F)(F)F)c1Cl
723,2727,1.0,C[C@]12C=CC(=O)N[C@@H]1CC[C@@H]1[C@@H]2CC[C@]2(C)[C@@H](C(=O)Nc3cc(C(F)(F)F)ccc3C(F)(F)F)CC[C@@H]12
724,3644,1.0,CCc1oc2ccccc2c1C(=O)c1cc(I)c(O)c(I)c1
725,3016,1.0,CC(C)(Cc1c[nH]c2ccccc12)NCC(O)COc1ccccc1C#N
726,3005,1.0,N#CSc1ccc(N)c([N+](=O)[O-])c1
727,2381,1.0,Nc1ncn([C@@H]2O[C@H](CO)[C@@H](O)[C@H]2O)c(=O)n1
728,2382,1.0,Nc1ncn([C@H]2C[C@H](O)[C@@H](CO)O2)c(=O)n1
729,5429,1.0,CCCCOC(=O)c1ccc(N)cc1
730,26552,1.0,C=C1CC[C@@H]2[C@](C)(CO)[C@H](O)CC[C@@]2(C)[C@@H]1C/C=C1/C(=O)OC[C@H]1O
731,26597,1.0,CCCCC/C=C\C=C\C(=O)OCC
732,28969,1.0,O=C(CCCCCCC(=O)Nc1ccccc1)NO
733,3231,1.0,O=C(CCl)Nc1ccccc1
734,28595,1.0,CC(=O)Oc1ccccc1C(=O)Nc1ncc([N+](=O)[O-])s1
735,3159,1.0,Cc1c(Cl)cccc1Nc1ncccc1C(=O)O
736,28543,1.0,CNC(=O)Oc1ccccc1C(=O)Nc1ccccc1
737,1219,1.0,O=C/C(Cl)=C(/Cl)C(=O)O
738,563,1.0,Oc1ccc(Cl)cc1Cc1ccccc1
739,20965,1.0,C[C@]12C=CC(=O)C=C1[C@@H](F)C[C@@H]1[C@@H]2[C@@H](O)C[C@@]2(C)[C@H]1CC[C@]2(O)C(=O)CO
740,14113,1.0,C[N+]1(C)CCCC(OC(=O)C(O)(c2ccccc2)c2ccccc2)C1.[Br-]
741,13664,1.0,O=S(=O)([O-])c1cc(O)c2c(N=Nc3ccc(Nc4ccccc4)c4c(S(=O)(=O)[O-])cccc34)cc(S(=O)(=O)[O-])cc2c1.[Na+].[Na+].[Na+]
742,3380,1.0,O=[N+]([O-])c1ccc(Nc2ccccc2)cc1
743,26024,1.0,O=C1OCCN1/N=C/c1ccc([N+](=O)[O-])o1
744,28664,1.0,C#Cc1cccc(Nc2ncnc3cc(OCCOC)c(OCCOC)cc23)c1
745,465,1.0,C=C1CC[C@H](O)C/C1=C/C=C1\CCC[C@]2(C)[C@@H]([C@H](C)CCCC(C)C)CC[C@@H]12
746,27863,1.0,CC(=O)[C@@]1(O)CC[C@H]2[C@@H]3C=C(Cl)C4=CC(=O)CC[C@]4(C)[C@H]3CC[C@@]21C
747,24514,1.0,CC(=O)Oc1ccc2c(c1)CC[C@@H]1[C@@H]2CC[C@]2(C)[C@@H](O)CC[C@@H]12
748,27933,1.0,CCC(C)c1cc([N+](=O)[O-])cc([N+](=O)[O-])c1OC(=O)OC(C)C
749,17717,1.0,CCCCCCC(=O)O[C@H]1CC[C@H]2[C@@H]3CC[C@H]4CC(=O)C=C(C)[C@]4(C)[C@H]3CC[C@]12C
750,1152,1.0,CCCCCCC(=O)O[C@H]1CC[C@H]2[C@@H]3CCc4cc(O)ccc4[C@H]3CC[C@]12C
751,2391,1.0,C#CCN(C)CCCOc1ccc(Cl)cc1Cl.Cl
752,2396,1.0,CN[C@@H]1C[C@@H](c2ccc(Cl)c(Cl)c2)c2ccccc21.Cl
753,2160,1.0,CN(C)CCC=C1c2ccccc2CCc2ccccc21.Cl
754,2366,1.0,CCOC(=O)COc1ccc2c(C)c(CCN(CC)CC)c(=O)oc2c1Cl.Cl
755,2367,1.0,Cl.O=C1[C@H]2CCCC[C@H]2C(=O)N1CCCCN1CCN(c2nsc3ccccc23)CC1
756,15542,1.0,CCOP(=O)(OCC)OC(=CCl)c1ccc(Cl)cc1Cl
757,3078,1.0,O=C1C(O)=C([C@H]2CC[C@H](c3ccc(Cl)cc3)CC2)C(=O)c2ccccc21
758,26593,1.0,CCCCCCC[N+](CC)(CC)CCCCc1ccc(Cl)cc1.Cc1ccc(S(=O)(=O)[O-])cc1
759,1240,1.0,O=S1OCC2C(CO1)C1(Cl)C(Cl)=C(Cl)C2(Cl)C1(Cl)Cl
760,1995,1.0,Clc1ccc2c(c1)CCc1cccnc1C2=C1CCNCC1
761,2562,1.0,Cc1nnc2n1-c1sc(Br)cc1C(c1ccccc1Cl)=NC2
762,26979,1.0,CCC1OC(=O)C[C@@H](O)[C@H](C)[C@@H](O[C@@H]2O[C@H](C)C[C@H](N(C)C)[C@H]2O)[C@@H](CC=O)C[C@@H](C)C(=O)/C=C/[C@]2(C)OC2C1C
763,2774,1.0,CN1CCN(CCCN2c3ccccc3Sc3ccccc32)CC1
764,2967,1.0,CN1[C@@H]2CC[C@H]1CC(OC(=O)c1c[nH]c3ccccc13)C2
765,21977,1.0,CNCCCC12CCC(c3ccccc31)c1ccccc12
766,3676,1.0,CNCCCCOc1ccccc1Cc1ccccc1
767,24247,1.0,COCCCC/C(=N\OCCN)c1ccc(C(F)(F)F)cc1
768,768,1.0,O=c1[nH]c(=O)n([C@H]2C[C@H](O)[C@@H](CO)O2)cc1I
769,23896,1.0,O=C1OC2(c3ccccc31)c1cc(I)c(O)c(I)c1Oc1c2cc(I)c(O)c1I
770,573,1.0,NC(=O)c1ncn([C@@H]2O[C@H](CO)[C@@H](O)[C@H]2O)n1
771,5231,1.0,CO[C@@]12[C@H](COC(N)=O)C3=C(C(=O)C(C)=C(N)C3=O)N1C[C@@H]1N[C@@H]12
772,54,1.0,CCOC(=O)c1cccc(N)c1.CS(=O)(=O)O
773,24895,1.0,Cc1ccc(-c2cc(C(F)(F)F)nn2-c2ccc(S(N)(=O)=O)cc2)cc1
774,749,1.0,C=CC[C@@H]1/C=C(\C)C[C@H](C)C[C@H](OC)[C@H]2O[C@@](O)(C(=O)C(=O)N3CCCC[C@H]3C(=O)O[C@H](/C(C)=C/[C@@H]3CC[C@@H](O)[C@H](OC)C3)[C@H](C)[C@@H](O)CC1=O)[C@H](C)C[C@@H]2OC
775,717,1.0,Cc1cc([N+](=O)[O-])cc([N+](=O)[O-])c1O
776,2377,1.0,CCCc1nc2c(C)cc(-c3nc4ccccc4n3C)cc2n1Cc1ccc(-c2ccccc2C(=O)O)cc1
777,3902,1.0,O=C(O)Cc1sc(-c2ccccc2)nc1-c1ccc(Cl)cc1
778,7345,1.0,O=C(O)CN(CCN(CC(=O)O)CC(=O)O)CCN(CC(=O)O)CC(=O)O
779,17522,1.0,CC1=C(C(=O)OCCN(Cc2ccccc2)c2ccccc2)C(c2cccc([N+](=O)[O-])c2)C(P2(=O)OCC(C)(C)CO2)=C(C)N1
780,21306,1.0,Oc1c(Br)cc(Br)c2cccnc12
781,1460,1.0,CCCCCc1ccc(C)cc1O
782,27540,1.0,CCCCOC(=O)c1ccc(O)cc1
783,209,1.0,CCCCCCOC(=O)c1ccc(O)cc1
784,209,1.0,CC(CCc1ccc(O)cc1)NCCc1ccc(O)c(O)c1
785,1218,1.0,Oc1ccc(Cl)cc1Cc1cc(Cl)ccc1O
786,2127,1.0,OCCN1CCN(CCCN2c3ccccc3Sc3ccc(Cl)cc32)CC1
787,5431,1.0,Clc1ccc(CO/N=C(\Cn2ccnc2)c2ccc(Cl)cc2Cl)c(Cl)c1.O=[N+]([O-])O
788,1127,1.0,Br.C[C@H]1[C@H]2Cc3ccc(O)cc3[C@]1(C)CCN2CCc1ccccc1
789,1770,1.0,O=c1[nH]c(=O)n([C@H]2C[C@H](O)[C@@H](CO)O2)cc1Br
790,814,1.0,C#C[C@]1(O)CC[C@H]2[C@@H]3CCC4=CCCC[C@@H]4[C@H]3C(=C)C[C@@]21CC
791,18875,1.0,C=C1CC[C@H](O)C/C1=C/C=C1\CCC[C@]2(C)[C@@H]([C@H](C)/C=C/[C@H](C)C(C)C)CC[C@@H]12
792,16496,1.0,C#CCOS(=O)OC1CCCCC1Oc1ccc(C(C)(C)C)cc1
793,2527,1.0,CC(=O)O[C@@]12CO[C@@H]1C[C@H](O)[C@@]1(C)C(=O)[C@H](O)C3=C(C)[C@@H](OC(=O)[C@H](O)[C@@H](NC(=O)OC(C)(C)C)c4ccccc4)C[C@@](O)([C@@H](OC(=O)c4ccccc4)[C@H]21)C3(C)C
794,27950,1.0,CC(C)(c1ccc(OCC2CO2)cc1)c1ccc(OCC2CO2)cc1
795,24890,1.0,CO[C@H]1/C=C/O[C@@]2(C)Oc3c(C)c(O)c4c(c3C2=O)C2=NC3(CCN(CC(C)C)CC3)NC2=C(NC(=O)/C(C)=C\C=C\[C@H](C)[C@H](O)[C@@H](C)[C@@H](O)[C@@H](C)[C@H](OC(C)=O)[C@@H]1C)C4=O
796,409,1.0,CCC(C)n1ncn(-c2ccc(N3CCN(c4ccc(OC[C@H]5CO[C@](Cn6cncn6)(c6ccc(Cl)cc6Cl)O5)cc4)CC3)cc2)c1=O
797,5017,1.0,Cc1cccc(C)c1NC(=O)CN1CCN(CCCC(c2ccc(F)cc2)c2ccc(F)cc2)CC1
798,958,1.0,CCC(=O)O[C@H]1CC[C@H]2[C@@H]3CCc4cc(O)ccc4[C@H]3CC[C@]12C
799,3016,1.0,CCN(CC)CCSC(=O)C(c1ccccc1)c1ccccc1
800,5005,1.0,CN(C)CCC=C1c2ccccc2C=Cc2ccccc21.Cl
801,27936,1.0,CCCOC(C(=O)OC1CCN(C)CC1)(c1ccccc1)c1ccccc1.Cl
802,573,1.0,Cl.N=C(N)NC(=N)NCCc1ccccc1
803,182,1.0,CCCCN1C(=O)[C@@H]([C@H](O)C2CCCCC2)NC(=O)C12CCN(Cc1ccc(Oc3ccc(C(=O)O)cc3)cc1)CC2.Cl
804,4059,1.0,COc1cccc(CCc2ccccc2OCC(CN(C)C)OC(=O)CCC(=O)O)c1.Cl
805,4059,1.0,C=C(CC)C(=O)c1ccc(OCC(=O)O)c(Cl)c1Cl
806,537,1.0,Cc1nnc2n1-c1ccc(Cl)cc1C(c1ccccc1)=NC2
807,7608,1.0,Clc1ccc(C(c2ccccc2Cl)C(Cl)Cl)cc1
808,830,1.0,CN1CCN(C2=Nc3cc(F)ccc3Cc3ccccc32)CC1
809,29332,1.0,COc1cc([C@@H]2c3cc4c(cc3C(O[C@@H]3O[C@@H]5CO[C@@H](C)O[C@H]5[C@H](O)[C@H]3O)C3COC(=O)[C@@H]32)OCO4)cc(OC)c1O
810,1344,1.0,CN1CCCCC1CCN1c2ccccc2Sc2ccc(S(C)=O)cc21
811,27932,1.0,O=C(O)c1cccnc1Nc1cccc(C(F)(F)F)c1
812,7633,1.0,C[C@](O)(CS(=O)(=O)c1ccc(F)cc1)C(=O)Nc1ccc(C#N)c(C(F)(F)F)c1
813,4291,1.0,N#CCCC(Br)(C#N)CBr
814,22220,1.0,CCCOC(=O)c1ccc(N)cc1
815,2409,1.0,Nc1nc(Cl)nc2c1ncn2[C@@H]1O[C@H](CO)[C@@H](O)[C@@H]1F
816,6219,1.0,CCOc1ccc2nc(S(N)(=O)=O)sc2c1
817,1031,1.0,CCN(CC)C(=S)[S-].O.O.O.[Na+]
818,24836,1.0,COc1ccc(C(=O)c2ccc(C)cc2)c(O)c1
819,2526,1.0,CC1(C)[C@@H](O)CC[C@]2(C)[C@H]3C(=O)C=C4[C@@H]5C[C@@](C)(C(=O)O)CC[C@]5(C)CC[C@@]4(C)[C@]3(C)CC[C@@H]12
820,2425,1.0,CN(Cc1cnc2nc(N)nc(N)c2n1)c1ccc(C(=O)N[C@@H](CCC(=O)O)C(=O)O)cc1
821,14192,1.0,CCC(C)c1cc([N+](=O)[O-])cc([N+](=O)[O-])c1OC(=O)C=C(C)C
822,1201,1.0,CCOC(=O)c1ccc(C#Cc2ccc3c(c2)C(C)(C)CCS3)nc1
823,9120,1.0,C[C@]12CCC(=O)C[C@@H]1CC[C@@H]1[C@@H]2CC[C@]2(C)[C@@H](O)CC[C@@H]12
824,576,1.0,C[C@]12CCC(=O)C[C@@H]1CC[C@@H]1[C@@H]2CC[C@@]2(C)[C@H]1CC[C@]2(C)O
825,2311,1.0,O=C/C(Cl)=C(/Cl)C(=O)O
826,5983,1.0,COc1cc(NC(C)CCCN)c2ncccc2c1.O=P(O)(O)O.O=P(O)(O)O
827,24890,1.0,Cc1ccc(S(=O)(=O)O)cc1.NC1CCN(c2nc3c(cc2F)c(=O)c(C(=O)O)cn3-c2ccc(F)cc2F)C1
828,4104,1.0,Cc1cc2nc3c(=O)[nH]c(=O)nc-3n(C[C@H](O)[C@H](O)[C@H](O)CO)c2cc1C
829,6303,1.0,O=C(NOC[C@H](O)CO)c1ccc(F)c(F)c1Nc1ccc(I)cc1F
830,4930,1.0,O=C(Nc1ccc(Br)cc1)c1cc(Br)cc(Br)c1O
831,826,1.0,O=S(c1cc(Cl)cc(Cl)c1O)c1cc(Cl)cc(Cl)c1O
832,1219,1.0,CCCCCCc1ccc(O)cc1O
833,27858,1.0,CC(C)CCCCCCc1ccc(O)cc1
834,24607,1.0,S=C(SSSSSSC(=S)N1CCCCC1)N1CCCCC1
835,768,1.0,Cc1ccc(Cl)c(Nc2ccccc2C(=O)[O-])c1Cl.O.[Na+]
836,21242,1.0,CC(C)(c1cc(Br)c(OCCO)c(Br)c1)c1cc(Br)c(OCCO)c(Br)c1
837,24533,1.0,COc1cc(C(C)=O)ccc1OCCCN1CCC(c2noc3cc(F)ccc23)CC1
838,3350,1.0,CO[C@H]1/C=C/O[C@@]2(C)Oc3c(C)c(O)c4c(O)c(c5c(nc6cc(C)ccn65)c4c3C2=O)NC(=O)/C(C)=C\C=C\[C@H](C)[C@H](O)[C@@H](C)[C@@H](O)[C@@H](C)[C@H](OC(C)=O)[C@@H]1C
839,1218,1.0,CC(C)(c1ccc(OCC2CO2)cc1)c1ccc(OCC2CO2)cc1
840,2445,1.0,CC(C)NCC(O)COc1ccccc1-n1cccc1
841,27938,1.0,COCCOC(=O)C1=C(C)NC(C)=C(C(=O)OC(C)C)C1c1cccc([N+](=O)[O-])c1
842,29283,1.0,CC1=C(C(=O)Nc2ccccc2)S(=O)(=O)CCO1
843,2377,1.0,Cc1cccc(N(C)C(=S)Oc2ccc3ccccc3c2)c1
844,2320,1.0,Cc1ccc(O)c(O)c1
845,5017,1.0,Cc1ccc(/N=C/N(C)/C=N/c2ccc(C)cc2C)c(C)c1
846,27867,1.0,Cc1cccc(C)c1NC(=O)CC12CCCN1CCC2
847,511,1.0,CC(CC(c1ccccc1)c1ccccc1)NC(C)(C)C.Cl
848,27862,1.0,CCC(=O)N(c1ccccc1)[C@H]1CCN(CCc2ccccc2)C[C@@H]1C.Cl
849,27858,1.0,Cl.Cl.N=C(N)c1ccc(OCCCOc2ccc(C(=N)N)cc2Br)c(Br)c1
850,2364,1.0,Cl.Cl.OCCN1CCN(CCCN2c3ccccc3C=Cc3ccccc32)CC1
851,3380,1.0,Cl.Clc1cccc(C(c2ccc3nc[nH]c3c2)n2ccnc2)c1
852,16496,1.0,CN(C)CC[C@@H](c1ccc(Cl)cc1)c1ccccn1.Cl
853,28473,1.0,CC(CN1c2ccccc2Sc2ccccc21)N(C)C.Cl
854,2409,1.0,CCC(=O)O[C@](Cc1ccccc1)(c1ccccc1)[C@H](C)CN(C)C.Cl
855,21600,1.0,CCCCc1cc2ccccc2c(OCCN(C)C)n1.Cl
856,6560,1.0,CN1CCCC(CC2c3ccccc3Sc3ccccc32)C1.Cl
857,1361,1.0,CNCCCN1c2ccccc2CCc2ccccc21.Cl
858,7061,1.0,Cl.O=C(N[C@H](c1ccccc1)[C@@H]1CN2CCC1CC2)c1c(Cl)ccc(C(F)(F)F)c1Cl
859,27187,1.0,Cl.Nc1ccc(Nc2ccccc2)cc1
860,7620,1.0,Cl.O=C(O[C@H]1CN2CCC1CC2)N1CCc2ccccc2[C@@H]1c1ccccc1
861,2367,1.0,Cl.O=C(OCC(O)CO)c1ccccc1Nc1ccnc2cc(Cl)ccc12
862,520,1.0,Clc1nc(C(Cl)(Cl)Cl)c(Cl)c(Cl)c1Cl
863,5395,1.0,O=C(NC(=O)c1c(F)cccc1F)Nc1cc(Cl)c(OC(F)(F)C(F)C(F)(F)F)cc1Cl
864,7036,1.0,Clc1ccc(COC(Cn2ccnc2)c2ccc(Cl)cc2Cl)c(Cl)c1
865,1518,1.0,O=C(CCl)CCl
866,205,1.0,COc1ccc(S(=O)(=O)N2C(=O)[C@@](c3ccccc3OC)(N3C[C@H](O)C[C@H]3C(=O)N(C)C)c3cc(Cl)ccc32)c(OC)c1
867,1030,1.0,CN(C)CCCN1c2ccccc2C(C)(C)c2ccccc21
868,57,1.0,CN(CCOc1ccc(CC2SC(=O)NC2=O)cc1)c1ccccn1
869,257,1.0,CC(C)C[C@H]1C(=O)N2CCC[C@H]2[C@]2(O)O[C@](NC(=O)[C@@H]3C[C@@H]4c5cccc6[nH]cc(c56)C[C@H]4N(C)C3)(C(C)C)C(=O)N12
870,16514,1.0,COc1ccc(-c2coc3cc(O)cc(O)c3c2=O)cc1
871,16541,1.0,COc1ccc(-c2ccccc2)cc1NNC(=O)OC(C)C
872,17715,1.0,CS(=O)(=O)O.Cc1ccc2c(c1)c1c3n2CCNC3CCC1
873,2405,1.0,CCCN1C[C@H](CSC)C[C@@H]2c3cccc4[nH]cc(c34)C[C@H]21.CS(=O)(=O)O
874,12549,1.0,O=c1[nH]c(=O)n([C@H]2C[C@H](O)[C@@H](CO)O2)cc1C(F)(F)F
875,2371,1.0,O=C(NC(=O)c1c(F)cccc1F)Nc1cc(Cl)c(Oc2ncc(C(F)(F)F)cc2Cl)c(Cl)c1
876,7061,1.0,N=C1NC(=N)c2ccccc21
877,27191,1.0,C/C1=C2/N=C(/C=C3\N=C(/C(C)=C4\N([Co+]C[C@H]5O[C@@H](n6cnc7c(N)ncnc76)[C@H](O)[C@@H]5O)C(C(CC(N)=O)C4(C)CCC(=O)NCC(C)OP(=O)([O-])O[C@H]4[C@@H](O)[C@@H](n5cnc6cc(C)c(C)cc65)O[C@@H]4CO)C4(C)N=C1C(CCC(N)=O)C4(C)CC(N)=O)C(CCC(N)=O)C3(C)C)C(CCC(N)=O)C2(C)CC(N)=O
878,2522,1.0,C=CCNC1=C2C[C@@H](C)C[C@H](OC)[C@H](O)[C@@H](C)/C=C(\C)[C@H](OC(N)=O)[C@@H](OC)/C=C\C=C(/C)C(=O)NC(=CC1=O)C2=O
879,205,1.0,NC(=O)NS(=O)(=O)c1ccc(N)cc1
880,14113,1.0,COc1nc(N)nc2c1ncn2[C@@H]1O[C@H](CO)[C@@H](O)[C@@H]1O
881,6727,1.0,Cc1ccc(-c2cc(C(F)(F)F)nn2-c2ccc(S(N)(=O)=O)cc2)cc1
882,5689,1.0,CCN(CC)C(=S)[S-].O.O.O.[Na+]
883,1642,1.0,C=C[C@H]1CN2CCC1C[C@@H]2[C@@H](O)c1ccnc2ccccc12
884,7635,1.0,COC(CNC(=O)c1ccccc1OCC(=O)O)C[Hg]O
885,2366,1.0,O=C(N/N=C/c1ccc([N+](=O)[O-])o1)c1cc([N+](=O)[O-])cc([N+](=O)[O-])c1O
886,7756,1.0,COc1cc2c(cc1OC)[C@@H](c1ccccc1)CN(C)CC2.O=C(O)/C=C\C(=O)O
887,18857,1.0,CC1=C2[C@H](/C=C(\C)C(=O)O)CC[C@@H](C)[C@H]2CC1
888,1446,1.0,Cc1c(C)c2c(c(C)c1OC(=O)CCC(=O)O)CC[C@@](C)(CCC[C@H](C)CCC[C@H](C)CCCC(C)C)O2
889,28892,1.0,C[C@]12CCC(=O)C=C1CC[C@@H]1[C@@H]2CC[C@@]2(C)[C@H]1CC[C@]2(C)O
890,1640,1.0,CC(C)(C)NC[C@H](O)COc1ccccc1C1CCCC1.CC(C)(C)NC[C@H](O)COc1ccccc1C1CCCC1.O=S(=O)(O)O
891,1626,1.0,CC1(C)S[C@@H]2[C@H](NC(=O)[C@H](N)c3ccc(O)cc3)C(=O)N2[C@H]1C(=O)O
