,DSSTox_CID,SR-ATAD5,SMILES
0,25680,0.0,Cc1cccc(C)c1OCC(C)N.Cl
1,2748,0.0,CCCCCCCCCCCC(=O)NCCCN(C)C
2,10169,0.0,CC1(C)S[C@@H]2[C@H](NC(=O)[C@H](N)c3ccc(O)cc3)C(=O)N2[C@H]1C(=O)O
3,20671,0.0,CCCN(CCC)c1c([N+](=O)[O-])cc(C(F)(F)F)c(N)c1[N+](=O)[O-]
4,6514,0.0,CCCOc1sc(C(=O)N2CCC(c3cc(CN)ccc3F)CC2)c(C)c1Br.Cl
5,28730,0.0,Nc1nc(N)c2nc(-c3ccccc3)c(N)nc2n1
6,856,0.0,O=C1OC2(c3ccccc31)c1cc(Br)c(O)c(Br)c1Oc1c2cc(Br)c(O)c1Br
7,14506,0.0,CC(C)CC(C)Nc1ccc(Nc2ccccc2)cc1
8,4378,0.0,CNCCCC12CCC(c3ccccc31)c1ccccc12.Cl
9,27303,0.0,C[C@@H]1CC[C@@]2(OC1)O[C@H]1[C@@H](O)[C@H]3[C@@H]4CC[C@H]5C[C@@H](O[C@@H]6O[C@H](CO)[C@H](O[C@@H]7O[C@H](CO)[C@@H](O)[C@H](O[C@@H]8OC[C@@H](O)[C@H](O)[C@H]8O)[C@H]7O[C@@H]7O[C@H](CO)[C@@H](O)[C@H](O[C@@H]8O[C@H](CO)[C@@H](O)[C@H](O)[C@H]8O)[C@H]7O)[C@H](O)[C@H]6O)[C@H](O)C[C@]5(C)[C@H]4CC[C@]3(C)[C@H]1[C@@H]2C
10,17532,0.0,CCP(CC)(CC)=[Au]S[C@H]1O[C@@H](COC(C)=O)[C@H](OC(C)=O)[C@@H](OC(C)=O)[C@@H]1OC(C)=O
11,12410,0.0,CO/N=C1/C[C@]2(C[C@@H]3C[C@@H](C/C=C(\C)C[C@@H](C)/C=C/C=C4\CO[C@@H]5[C@H](O)C(C)=C[C@@H](C(=O)O3)[C@]45O)O2)O[C@H](/C(C)=C/C(C)C)[C@H]1C
12,24683,0.0,CCN(CC)c1ccc(C(=C2C=CC(=[N+](CC)CC)C=C2)c2ccccc2)cc1.O=S(=O)([O-])O
13,7638,0.0,Clc1ccc(COC(Cn2ccnc2)c2ccc(Cl)cc2Cl)cc1.O=[N+]([O-])O
14,21312,0.0,CC[C@]1(O)C[C@H]2C[N@](CCc3c([nH]c4ccccc34)[C@@](C(=O)OC)(c3cc4c(cc3OC)N(C=O)[C@H]3[C@@](O)(C(=O)OC)[C@H](OC(C)=O)[C@]5(CC)C=CCN6CC[C@]43[C@@H]65)C2)C1
15,1377,0.0,CC=O
16,5851,0.0,O=C(Nc1ccc2[nH]ccc2c1)c1cc2cc(F)ccc2n1Cc1cccc(F)c1
17,87,0.0,CCCCCCCCOC(=O)c1cc(O)c(O)c(O)c1
18,9164,0.0,CCN(CC)C(=S)SSC(=S)N(CC)CC
19,26533,0.0,Oc1ccc([Hg]Cl)cc1
20,22070,0.0,CN(C)C(=S)SSC(=S)N(C)C
21,1963,0.0,CCCCCCCCCC[N+](C)(C)CCCCCCCCCC.[Cl-]
22,3746,0.0,CCCCCCCCCCCCOCCOCCOCCOCCOCCOCCOCCOCCOCCO
23,5143,0.0,CCN(CC)CCOc1ccc(Cc2ccccc2)cc1
24,27924,0.0,CCc1nn(CCCN2CCN(c3cccc(Cl)c3)CC2)c(=O)n1CCOc1ccccc1.Cl
25,18887,0.0,CNCCC(Oc1ccc(C(F)(F)F)cc1)c1ccccc1.Cl
26,29335,0.0,Oc1cc(Cl)ccc1Oc1ccc(Cl)cc1Cl
27,7038,0.0,CCN(CC)C(=O)c1cc(S(=O)(=O)Cc2ccccc2)c(N2CCC(c3ccccc3)CC2)cc1N(CC)CCN(C)C.O=C(O)C(F)(F)F
28,16496,0.0,COC(=O)[C@]12CCC(C)(C)C[C@H]1[C@H]1C(=O)C=C3[C@@]4(C)C=C(C#N)C(=O)C(C)(C)[C@@H]4CC[C@@]3(C)[C@]1(C)CC2
29,3281,0.0,O=C([O-])c1ccccc1-c1c2cc(Br)c(=O)c(Br)c-2oc2c(Br)c([O-])c(Br)cc12.[Na+].[Na+]
30,13405,0.0,C=C[C@](C)(O)CC[C@@H]1[C@@]2(C)CCCC(C)(C)[C@@H]2CC[C@@]1(C)O
31,25138,0.0,C#CCOS(=O)OC1CCCCC1Oc1ccc(C(C)(C)C)cc1
32,26136,0.0,CC(C)(c1ccccc1)c1ccc(O)c(C(C)(C)c2ccccc2)c1
33,24213,0.0,CCN(Cc1cccnc1)C(=O)c1cccc(Cl)c1[C@]1(C)C(=O)N(Cc2ccc(OC)cc2OC)c2ccc(Cl)cc21.Cl
34,11478,0.0,CN(C)CCCN1c2ccccc2Sc2ccc(Cl)cc21.Cl
35,2321,0.0,CC(C)(C)CC(C)(C)c1ccc(O)c(Cc2ccc(Cl)cc2Cl)c1
36,15291,0.0,Nc1nc(N)c2nc(-c3ccccc3)c(N)nc2n1
37,4659,0.0,CCCCCCCCCCCC[N+](C)(C)C.[Br-]
38,655,0.0,COc1cc2c(cc1O)CCN[C@]21CS[C@@H]2c3c(OC(C)=O)c(C)c4c(c3[C@H](COC1=O)N1[C@@H]2[C@H]2c3c(cc(C)c(OC)c3O)C[C@@H]([C@@H]1O)N2C)OCO4
39,26759,0.0,CCN(CC)c1ccc2c(C)cc(=O)oc2c1
40,9676,0.0,N#Cc1nc(Cl)c(Cl)c(Cl)c1Cl
41,22604,0.0,Clc1ccc(C(Cn2ccnc2)OCc2ccsc2Cl)c(Cl)c1
42,361,0.0,Cc1cc(=O)oc2cc(N(C)C)ccc12
43,20253,0.0,CCCCCCCCCCCCn1cc[n+](C)c1.O=S(=O)([N-]S(=O)(=O)C(F)(F)F)C(F)(F)F
44,1117,0.0,C[C@@H]1CC(=O)NN=C1c1ccc(NN=C(C#N)C#N)cc1
45,27597,0.0,N#Cc1sc2c(=O)c3ccccc3c(=O)c=2sc1C#N
46,5490,0.0,N#Cc1c2ccccc2cc2ccccc12
47,1650,0.0,C=CC(=O)OCC(COC(=O)C=C)(COC(=O)C=C)COC(=O)C=C
48,28943,0.0,O=C(N/N=C/c1ccccc1O)c1ccncc1
49,6132,0.0,COc1c(C)c2c(c(O)c1C/C=C(\C)CCC(=O)O)C(=O)OC2
50,7395,0.0,CCCCCCCCCCCCOC(=O)c1cc(O)c(O)c(O)c1
51,10745,0.0,Oc1cccc(-c2c3nc(c(-c4cccc(O)c4)c4ccc([nH]4)c(-c4cccc(O)c4)c4nc(c(-c5cccc(O)c5)c5ccc2[nH]5)CC4)C=C3)c1
52,21634,0.0,Clc1ccc(COC(Cn2ccnc2)c2ccc(Cl)cc2Cl)cc1.O=[N+]([O-])O
53,3916,0.0,Cc1c2oc3c(C)ccc(C(=O)N[C@@H]4C(=O)N[C@H](C(C)C)C(=O)N5CCC[C@H]5C(=O)N(C)CC(=O)N(C)[C@@H](C(C)C)C(=O)O[C@@H]4C)c3nc-2c(C(=O)N[C@@H]2C(=O)N[C@H](C(C)C)C(=O)N3CCC[C@H]3C(=O)N(C)CC(=O)N(C)[C@@H](C(C)C)C(=O)O[C@@H]2C)c(N)c1=O
54,12776,0.0,CCN(CC)c1ccc2c(C)cc(=O)oc2c1
55,27091,0.0,CN(C)C(=S)SSC(=S)N(C)C
56,7843,0.0,Nc1ccc2c3c(cccc13)-c1ccccc1-2
57,6709,0.0,CCCCCCCCCCCCN1CCCC1=O
58,25385,0.0,Oc1c(Cl)cc(Cl)cc1Sc1cc(Cl)cc(Cl)c1O
59,14176,0.0,CCCCCCCCCCCCn1cc[n+](C)c1.[I-]
60,24432,0.0,CO[C@@H]1[C@H](O)C[C@@H](O[C@@H]2C[C@H](Oc3cc4cc5c(c(O)c4c(O)c3C)C(=O)[C@@H](O[C@H]3C[C@@H](O[C@H]4C[C@@H](O[C@H]6C[C@](C)(O)[C@@H](OC(C)=O)[C@H](C)O6)[C@H](O)[C@@H](C)O4)[C@H](O)[C@@H](C)O3)[C@H]([C@H](OC)C(=O)[C@@H](O)[C@@H](C)O)C5)O[C@H](C)[C@@H]2OC(=O)O)O[C@@H]1C
61,2522,0.0,CCOC(=O)C1(c2ccccc2)CCN(CCC(C#N)(c2ccccc2)c2ccccc2)CC1.Cl
62,28575,0.0,CC(C)C1CCC(Cc2ccc(Cl)cc2)C1(O)Cn1cncn1
63,14867,0.0,CC/C(=C(\c1ccccc1)c1ccc(OCCN(C)C)cc1)c1ccccc1
64,26446,0.0,CN(C)CCOc1ccc(/C(=C(/CCCl)c2ccccc2)c2ccccc2)cc1.O=C(O)CC(O)(CC(=O)O)C(=O)O
65,2988,0.0,O=C1OC2(c3ccc(O)cc3Oc3cc(O)ccc32)c2ccccc21
66,3504,0.0,CCCCCCCCCCCCCCCCn1cc[n+](C)c1.F[B-](F)(F)F
67,25942,0.0,CCN(CC)CCOc1ccc(C(=C(Cl)c2ccccc2)c2ccccc2)cc1.O=C(O)CC(O)(CC(=O)O)C(=O)O
68,4173,0.0,CC/N=c1/cc2oc3cc(NCC)c(C)cc3c(-c3ccccc3C(=O)OCC)c-2cc1C.Cl
69,24930,0.0,Clc1ccc(C(c2ccc(Cl)cc2)C(Cl)Cl)cc1
70,23767,0.0,COC(=O)N(C(=O)N1CO[C@@]2(C(=O)OC)Cc3cc(Cl)ccc3C2=N1)c1ccc(OC(F)(F)F)cc1
71,22372,0.0,CCCCCCCCCCCCCC[P+](CCCC)(CCCC)CCCC.CCCCCCCCCCCCc1ccccc1S(=O)(=O)[O-]
72,17204,0.0,OB(O)O[Hg]c1ccccc1
73,28196,0.0,CC(C)n1nc(-c2cc3cc(O)ccc3[nH]2)c2c(N)ncnc21
74,1235,0.0,CC(C)(O)c1ccccc1CC[C@@H](SCC1(CC(=O)[O-])CC1)c1cccc(/C=C/c2ccc3ccc(Cl)cc3n2)c1.[Na+]
75,7274,0.0,CN(C[C@@H](CC[N+]12CCC(C3CCCCC3)(CC1)CC2)c1ccc(Cl)c(Cl)c1)C(=O)c1cc(C(F)(F)F)cc(C(F)(F)F)c1.CS(=O)(=O)[O-]
76,15767,0.0,CC(C)(C)c1ccc(C(O)CCCN2CCC(C(O)(c3ccccc3)c3ccccc3)CC2)cc1
77,455,0.0,Oc1ccc([Hg]Cl)cc1
78,2176,0.0,CC(CN1c2ccccc2Sc2ccccc21)N(C)C
79,5621,0.0,CCCOC/C(=N\c1ccc(Cl)cc1C(F)(F)F)n1ccnc1
80,21492,0.0,O=C1NCCN1CCN1CCC(c2cn(-c3ccc(F)cc3)c3ccc(Cl)cc23)CC1
81,11869,0.0,CN1CCN(C2Cc3ccccc3Sc3ccc(Cl)cc32)CC1.O=C(O)/C=C\C(=O)O
82,29150,0.0,O=C(OC[C@H]1O[C@@H](OC(=O)c2cc(O)c(O)c(OC(=O)c3cc(O)c(O)c(O)c3)c2)[C@H](OC(=O)c2cc(O)c(O)c(OC(=O)c3cc(O)c(O)c(O)c3)c2)[C@@H](OC(=O)c2cc(O)c(O)c(OC(=O)c3cc(O)c(O)c(O)c3)c2)[C@@H]1OC(=O)c1cc(O)c(O)c(OC(=O)c2cc(O)c(O)c(O)c2)c1)c1cc(O)c(O)c(OC(=O)c2cc(O)c(O)c(O)c2)c1
83,4867,0.0,CCCCCCCCCCCCCC[N+](C)(C)C.[Br-]
84,8045,0.0,CCCCCCCCCCCCCCCC[N+](C)(C)C.[Cl-]
85,1816,0.0,CC(C)(C)c1ccc(C(=O)CCCN2CCC(OC(c3ccccc3)c3ccccc3)CC2)cc1
86,19688,0.0,CO/N=C1/C[C@]2(C[C@@H]3C[C@@H](C/C=C(\C)C[C@@H](C)/C=C/C=C4\CO[C@@H]5[C@H](O)C(C)=C[C@@H](C(=O)O3)[C@]45O)O2)O[C@H](/C(C)=C/C(C)C)[C@H]1C
87,217,0.0,Cc1cc(O)c2c(c1)O[C@@]1(C)CC[C@H]3C(C)(C)CCCC34CO[C@@H]2[C@H]41
88,11118,0.0,Cc1ccc(S(=O)(=O)N[C@@H](CCCCN)C(=O)CCl)cc1.Cl
89,29807,0.0,Clc1cc(Cl)c(OCC#CI)cc1Cl
90,5302,0.0,N=C(NCCCCCCNC(=N)NC(=N)Nc1ccc(Cl)cc1)NC(=N)Nc1ccc(Cl)cc1
91,18312,0.0,CN(C)C(=S)SC(=S)N(C)C
92,26297,0.0,Cc1ccc(-c2cc(C(F)(F)F)nn2-c2ccc(S(N)(=O)=O)cc2)cc1
93,12558,0.0,O=[N+]([O-])c1ccc(Cl)c([N+](=O)[O-])c1
94,13896,0.0,C=CC(=O)OCC(CC)(COC(=O)C=C)COC(=O)C=C
95,8716,0.0,CC(C)C[C@H](NC(=O)[C@H](Cc1ccccc1)NC(=O)c1cnccn1)B(O)O
96,4993,0.0,CCCCCCCCn1sccc1=O
97,21191,0.0,Oc1ccc(C2(c3ccc(O)cc3)c3ccccc3-c3ccccc32)cc1
98,6906,0.0,CCCCCCCCCCCCCCCC[N+](C)(C)C.[Br-]
99,9369,0.0,CC1(S(=O)(=O)[O-])CC(=O)c2ccccc2C1=O.[Na+]
100,25556,0.0,O=[N+]([O-])/C=C/c1ccccc1
101,21812,0.0,CN1CC[C@H](c2c(O)cc(O)c3c(=O)cc(-c4ccccc4Cl)oc23)[C@H](O)C1.Cl
102,4510,0.0,CCOC(=O)c1nc(C(Cl)(Cl)Cl)n(-c2ccc(Cl)cc2Cl)n1
103,27425,0.0,ClC1=C(Cl)C2(Cl)C3C(Cl)C(Cl)CC3C1(Cl)C2(Cl)Cl
104,13177,0.0,CCc1nn(C)c(C(=O)NCc2ccc(C(C)(C)C)cc2)c1Cl
105,27784,0.0,CN(C)CCCN1c2ccccc2Sc2ccc(Cl)cc21
106,26913,0.0,CC(=O)OC(OC(C)=O)c1ccc([N+](=O)[O-])o1
107,6253,0.0,CN(C)CCOc1ccc(/C(=C(/CCCl)c2ccccc2)c2ccccc2)cc1.O=C(O)CC(O)(CC(=O)O)C(=O)O
108,13660,0.0,O=C(Oc1cccc2cccnc12)c1ccccc1
109,25765,0.0,CC1=CC(=O)c2ccccc2C1=O
110,3652,0.0,CC(=O)NC1(c2cccc(F)c2)CCN(CC[C@@]2(c3ccc(Cl)c(Cl)c3)CN(c3ccccc3)C(=O)CO2)CC1.O=C(O)CCC(=O)O
111,3116,0.0,CC[C@]1(O)C[C@H]2C[N@](CCc3c([nH]c4ccccc34)[C@@](C(=O)OC)(c3cc4c(cc3OC)N(C)[C@H]3[C@@](O)(C(N)=O)[C@H](O)[C@]5(CC)C=CCN6CC[C@]43[C@@H]65)C2)C1.O=S(=O)(O)O
112,17724,0.0,Oc1ccc(Cl)cc1Cc1ccccc1
113,24561,0.0,CN(C)C(=S)[S-].CN(C)C(=S)[S-].[Cu+2]
114,1040,0.0,COCc1c(C(C)C)nc(C(C)C)c(/C=C/[C@@H](O)C[C@@H](O)CC(=O)[O-])c1-c1ccc(F)cc1.[Na+]
115,4053,0.0,Clc1ccc(COC(Cn2ccnc2)c2ccc(Cl)cc2Cl)cc1.O=[N+]([O-])O
116,20131,0.0,CC(C)C[C@H](NC(=O)[C@H](CCc1ccccc1)NC(=O)CN1CCOCC1)C(=O)N[C@@H](Cc1ccccc1)C(=O)N[C@@H](CC(C)C)C(=O)[C@@]1(C)CO1
117,24778,0.0,CC[C@H](C)C(=O)O[C@H]1C[C@@H](C)C=C2C=C[C@H](C)[C@H](CC[C@@H]3C[C@@H](O)CC(=O)O3)[C@H]21
118,25260,0.0,c1ccc2cc3c(cc2c1)-c1cccc2cccc-3c12
119,4246,0.0,CCC(=O)O[C@H]1CC[C@H]2[C@@H]3CCC4=CC(=O)CC[C@]4(C)[C@H]3CC[C@]12C
120,22200,0.0,O=S1(=O)CC(Cl)(Cl)C(Cl)(Cl)C1
121,1507,0.0,Clc1ccccc1C(c1ccccc1)(c1ccccc1)n1ccnc1
122,7210,0.0,CN(C)C(=S)SC(=S)N(C)C
123,20444,0.0,N#C/C(=C1/SC[C@@H](c2ccc(Cl)cc2Cl)S1)n1ccnc1
124,912,0.0,COC(=O)Nc1nc2cc(C(=O)c3cccs3)ccc2[nH]1
125,7504,0.0,NC(=O)N1C(=O)C(C(=O)c2cc(Cl)cs2)c2cc(F)c(Cl)cc21
126,28835,0.0,C=C(c1ccc(C(=O)O)cc1)c1cc2c(cc1C)C(C)(C)CCC2(C)C
127,6031,0.0,C=C(c1ccc(C(=O)O)cc1)c1cc2c(cc1C)C(C)(C)CCC2(C)C
128,14370,0.0,CCOc1nc2cccc(C(=O)OC(C)OC(=O)OC3CCCCC3)c2n1Cc1ccc(-c2ccccc2-c2nnn[nH]2)cc1
129,26640,0.0,Oc1c(Cl)cc(Cl)cc1Sc1cc(Cl)cc(Cl)c1O
130,5725,0.0,O=C1OC2(c3ccc([O-])cc3Oc3cc([O-])ccc32)c2ccccc21.[Na+].[Na+]
131,16239,0.0,C=C(C)[C@H]1Cc2c(ccc3c2O[C@@H]2COc4cc(OC)c(OC)cc4[C@@H]2C3=O)O1
132,10310,0.0,C=C1CC[C@H](O)C/C1=C/C=C1\CCC[C@]2(C)[C@@H]([C@H](C)/C=C/[C@H](C)C(C)C)CC[C@@H]12
133,753,0.0,CC(C)(C)c1ccc(O)c(C(C)(C)C)c1
134,23904,0.0,CCCCCCC(C)Nc1ccc(Nc2ccccc2)cc1
135,12145,0.0,CCOC(=O)C1=C(C)NC(C)=C(C(=O)OC)C1c1cccc(Cl)c1Cl
136,14680,0.0,CCCCCCCCCCCCN.Cl
137,26246,0.0,N#Cc1c(Cl)c(Cl)c(Cl)c(C#N)c1Cl
138,2832,0.0,Oc1c(Cl)cc(Cl)c(Cl)c1Cc1c(O)c(Cl)cc(Cl)c1Cl
139,18699,0.0,Clc1ccc(C(Cn2ccnc2)OCc2c(Cl)cccc2Cl)c(Cl)c1
140,16782,0.0,COc1cc([C@@H]2c3cc4c(cc3C(O[C@@H]3O[C@@H]5COC(c6cccs6)O[C@H]5[C@H](O)[C@H]3O)C3COC(=O)[C@@H]32)OCO4)cc(OC)c1O
141,12641,0.0,CC1(C)CCC(C)(C)c2cc(NC(=O)c3ccc(C(=O)O)cc3)ccc21
142,27139,0.0,O=C(O)CN(CC(=O)O)CC1=CC2C(=CC1=O)Oc1cc(O)c(CN(CC(=O)O)CC(=O)O)cc1C21OC(=O)c2ccccc21
143,3439,0.0,CCCCCCCCCCCCOC(=O)c1cc(O)c(O)c(O)c1
144,2425,0.0,CCCCC(CC)COC(=O)c1ccc(O)cc1
145,4793,0.0,Oc1ccc(C2(c3ccc(O)cc3)CC3CC2C2CCCC32)cc1
146,20765,0.0,CCCCCCCC/C=C\CCCCCCCCOCCO
147,6632,0.0,CCCCCCCCCCCCCCn1cc[n+](C)c1.[Cl-]
148,2595,0.0,N#C[Au-]C#N.[K+]
149,21086,0.0,CO[C@H](C(=O)[C@@H](O)[C@@H](C)O)C1Cc2cc3cc(O[C@H]4C[C@@H](O[C@H]5C[C@@H](O)[C@H](O)[C@@H](C)O5)[C@@H](O)[C@@H](C)O4)c(C)c(O)c3c(O)c2C(=O)[C@H]1O[C@H]1C[C@@H](O[C@H]2C[C@@H](O[C@H]3C[C@](C)(O)[C@H](O)[C@@H](C)O3)[C@H](O)[C@@H](C)O2)[C@H](O)[C@@H](C)O1
150,29083,0.0,CO[C@H](C(=O)[C@@H](O)[C@@H](C)O)C1Cc2cc3cc(O[C@H]4C[C@@H](O[C@H]5C[C@@H](O)[C@H](O)[C@@H](C)O5)[C@@H](O)[C@@H](C)O4)c(C)c(O)c3c(O)c2C(=O)[C@H]1O[C@H]1C[C@@H](O[C@H]2C[C@@H](O[C@H]3C[C@](C)(O)[C@H](O)[C@@H](C)O3)[C@H](O)[C@@H](C)O2)[C@H](O)[C@@H](C)O1
151,9876,0.0,O=C(CCCCCCCCc1cccnc1)N1CCC(C=C(c2ccccc2)c2ccccc2)CC1
152,24372,0.0,CCOC(=O)C1=C(COCCN)NC(C)=C(C(=O)OC)C1c1ccccc1Cl.O=S(=O)(O)c1ccccc1
153,27654,0.0,O=C1OC2(c3ccc(O)cc3Oc3cc(O)ccc32)c2ccccc21
154,6353,0.0,Clc1ccc(CCC(Cn2ccnc2)Sc2c(Cl)cccc2Cl)cc1.O=[N+]([O-])O
155,264,0.0,Cc1cccc(N(C)C(=S)Oc2ccc3ccccc3c2)c1
156,156,0.0,CCCCC(CC)COP(=O)(O)OCC(CC)CCCC
157,561,0.0,O=[N+]([O-])c1ccc(O)cc1C(F)(F)F
158,13528,0.0,C[C@H](CCC(=O)O)[C@H]1CC[C@H]2[C@@H]3CC[C@@H]4C[C@H](O)CC[C@]4(C)[C@H]3CC[C@]12C
159,24882,0.0,C[C@]1(Cn2ccnn2)[C@H](C(=O)[O-])N2C(=O)C[C@H]2S1(=O)=O.[Na+]
160,3378,0.0,O=[N+]([O-])c1ccc(O/N=C/c2cc(Br)c(O)c(Br)c2)c([N+](=O)[O-])c1
161,27541,0.0,COc1cc2c(c(OC)c1OC)-c1ccc(OC)c(=O)cc1[C@@H](NC(C)=O)CC2
162,28476,0.0,Clc1ccc(C(c2ccc(Cl)cc2)C(Cl)(Cl)Cl)cc1
163,26029,0.0,CCCCCCCCCCn1cc[n+](C)c1.F[P-](F)(F)(F)(F)F
164,1289,0.0,CC(C)(C)C(=O)OCOC(=O)C1N2C(=O)CC2S(=O)(=O)C1(C)C
165,9016,0.0,OC(c1ccc(Cl)cc1)(c1ccc(Cl)cc1)C(Cl)(Cl)Cl
166,17031,0.0,Oc1ccc(C(c2ccc(O)cc2)C(Cl)(Cl)Cl)cc1
167,11307,0.0,CN1CCc2cc3c(cc2C1O)OCO3.Cl
168,50,0.0,Clc1ccc2cc3ccccc3cc2c1
169,9234,0.0,C=CCOC(Cn1ccnc1)c1ccc(Cl)cc1Cl
170,25879,0.0,COP(=S)(OC)Oc1ccc(Sc2ccc(OP(=S)(OC)OC)cc2)cc1
171,21899,0.0,CC/C(=C(\c1ccccc1)c1ccc(OCCN(C)C)cc1)c1ccccc1
172,6785,0.0,CC[Hg]Sc1ccccc1C(=O)[O-].[Na+]
173,4306,0.0,CC(C)Nc1ccc(Nc2ccccc2)cc1
174,24624,0.0,Cl.O=C1CSC2(CCN(CCCN3c4ccccc4Sc4ccc(Cl)cc43)CC2)N1
175,3235,0.0,N#CSc1ccc([N+](=O)[O-])cc1[N+](=O)[O-]
176,10605,0.0,Nc1ccc2cc3ccccc3cc2c1
177,25193,0.0,CN1CCC(=C2c3ccccc3Sc3ccccc32)CC1.O=C(O)/C=C\C(=O)O
178,5223,0.0,CCCCCCCCCCCCCC[N+](C)(C)C.[Cl-]
179,9601,0.0,O.O.O=[Cr](=O)([O-])O[Cr](=O)(=O)[O-].[Na+].[Na+]
180,25433,0.0,[O-][n+]1ccccc1S[Zn]Sc1cccc[n+]1[O-]
181,1857,0.0,CN(C)c1ccc(C(=C2C=CC(=[N+](C)C)C=C2)c2ccccc2)cc1.CN(C)c1ccc(C(=C2C=CC(=[N+](C)C)C=C2)c2ccccc2)cc1.O=C(O)C(=O)O.O=C([O-])C(=O)O.O=C([O-])C(=O)O
182,15167,0.0,C[C@@H](O[C@H]1OCCN(CC2=NC(=O)N=N2)[C@H]1C1CCC(F)CC1)c1cc(C(F)(F)F)cc(C(F)(F)F)c1
183,2112,0.0,Cc1cc2c(C(C)C)c(O)c(O)c(C=O)c2c(O)c1-c1c(C)cc2c(C(C)C)c(O)c(O)c(C=O)c2c1O
184,696,0.0,CCCC[Sn](CCCC)(CCCC)O[Sn](CCCC)(CCCC)CCCC
185,7735,0.0,CCc1nn(CCCN2CCN(c3cccc(Cl)c3)CC2)c(=O)n1CCOc1ccccc1.Cl
186,12341,0.0,O=C1c2ccccc2C(=O)N1SC(Cl)(Cl)Cl
187,27046,0.0,O=[N+]([O-])c1c(Cl)cccc1-c1c[nH]cc1Cl
188,7907,0.0,Fc1ccc([C@@H]2CCNC[C@H]2COc2ccc3c(c2)OCO3)cc1
189,2668,0.0,O=C1NCCN1CCN1CCC(c2cn(-c3ccc(F)cc3)c3ccc(Cl)cc23)CC1
190,1180,0.0,CCCC1([C@H](O)C/C=C/[C@H]2[C@H](O)CC(=O)[C@@H]2CCCCCCC(=O)OC)CCC1
191,3849,0.0,O=C(CCl)c1ccc(Cl)cc1Cl
192,28888,0.0,O=C(CCl)c1ccc(Cl)cc1Cl
193,14780,0.0,CC[C@@H](C(=O)O)[C@@H]1O[C@@H]([C@@H](C)[C@H](O)[C@H](C)C(=O)[C@H](CC)[C@H]2O[C@]3(C=C[C@@H](O)[C@]4(CC[C@@](C)([C@H]5CC[C@](O)(CC)[C@H](C)O5)O4)O3)[C@H](C)C[C@@H]2C)[C@@H](C)C[C@@H]1C
194,7147,0.0,CN1C[C@H](CNC(=O)OCc2ccccc2)C[C@@H]2c3cccc4c3c(cn4C)C[C@H]21
195,5377,0.0,O=Nc1ccc(Nc2ccccc2)cc1
196,12884,0.0,CCCCCCCCCCCCc1ccc(O)cc1
197,27857,0.0,S=C(SSC(=S)N1CCCCC1)N1CCCCC1
198,1773,0.0,CCCC[n+]1ccc(C)cc1.[Cl-]
199,21365,0.0,CN(C)C(=O)CCSC(SCCC(=O)[O-])c1cccc(/C=C/c2ccc3ccc(Cl)cc3n2)c1.[Na+]
200,21423,0.0,CN(C)C(=S)[S-].CN(C)C(=S)[S-].[Zn+2]
201,22494,0.0,C=C(C)[C@H]1Cc2c(ccc3c2O[C@@H]2COc4cc(OC)c(OC)cc4[C@@H]2C3=O)O1
202,28627,0.0,CC1(COc2ccc(CC3SC(=O)NC3=O)cc2)CCCCC1
203,26191,0.0,O=C1CCc2ccc(OCCCCN3CCN(c4cccc(Cl)c4Cl)CC3)cc2N1
204,15452,0.0,CN1CCN2c3ccccc3Cc3ccccc3C2C1
205,19336,0.0,N#CSCSC#N
206,5946,0.0,Nc1nc(N)c2nc(-c3ccccc3)c(N)nc2n1
207,4590,0.0,CCOC(=O)C1=C(COCCN)NC(C)=C(C(=O)OC)C1c1ccccc1Cl.O=S(=O)(O)c1ccccc1
208,3994,0.0,Oc1c(Cl)cc(Cl)c2cccnc12
209,5051,0.0,Oc1ccc(O)cc1
210,7590,0.0,CCCCCCCCOc1ccccc1C(=O)Nc1ccc(C(=O)OCC[N+](C)(CC)CC)cc1.[Br-]
211,8300,0.0,O=C([O-])c1ccccc1-c1c2cc(Br)c(=O)c(Br)c-2oc2c(Br)c([O-])c(Br)cc12.[Na+].[Na+]
212,965,0.0,CC[C@@]1([C@@H]2O[C@@H]([C@H]3O[C@@](O)(CO)[C@H](C)C[C@@H]3C)C[C@@H]2C)CC[C@H]([C@]2(C)CC[C@]3(C[C@H](O)[C@@H](C)[C@@H]([C@@H](C)[C@@H](OC)[C@H](C)C(=O)[O-])O3)O2)O1.[Na+]
213,3604,0.0,O=[N+]([O-])c1ccc(Oc2ccc(N=C=S)cc2)cc1
214,18802,0.0,CC(C)=CCC1C(=O)N(c2ccccc2)N(c2ccccc2)C1=O
215,25610,0.0,C=C1CC[C@H](O)C/C1=C/C=C1\CCC[C@]2(C)[C@@H]([C@H](C)CCCC(C)(C)O)CC[C@@H]12
216,11593,0.0,c1ccc(-c2ccc(C(c3ccccc3)n3ccnc3)cc2)cc1
217,6557,0.0,C#C[C@]1(OC(C)=O)CC[C@H]2[C@@H]3CCC4=C/C(=N/O)CC[C@@H]4[C@H]3CC[C@@]21CC
218,24286,0.0,C/C=C1\NC(=O)[C@H]2CSSCC/C=C/[C@H](CC(=O)N[C@H](C(C)C)C(=O)N2)OC(=O)[C@@H](C(C)C)NC1=O
219,12018,0.0,CC(C)c1ccc2oc3nc(N)c(C(=O)O)cc3c(=O)c2c1
220,16673,0.0,Cc1nnc2n1-c1sc(CCc3ccc(CC(C)C)cc3)cc1C(c1ccccc1Cl)=NC2C
221,1467,0.0,CCCN(CCC)C(=O)C(CCC(=O)OCCCN1CCN(CCOC(=O)Cc2c(C)n(C(=O)c3ccc(Cl)cc3)c3ccc(OC)cc23)CC1)NC(=O)c1ccccc1
222,29285,0.0,CO[C@]12CC[C@@]3(C[C@@H]1[C@](C)(O)C(C)(C)C)[C@H]1Cc4ccc(O)c5c4[C@@]3(CCN1CC1CC1)[C@H]2O5.Cl
223,2055,0.0,CCOC(=O)c1ccc([C@H]2CC[C@H](NC[C@H](O)COc3ccc(O)c(NS(C)(=O)=O)c3)CC2)cc1.Cl
224,1555,0.0,N=C(N)NC(=O)c1nc(Cl)c(N)nc1N
225,27258,0.0,ClC1=C(Cl)[C@@]2(Cl)[C@@H]3[C@@H](Cl)C(Cl)C[C@@H]3C1(Cl)C2(Cl)Cl
226,28526,0.0,CN(C)CCCN1c2ccccc2CCc2ccc(Cl)cc21
227,415,0.0,CS(=O)(=O)O.Cc1c(O)cccc1C(=O)N[C@@H](CSc1ccccc1)[C@H](O)CN1C[C@H]2CCCC[C@H]2C[C@H]1C(=O)NC(C)(C)C
228,2250,0.0,OCCN1CCN(CCCN2c3ccccc3Sc3ccc(C(F)(F)F)cc32)CC1
229,3051,0.0,CNCCC(Oc1ccc(C(F)(F)F)cc1)c1ccccc1
230,4456,0.0,Nc1ccc2cc3ccccc3cc2c1
231,4105,0.0,O[Sn](c1ccccc1)(c1ccccc1)c1ccccc1
232,1720,0.0,C#C[C@]1(O)CC[C@H]2[C@@H]3CCC4=C/C(=N/O)CC[C@@H]4[C@H]3CC[C@@]21CC
233,30037,0.0,CCCCNC(=O)OCC#CI
234,26813,0.0,CC(=O)c1ccc2c(c1)N(CCCN1CCN(CCO)CC1)c1ccccc1S2.O=C(O)/C=C\C(=O)O.O=C(O)/C=C\C(=O)O
235,24009,0.0,CC/C(=C(\c1ccccc1)c1ccc(OCCN(C)C)cc1)c1ccccc1.O=C(O)CC(O)(CC(=O)O)C(=O)O
236,25338,0.0,COC(=O)[C@@]1(C)[C@H](C)C[C@H]2[C@@H]3CCC4=CC(=O)C=C[C@]4(C)[C@H]3[C@@H](O)C[C@@]21C
237,27479,0.0,O=C1C=C2C=C[C@@H]3C[C@@]2(O1)[C@H]1CCCCN31
238,13058,0.0,C=CCC1=C(C)[C@@H](OC(=O)[C@@H]2[C@@H](C=C(C)C)C2(C)C)CC1=O
239,6974,0.0,O=c1[nH]sc2ccccc12
240,2920,0.0,C[C@@]12C(=O)OC(=O)[C@]1(C)C1CCC2O1
241,27703,0.0,O=C(c1ccc(OCCN2CCCCC2)cc1)c1c(-c2ccc(O)cc2)sc2cc(O)ccc12
242,20318,0.0,CCCCC1C(=O)N(c2ccccc2)N(c2ccc(O)cc2)C1=O
243,14094,0.0,Oc1ccc(/C=C/c2cc(O)cc(O)c2)cc1
244,21981,0.0,COc1c(C)c2c(c(O)c1C/C=C(\C)CCC(=O)OCCN1CCOCC1)C(=O)OC2
245,6444,0.0,O=S(=O)([O-])c1ccccc1C=Cc1ccc(-c2ccc(C=Cc3ccccc3S(=O)(=O)[O-])cc2)cc1.[Na+].[Na+]
246,24984,0.0,[O-][n+]1ccccc1S[Zn]Sc1cccc[n+]1[O-]
247,9303,0.0,C=CC(=O)OCC(O)COc1ccccc1
248,22323,0.0,COc1cc2c(c(OC)c1OC)-c1ccc(OC)c(=O)cc1[C@@H](NC(C)=O)CC2
249,26703,0.0,CC(C)CC(C)N(c1ccccc1)c1ccc(N)cc1
250,5534,0.0,CCCC[Sn](Cl)(CCCC)CCCC
251,313,0.0,CCN(CC)CCOc1ccc(C(=C(Cl)c2ccccc2)c2ccccc2)cc1
252,27366,0.0,CN1CCc2cccc3c2[C@H]1Cc1ccc(O)c(O)c1-3.CN1CCc2cccc3c2[C@H]1Cc1ccc(O)c(O)c1-3.Cl.Cl.O
253,25474,0.0,Cl.Cl.O=C1c2c(O)ccc(O)c2C(=O)c2c(NCCNCCO)ccc(NCCNCCO)c21
254,15592,0.0,CCCSc1cc(OC)c(CCN)cc1OC.Cl
255,26402,0.0,Cl.Nc1c2ccccc2nc2ccccc12.O
256,21542,0.0,COc1cccc2c1C(=O)c1c(O)c3c(c(O)c1C2=O)C[C@@](O)(C(=O)CO)C[C@@H]3O[C@H]1C[C@H](N)[C@H](O)[C@H](C)O1.Cl
257,3180,0.0,COc1ccc(/C=C/C(=O)Nc2ccccc2C(=O)O)cc1OC
258,14960,0.0,COC(COC(N)=O)C1=C(N2CC2)C(=O)C(C)=C(N2CC2)C1=O
259,26859,0.0,Nc1nc2nc[nH]c2c(=S)[nH]1
260,28783,0.0,CC(C(=O)O)c1ccc(C(=O)c2ccccc2)s1
261,28153,0.0,Cc1c(C(=O)NN2CCCCC2)nn(-c2ccc(Cl)cc2Cl)c1-c1ccc(Cl)cc1
262,4927,0.0,N[C@@H](Cc1ccc(N(CCCl)CCCl)cc1)C(=O)O
263,28988,0.0,O=C(O)c1ccc(-n2nc(-c3ccccc3O)nc2-c2ccccc2O)cc1
264,6083,0.0,O=C(O)c1cc(O)c2ccccc2c1O
265,5757,0.0,CC[C@]1(O)C[C@@H]2C[N@@](CCc3c([nH]c4ccccc34)[C@@](C(=O)OC)(c3cc4c(cc3OC)N(C)[C@H]3[C@@](O)(C(=O)OC)[C@H](OC(C)=O)[C@]5(CC)C=CCN6CC[C@]43[C@@H]65)C2)C1.O=S(=O)(O)O
266,14256,0.0,O=C([O-])C[C@H](O)CC(O)/C=C/c1c(C2CC2)nc2ccccc2c1-c1ccc(F)cc1.O=C([O-])C[C@H](O)C[C@H](O)/C=C/c1c(C2CC2)nc2ccccc2c1-c1ccc(F)cc1.[Ca+2]
267,27184,0.0,CC[C@@]1(O)C(=O)OCc2c1cc1n(c2=O)Cc2cc3c([N+](=O)[O-])cccc3nc2-1
268,21704,0.0,Clc1ccc(C(Cn2ccnc2)OCc2csc3c(Cl)cccc23)c(Cl)c1.O=[N+]([O-])O
269,24492,0.0,Cc1ccc(-n2nc(C(C)(C)C)cc2NC(=O)Nc2ccc(OCCN3CCOCC3)c3ccccc23)cc1
270,7981,0.0,CC1=C(/C=C/C(C)=C/C=C/C(C)=C/C=C/C=C(C)/C=C/C=C(C)/C=C/C2=C(C)C[C@@H](O)CC2(C)C)C(C)(C)C[C@H](O)C1
271,24828,0.0,Cc1cc(Nc2ccccc2C(=O)O)ccc1Cl
272,14603,0.0,C/C(=C\c1csc(C)n1)C1C[C@@H]2O[C@]2(C)CCC[C@H](C)C(O)[C@@H](C)C(=O)C(C)(C)[C@@H](O)CC(=O)O1
273,3698,0.0,CCc1cc(Cc2cc(CC)c(N)c(CC)c2)cc(CC)c1N
274,26985,0.0,CCCCOCCOP(=O)(OCCOCCCC)OCCOCCCC
275,12496,0.0,CCCCc1oc2ccccc2c1C(=O)c1cc(I)c(OCCN(CC)CC)c(I)c1
276,7332,0.0,CCCCc1oc2ccccc2c1C(=O)c1cc(I)c(OCCN(CC)CC)c(I)c1.Cl
277,6174,0.0,CCOc1ccc(Cc2nccc3cc(OCC)c(OCC)cc23)cc1OCC.Cl
278,7442,0.0,N#Cc1c(Cl)c(Cl)c(Cl)c(C#N)c1Cl
279,26580,0.0,Oc1cc(Cl)c(Cl)c(Cl)c1Cl
280,22431,0.0,OCC(c1ccc(Cl)cc1)c1ccc(Cl)cc1
281,10055,0.0,Cc1nc2ccccc2n1Cc1ccc(Cl)cc1
282,25092,0.0,O=C(Nc1ccc(Cl)cc1)Nc1ccc(Cl)c(Cl)c1
283,28679,0.0,CN(C)S(=O)(=O)N(SC(F)(Cl)Cl)c1ccccc1
284,24734,0.0,CC(C)[C@@]1(NC(=O)[C@@H]2C[C@@H]3c4cccc5[nH]cc(c45)C[C@H]3N(C)C2)O[C@@]2(O)[C@@H]3CCCN3C(=O)[C@H](Cc3ccccc3)N2C1=O
285,5670,0.0,CN[C@H]1CCc2cc(OC)c(OC)c(OC)c2-c2ccc(OC)c(=O)cc21
286,506,0.0,COc1ccccc1NC(=O)c1cc2ccccc2cc1O
287,2002,0.0,O=C(O)c1ccccc1Nc1cccc(C(F)(F)F)c1
288,20541,0.0,O=c1[nH]c(=O)n([C@H]2C[C@H](O)[C@@H](CO)O2)cc1F
289,1892,0.0,N#C/C(=C1/SC[C@@H](c2ccc(Cl)cc2Cl)S1)n1ccnc1
290,24129,0.0,CCCCC[C@H](O)/C=C/[C@@H]1[C@@H](C/C=C\CCCC(=O)O)[C@@H](O)C[C@H]1O.COC(N)(CO)CO
291,7541,0.0,CC(=O)O[C@H]1C(=O)[C@@]2(C)[C@H]([C@H](OC(=O)c3ccccc3)[C@]3(O)C[C@H](OC(=O)[C@H](O)[C@@H](NC(=O)c4ccccc4)c4ccccc4)C(C)=C1C3(C)C)[C@]1(OC(C)=O)CO[C@@H]1C[C@@H]2O
292,20714,0.0,CC(C)C[C@H](NC(=O)[C@H](Cc1ccccc1)NC(=O)c1cnccn1)B(O)O
293,5437,0.0,O=C(O)[C@@H](S)[C@H](S)C(=O)O
294,26083,0.0,O=C(O)Cc1cc(I)c(Oc2ccc(O)c(I)c2)c(I)c1
295,29121,0.0,O=C(O)Cn1c2ccccc2c(=O)c2ccccc21
296,25980,0.0,Cc1cc(SCc2sc(-c3ccc(C(F)(F)F)c(F)c3)nc2C)ccc1OCC(=O)O
297,1603,0.0,COC(=O)N(OC)c1ccccc1COc1ccn(-c2ccc(Cl)cc2)n1
298,29378,0.0,O=c1ccc2cc(O[C@@H]3O[C@H](CO)[C@@H](O)[C@H](O)[C@H]3O)c(O)cc2o1
299,611,0.0,COc1cc([C@@H]2c3cc4c(cc3C(O[C@@H]3O[C@@H]5CO[C@@H](C)O[C@H]5[C@H](O)[C@H]3O)C3COC(=O)[C@@H]32)OCO4)cc(OC)c1OP(=O)(O)O
300,26490,0.0,Cc1ccc2nc(-c3ccc(N)cc3)sc2c1S(=O)(=O)O
301,25814,0.0,Cc1ccc2c(Br)cc(Br)c(O)c2n1
302,28344,0.0,CC(C)CC(C)(c1ccc(O)cc1)c1ccc(O)cc1
303,5885,0.0,CCCCCCCCCCn1cc[n+](C)c1.[Br-]
304,13291,0.0,C[C@H](CCC(=O)[O-])[C@H]1CC[C@H]2[C@@H]3CC[C@@H]4C[C@H](O)CC[C@]4(C)[C@H]3C[C@H](O)[C@]12C.[Na+]
305,4715,0.0,c1cc(N(CC2CO2)CC2CO2)ccc1Cc1ccc(N(CC2CO2)CC2CO2)cc1
306,6214,0.0,CC(=O)S[C@@H]1CC2=CC(=O)CC[C@]2(C)[C@H]2CC[C@@]3(C)[C@@H](CC[C@@]34CCC(=O)O4)[C@H]12
307,6301,0.0,CC(C)(C)c1ccc(O)c(C(C)(C)C)c1
308,2370,0.0,CO[C@H]1/C=C/O[C@@]2(C)Oc3c(C)c(O)c4c(c3C2=O)C2=NC3(CCN(CC(C)C)CC3)NC2=C(NC(=O)/C(C)=C\C=C\[C@H](C)[C@H](O)[C@@H](C)[C@@H](O)[C@@H](C)[C@H](OC(C)=O)[C@@H]1C)C4=O
309,809,0.0,Cc1cc(C)c(C=C2C(=O)Nc3ccccc32)[nH]1
310,10413,0.0,CN(Cc1cc(Br)cc(Br)c1N)C1CCCCC1.Cl
311,5096,0.0,O=C1C(Cl)=C(Cl)C(=O)C(Cl)=C1Cl
312,17601,0.0,Nc1cc(Cl)c(-c2cc(Cl)c(N)cc2Cl)cc1Cl
313,17257,0.0,C=CCOC(Cn1ccnc1)c1ccc(Cl)cc1Cl
314,5575,0.0,Cc1ccc(N(SC(F)(Cl)Cl)S(=O)(=O)N(C)C)cc1
315,7787,0.0,COc1cc([C@@H]2c3cc4c(cc3[C@H](O)[C@H]3COC(=O)[C@H]23)OCO4)cc(OC)c1OC
316,13794,0.0,CCCCCCCC/C=C\CCCCCCCC(=O)N(CCO)CCO
317,10955,0.0,CN1C(=O)[C@@H](NC(=O)c2cc3ccccc3[nH]2)N=C(c2ccccc2)c2ccccc21
318,7090,0.0,CCCOc1ccc2[nH]c(NC(=O)OC)nc2c1
319,13991,0.0,O=C1C(Cl)=C(Cl)C(=O)c2ccccc21
320,1337,0.0,O=C1c2ccccc2C(=O)N1SC1CCCCC1
321,21255,0.0,C=CCOC(Cn1ccnc1)c1ccc(Cl)cc1Cl.O=S(=O)(O)O
322,20001,0.0,Oc1cc(Cl)c(Cl)c(Cl)c1
323,1929,0.0,OCC(S)CS
324,6853,0.0,CC(C)N1C(=O)N(c2ccccc2)CSC1=NC(C)(C)C
325,22260,0.0,CC(=O)O[C@@]12CO[C@@H]1C[C@H](O)[C@@]1(C)C(=O)[C@H](O)C3=C(C)[C@@H](OC(=O)[C@H](O)[C@@H](NC(=O)OC(C)(C)C)c4ccccc4)C[C@@](O)([C@@H](OC(=O)c4ccccc4)[C@H]21)C3(C)C
326,119,0.0,CC1=C(/C=C/C(C)=C/C=C/C(C)=C/C(=O)O)C(C)(C)CCC1
327,20614,0.0,Cc1ccc(OP(=O)(Oc2ccc(C)cc2)Oc2ccc(C)cc2)cc1
328,3553,0.0,CC1(c2ccc(Oc3ccccc3)cc2)OC(=O)N(Nc2ccccc2)C1=O
329,26348,0.0,CCCCC(CC)COP(=O)(O)OCC(CC)CCCC
330,25514,0.0,C[C@]12CCC(=O)C=C1[C@@H]1C[C@@H]1[C@H]1[C@@H]3[C@@H]4C[C@@H]4[C@@]4(CCC(=O)O4)[C@@]3(C)CC[C@@H]12
331,9117,0.0,CCCCC(CC)COC(=O)CC(C(=O)OCC(CC)CCCC)S(=O)(=O)[O-].[Na+]
332,22149,0.0,BrC1CCC(Br)C(Br)CCC(Br)C(Br)CCC1Br
333,9762,0.0,CC1=C(/C=C/C(C)=C/C=C/C(C)=C/C(=O)O)C(C)(C)CCC1
334,5807,0.0,CC1(C)N=C(N)N=C(N)N1c1ccc(Cl)cc1.Cl
335,17,0.0,O=C(CCl)CCl
336,1419,0.0,COc1cc(C(=O)NC2CCN(C)CC2)ccc1Nc1ncc2c(n1)N(C1CCCC1)CC(F)(F)C(=O)N2C
337,3333,0.0,CCC(Cc1c(I)cc(I)c(O)c1I)C(=O)O
338,5065,1.0,O=C(CCc1ccc(O)cc1)c1c(O)cc(O)cc1O
339,115,1.0,CC1(C)[C@@H](O)CC[C@]2(C)[C@H]3C(=O)C=C4[C@@H]5C[C@@](C)(C(=O)O)CC[C@]5(C)CC[C@@]4(C)[C@]3(C)CC[C@@H]12
340,28626,1.0,CC1(C)S[C@@H]2[C@H](NC(=O)[C@H](N)c3ccccc3)C(=O)N2[C@H]1C(=O)OCOC(=O)[C@@H]1N2C(=O)C[C@H]2S(=O)(=O)C1(C)C.Cc1ccc(S(=O)(=O)O)cc1
341,12278,1.0,O=C(O)c1cc(/N=N/c2ccc([N+](=O)[O-])cc2)ccc1O
342,1322,1.0,Oc1ccc(C(c2ccc(O)cc2)C(Cl)(Cl)Cl)cc1
343,26872,1.0,CCCCCCCCCCn1cc[n+](C)c1.[Cl-]
344,1332,1.0,O=C([O-])c1ccccc1-c1c2cc(I)c(=O)c(I)c-2oc2c(I)c([O-])c(I)cc12.[Na+].[Na+]
345,28690,1.0,C#C[C@@]1(O)CC[C@H]2[C@@H]3CCC4=CCCC[C@@H]4[C@H]3CC[C@@]21C
346,1373,1.0,COc1cccc2c1C(=O)c1c(O)c3c(c(O)c1C2=O)C[C@@](O)(C(C)=O)C[C@@H]3O[C@H]1C[C@H](N)[C@H](O)[C@H](C)O1.Cl
347,7795,1.0,CO/N=C(/C(=O)OC)c1ccccc1CON=C(C)c1cccc(C(F)(F)F)c1
348,21422,1.0,Nc1ccc(Nc2ccccc2)cc1
349,22264,1.0,CC1(C)CCC(C)(C)c2cc(C(=O)Nc3ccc(C(=O)O)cc3)ccc21
350,26272,1.0,Cc1cc(=O)oc2cc(O)cc(O)c12
351,1332,1.0,CC(C)N(C(=O)CCl)c1ccccc1
352,26308,1.0,C[C@H]1CC[C@@H]2[C@@H](C)[C@H]3[C@H](C[C@H]4[C@@H]5CC=C6CC(O[C@@H]7O[C@H](CO)[C@H](O)[C@H](O[C@@H]8O[C@H](CO)[C@@H](O)[C@H](O)[C@H]8O)[C@H]7O[C@H]7O[C@@H](C)[C@H](O)[C@@H](O)[C@H]7O)CC[C@]6(C)[C@H]5CC[C@]34C)N2C1
353,28611,1.0,O=C(Nc1ccccc1)c1ccccc1O
354,26450,1.0,CCCCCCCCC(CCCCCC)C(=O)O
355,26872,1.0,CC(C)(c1ccccc1)c1ccc(Nc2ccc(C(C)(C)c3ccccc3)cc2)cc1
356,6076,1.0,O=C(NC(=O)c1c(F)cccc1F)Nc1ccc(OC(F)(F)C(F)OC(F)(F)F)c(Cl)c1
357,25807,1.0,CCOP(=O)(OCC)Oc1nc(Cl)c(Cl)cc1Cl
358,278,1.0,O=C(Nc1ccccc1)c1cc([N+](=O)[O-])ccc1Cl
359,7773,1.0,CCCCCCCCCC(CC)c1ccc(S(=O)(=O)[O-])cc1.[Na+]
360,20980,1.0,C=CC(OCC)OCC
361,1285,1.0,CC(C=O)Cc1ccc(C(C)(C)C)cc1
362,946,1.0,CC(C)C(Nc1ccc(C(F)(F)F)cc1Cl)C(=O)OC(C#N)c1cccc(Oc2ccccc2)c1
363,29000,1.0,Cc1cccc(Nc2ccccc2C(=O)O)c1C
364,345,1.0,O=C(OCC(COC(=O)c1ccccc1)(COC(=O)c1ccccc1)COC(=O)c1ccccc1)c1ccccc1
365,28616,1.0,O=[N+]([O-])c1cccc2ccccc12
366,21461,1.0,[O-][n+]1ccccc1SSc1cccc[n+]1[O-]
367,1333,1.0,CCOCn1c(-c2ccc(Cl)cc2)c(C#N)c(Br)c1C(F)(F)F
368,11800,1.0,Cl.Cl.OCCN1CCN(CCCN2c3ccccc3C=Cc3ccccc32)CC1
369,319,1.0,CCNC(=O)N1CCN(CCCC(c2ccc(F)cc2)c2ccc(F)cc2)CC1.Cl
370,24549,1.0,CCCCCCCCn1sccc1=O
371,4845,1.0,Cc1cc2nc3ccc(N(C)C)cc3[s+]c2cc1N.[Cl-]
372,5540,1.0,O=[N+]([O-])c1ccc(O)c2ncccc12
373,4458,1.0,O=[N+]([O-])c1cc(C(F)(F)F)c(Cl)c([N+](=O)[O-])c1Nc1ncc(C(F)(F)F)cc1Cl
374,6314,1.0,CC[C@H](C)C(=O)O[C@H]1C[C@@H](C)C=C2C=C[C@H](C)[C@H](CC[C@@H]3C[C@@H](O)CC(=O)O3)[C@H]21
375,3110,1.0,CCC(C)(C)c1ccc(CC(C)CN2C[C@@H](C)O[C@@H](C)C2)cc1
376,6190,1.0,CCC(C)[C@H]1O[C@]2(C=C[C@@H]1C)C[C@@H]1C[C@@H](C/C=C(\C)[C@@H](O[C@H]3C[C@H](OC)[C@@H](O[C@H]4C[C@H](OC)[C@H](NC(C)=O)[C@H](C)O4)[C@H](C)O3)[C@@H](C)/C=C/C=C3\CO[C@@H]4[C@H](O)C(C)=C[C@@H](C(=O)O1)[C@]34O)O2
377,6190,1.0,CC(C)(C)c1cc(O)ccc1O
378,1031,1.0,CCN(CC)C(=S)SSC(=S)N(CC)CC
379,28653,1.0,CCc1ccc2c(c1)N(CC(C)CN(C)C)c1ccccc1S2.Cl
380,26358,1.0,O=C(Nc1ccc(Cl)cc1)Nc1ccc(Cl)c(Cl)c1
381,1464,1.0,CSc1ccc2c(c1)C(N1CCN(C)CC1)Cc1ccccc1S2
382,5599,1.0,COc1ccc(CCN(C)CCCC(C#N)(c2ccc(OC)c(OC)c2)C(C)C)cc1OC
383,1373,1.0,COc1ccc(C(=O)/C(Br)=C\C(=O)O)cc1
384,2801,1.0,COc1ccc(C2NC(=S)N3C(c4ccc(OC)c(OC)c4)NC(=S)N23)cc1OC
385,28505,1.0,O=C(Nc1ccc(Cl)cc1)Nc1ccc(Cl)c(C(F)(F)F)c1
386,2595,1.0,N=C(N)NN=C(C=Cc1ccc([N+](=O)[O-])o1)C=Cc1ccc([N+](=O)[O-])o1
387,4458,1.0,O=C(Nc1ccc(Br)cc1)c1cc(Br)c(Br)s1
388,1409,1.0,CCC(=O)c1ccc2c(c1)N(CCCN1CCN(CCO)CC1)c1ccccc1S2.O=C(O)/C=C\C(=O)O.O=C(O)/C=C\C(=O)O
389,8038,1.0,O=C(Nc1cccc(C(F)(F)F)c1)c1cc(Br)cc(Br)c1O
390,25944,1.0,Cc1ccc2c(Cl)cc(Cl)c(O)c2n1
391,21752,1.0,OCc1cc(C(O)CNCCCCCCOCCCCc2ccccc2)ccc1O
392,11980,1.0,O=C(O)c1ccc2ccccc2c1O.OCc1cc(C(O)CNCCCCCCOCCCCc2ccccc2)ccc1O
393,6314,1.0,CC[C@@]1([C@@H]2O[C@@H]([C@H]3O[C@@](O)(CO)[C@H](C)C[C@@H]3C)C[C@@H]2C)CC[C@H]([C@]2(C)CC[C@]3(C[C@H](O)[C@@H](C)[C@@H]([C@@H](C)[C@@H](OC)[C@H](C)C(=O)[O-])O3)O2)O1.[Na+]
394,4845,1.0,CN1C(=O)CN=C(c2ccccc2)c2cc([N+](=O)[O-])ccc21
395,25173,1.0,C=C1/C(=C\C=C2/CCC[C@]3(C)[C@@H]([C@H](C)/C=C/[C@H](C)C(C)C)CC[C@@H]23)C[C@@H](O)C[C@@H]1O
396,28804,1.0,C=C1CC[C@H](O)C/C1=C/C=C1\CCC[C@]2(C)[C@@H]([C@H](C)CC[C@@H](O)C(C)(C)O)CC[C@@H]12
397,10636,1.0,c1ccc2c(c1)OCC(C1=NCCN1)O2
398,3693,1.0,C=C[C@@]1(C)CC(=O)[C@]2(O)[C@@]3(C)[C@@H](O)CCC(C)(C)[C@@H]3[C@H](O)[C@H](OC(C)=O)[C@@]2(C)O1
399,804,1.0,Cc1c(C)c2c(c(C)c1O)CCC(C)(COc1ccc(CC3SC(=O)NC3=O)cc1)O2
400,27831,1.0,CCCCCc1cc(O)c2c(c1)OC(C)(C)[C@@H]1CCC(C)=C[C@@H]21
401,26807,1.0,CCN(CC)C(=S)SSC(=S)N(CC)CC
402,319,1.0,CC[C@H](OC(C)=O)C(C[C@H](C)NC)(c1ccccc1)c1ccccc1.Cl
403,342,1.0,CN(CCCl)CCCl.Cl
404,20980,1.0,CN(C)CCC=C1c2ccccc2CCc2ccccc21.Cl
405,28571,1.0,CNCCC=C1c2ccccc2CCc2ccccc21.Cl
406,4501,1.0,COc1ccc(-c2nc3cc(C4=NNC(=O)CC4C)ccc3[nH]2)cc1.Cl
407,26235,1.0,CN(C)CCCN1c2ccccc2Sc2ccc(C(F)(F)F)cc21.Cl
408,22248,1.0,CCC1OC(=O)C[C@@H](O)[C@H](C)[C@@H](O[C@@H]2O[C@H](C)C[C@H](N(C)C)[C@H]2O)[C@@H](CC=O)C[C@@H](C)C(=O)/C=C/[C@]2(C)OC2C1C
409,1314,1.0,CN(C)C(=S)SSC(=S)N(C)C
410,25645,1.0,COC(=O)[C@H]1[C@H]2C[C@@H]3c4[nH]c5ccccc5c4CCN3C[C@H]2C[C@@H](OC(=O)c2cc(OC)c(OC)c(OC)c2)[C@@H]1OC
411,26092,1.0,OCCN1CCN(CC/C=C2/c3ccccc3Sc3ccc(C(F)(F)F)cc32)CC1
412,25625,1.0,COc1cc2ncnc(Nc3ccc(F)c(Cl)c3)c2cc1OCCCN1CCOCC1
413,1239,1.0,N#CSCSC#N
414,1577,1.0,O=C(O)C1(c2ccc3c(c2)OC[C@H](Cc2ccc(-c4ccccc4)cc2)[C@H]3O)CCCC1
415,28485,1.0,O=C(O)Cc1sc(-c2ccccc2)nc1-c1ccc(Cl)cc1
416,13163,1.0,Cc1cc(-n2c(=O)[nH]c(=O)n(C)c2=O)ccc1Oc1ccc(S(=O)(=O)C(F)(F)F)cc1
417,13382,1.0,Nc1ncnc2c1ncn2[C@@H]1O[C@H](COP(=O)(O)OP(=O)(O)OP(=O)(O)O)[C@@H](O)[C@H]1O
418,21897,1.0,Cc1ccc(O)c2ncccc12
419,1322,1.0,CCCCCCCCCOC(=O)c1ccc(O)cc1
420,26231,1.0,[Cd+2].[Cl-].[Cl-]
421,26903,1.0,COCCCOc1ccnc(CS(=O)c2nc3ccccc3[n-]2)c1C.[Na+]
422,28924,1.0,CCCCN(CCCC)C(=S)[S-].CCCCN(CCCC)C(=S)[S-].[Zn+2]
423,3369,1.0,O=CC(Br)(Br)Br
424,20484,1.0,C=C1/C(=C\C=C2/CCC[C@]3(C)[C@@H]([C@H](C)/C=C/[C@@H](O)C4CC4)CC[C@@H]23)C[C@@H](O)C[C@@H]1O
425,1322,1.0,CCCCCC(=O)O[C@]1(C(C)=O)CC[C@H]2[C@@H]3CCC4=CC(=O)CC[C@]4(C)[C@H]3CC[C@@]21C
426,5757,1.0,CC(=O)O[C@]1(C(C)=O)CC[C@H]2[C@@H]3C=C(Cl)C4=CC(=O)CC[C@]4(C)[C@H]3CC[C@@]21C
427,1332,1.0,CC(=O)[C@]1(O)Cc2c(O)c3c(c(O)c2[C@@H](O[C@H]2C[C@H](N)[C@H](O)[C@H](C)O2)C1)C(=O)c1c(O)cccc1C3=O
428,5599,1.0,CC(=O)[C@]1(O)Cc2c(O)c3c(c(O)c2[C@@H](O[C@H]2C[C@H](N)[C@H](O)[C@H](C)O2)C1)C(=O)c1c(O)cccc1C3=O
429,226,1.0,CC(=O)O[C@]1(C(C)=O)CC[C@H]2[C@@H]3CCC4=CC(=O)CC[C@]4(C)[C@@]3(F)[C@@H](O)C[C@@]21C
430,1462,1.0,CO[C@H]1/C=C/O[C@@]2(C)Oc3c(C)c(O)c4c(O)c(c(/C=N/N5CCN(C6CCCC6)CC5)c(O)c4c3C2=O)NC(=O)/C(C)=C\C=C\[C@H](C)[C@H](O)[C@@H](C)[C@@H](O)[C@@H](C)[C@H](OC(C)=O)[C@@H]1C
431,1667,1.0,CC(=O)Oc1cc(C)c(OC(C)=O)c2ccccc12
432,2742,1.0,CC(C)(C)CC(=O)OCC(=O)[C@@]12OC(C)(C)O[C@@H]1C[C@H]1[C@@H]3CCC4=CC(=O)C=C[C@]4(C)[C@@]3(F)[C@@H](O)C[C@@]12C
433,2742,1.0,C=C[C@]1(C)C[C@@H](OC(=O)CSC(C)(C)CNC(=O)[C@H](N)C(C)C)[C@]2(C)[C@H](C)CC[C@]3(CCC(=O)[C@H]32)[C@@H](C)[C@@H]1O
434,20625,1.0,C=C(NC(=O)C(=C)NC(=O)c1csc(C2=NC3c4csc(n4)C4NC(=O)c5csc(n5)C(C(C)(O)C(C)O)NC(=O)C5CSC(=N5)/C(=C\C)NC(=O)C(C(C)O)NC(=O)c5csc(n5)C3(CC2)NC(=O)C(C)NC(=O)C(=C)NC(=O)C(C)NC(=O)C(C(C)CC)NC2C=Cc3c(C(C)O)cc(nc3C2O)C(=O)OC4C)n1)C(N)=O
435,27775,1.0,COC(=O)C1=C(C#N)NC(C)=C(C(=O)OC(C)C)C1c1cccc([N+](=O)[O-])c1
436,5138,1.0,CCC(=O)OCC(=O)[C@@]1(OC(=O)CC)[C@@H](C)C[C@H]2[C@@H]3CCC4=CC(=O)C=C[C@]4(C)[C@@]3(Cl)[C@@H](O)C[C@@]21C
437,28668,1.0,CCN(CC)CCC(=O)N1c2ccccc2Sc2ccc(C(F)(F)F)cc21
438,8015,1.0,CCN(CC)CCNc1ccc(CO)c2sc3ccccc3c(=O)c12
439,20672,1.0,CC(=O)[C@]1(O)Cc2c(O)c3c(c(O)c2[C@@H](O[C@H]2C[C@H](N)[C@H](O)[C@H](C)O2)C1)C(=O)c1ccccc1C3=O.Cl
440,2563,1.0,CCCCc1oc2ccccc2c1C(=O)c1cc(I)c(OCCN(CC)CC)c(I)c1.Cl
441,6107,1.0,Cl[V](Cl)(C1C=CC=C1)C1C=CC=C1
442,1462,1.0,CCCCCCCCn1sc(Cl)c(Cl)c1=O
443,24936,1.0,CC1(C)O[C@@H]2C[C@H]3[C@@H]4CCC5=CC(=O)CC[C@]5(C)[C@@]4(F)[C@@H](O)C[C@]3(C)[C@]2(C(=O)CCl)O1
444,28576,1.0,CN(C)c1ccc(N=O)cc1
445,27824,1.0,CN(C)CCCN1c2ccccc2CCc2ccccc21
446,21133,1.0,CN(C)CCOC(c1ccccc1)c1ccccc1
447,25693,1.0,CN(C)CCOC1=Cc2ccccc2Sc2ccc(Cl)cc21
448,24504,1.0,CN1CCN(CCC=C2c3ccccc3Sc3ccc(S(=O)(=O)N(C)C)cc32)CC1
449,7479,1.0,CC(C)[C@@]1(NC(=O)[C@@H]2C[C@@H]3c4cccc5[nH]cc(c45)C[C@H]3N(C)C2)O[C@@]2(O)[C@@H]3CCCN3C(=O)[C@H](Cc3ccccc3)N2C1=O
450,25831,1.0,CN1CCN(C2=Nc3ccccc3Sc3ccc(Cl)cc32)CC1
451,20682,1.0,CNC[C@H](O)[C@@H](O)[C@@H](O)[C@H](O)CO.Cc1c(Nc2ncccc2C(=O)O)cccc1C(F)(F)F
452,1994,1.0,COc1cc([C@@H]2c3cc4c(cc3[C@@H](O)[C@H]3COC(=O)[C@H]23)OCO4)cc(OC)c1O
453,28479,1.0,COC(=O)[C@H]1[C@H]2C[C@@H]3c4[nH]c5cc(OC)ccc5c4CCN3C[C@H]2C[C@@H](OC(=O)c2cc(OC)c(OC)c(OC)c2)[C@@H]1OC
454,1314,1.0,N#Cc1nn(-c2c(Cl)cc(C(F)(F)F)cc2Cl)c(N)c1S(=O)C(F)(F)F
455,22559,1.0,NC1(c2ccc(-c3nc4ccn5c(=O)[nH]nc5c4cc3-c3ccccc3)cc2)CCC1
456,69,1.0,CN[C@H]1CC[C@@H](c2ccc(Cl)c(Cl)c2)c2ccc(S(N)(=O)=O)cc21
457,894,1.0,CCCCC[C@H](O)/C=C/[C@H]1[C@H](O)CC(=O)[C@@H]1C/C=C\CCCC(=O)O
458,2394,1.0,NCc1cccc(C2CCN(C(=O)c3ccc(C#Cc4ccccc4F)o3)CC2)c1
459,28490,1.0,CCCCCCCC/C=C\CCCCCCCC(=O)N(C)CC(=O)O
460,22130,1.0,CCCCNC(=O)OCC#CI
461,2048,1.0,O=C(O)c1ccccc1O.Oc1cccc2cccnc12
462,4081,1.0,C=CC(=O)OCC(C)OCC(C)OCC(C)OC(=O)C=C
463,29067,1.0,COC(=O)Nc1nc2cc(Sc3ccccc3)ccc2[nH]1
464,1118,1.0,CCCSc1ccc2[nH]c(NC(=O)OC)nc2c1
465,12514,1.0,C=CC(=O)OCCOCCOCCOCCOC(=O)C=C
466,5540,1.0,O1[As]2O[As]3O[As]1O[As](O2)O3
467,2883,1.0,O=C(Nc1ccc(Br)cc1)c1cc(Br)cc(Br)c1O
468,26852,1.0,CC(C)(C)CC(C)(C)c1ccc(O)cc1
469,26497,1.0,CC(C)(C)CC(C)(C)c1ccccc1O
470,26307,1.0,Cc1cc(O)c2c3c4c(cc(O)c13)C(C)(C)C(=O)c1c(O)cc(O)c(c1-4)C2=O
471,5138,1.0,O=C([O-])c1c(Cl)c(Cl)c(Cl)c(Cl)c1-c1c2cc(I)c(=O)c(I)c-2oc2c(I)c([O-])c(I)cc12.[Na+].[Na+]
472,4499,1.0,[Na+].[Na+].[O-]c1c(Cl)cc(Cl)cc1Sc1cc(Cl)cc(Cl)c1[O-]
473,294,1.0,COc1cccc2c1cc([N+](=O)[O-])c1c(C(=O)[O-])cc3c(c12)OCO3.[Na+]
474,25410,1.0,CC1(C)C(/C=C\C=C/C=C\C=C2\N(CCCCS(=O)(=O)[O-])c3ccc4ccccc4c3C2(C)C)=[N+](CCCCS(=O)(=O)[O-])c2ccc3ccccc3c21.[Na+]
475,717,1.0,CCCCC(CC)COC(=O)CC(C(=O)OCC(CC)CCCC)S(=O)(=O)[O-].[Na+]
476,813,1.0,CCCCN(CCCC)C(=S)[S-].CCCCN(CCCC)C(=S)[S-].[Zn+2]
477,22622,1.0,Oc1c(Br)c(Br)c(Br)c(Br)c1Br
478,12751,1.0,CCNC(=O)/C=C/c1cccc(Br)c1
479,2417,1.0,C=CC(=O)OCCn1c(=O)n(CCOC(=O)C=C)c(=O)n(CCOC(=O)C=C)c1=O
480,21133,1.0,C=C1C[C@H]2[C@@H]3C=C(C)C4=CC(=O)CC[C@]4(C)[C@H]3CC[C@]2(C)[C@@]1(OC(C)=O)C(C)=O
481,13757,1.0,CC(=O)O[C@]1(C(C)=O)CC[C@H]2[C@@H]3C=C(C)C4=CC(=O)CC[C@]4(C)[C@H]3CC[C@@]21C
482,26254,1.0,CC(=O)[C@H]1CC[C@H]2[C@@H]3CCC4=CC(=O)CC[C@]4(C)[C@H]3CC[C@]12C
483,6262,1.0,CC(=O)Oc1ccc(C2(c3ccc(OC(C)=O)cc3)C(=O)Nc3ccccc32)cc1
484,423,1.0,CCOc1cc(C(C)(C)C)ccc1C1COC(c2c(F)cccc2F)=N1
485,69,1.0,Cc1nc(-c2ccc(OCC(C)C)c(C#N)c2)sc1C(=O)O
486,276,1.0,CC(C)Nc1ccc(Nc2ccccc2)cc1
487,2692,1.0,Cc1c(Cl)cccc1Nc1ccccc1C(=O)O
488,3434,1.0,CCOC(=O)O[C@]1(C(=O)COC(=O)CC)CC[C@H]2[C@@H]3CCC4=CC(=O)C=C[C@]4(C)[C@H]3[C@@H](O)C[C@@]21C
489,24514,1.0,CCCC[Sn](CCCC)(CCCC)CCCC
490,2399,1.0,CCc1cc(Cl)c(OC)c(C(=O)NC[C@@H]2CCCN2CC)c1O.Cl
491,2577,1.0,Cl.OCCOCCN1CCN(C(c2ccccc2)c2ccc(Cl)cc2)CC1
492,423,1.0,CN(C)CCC=C1c2ccccc2CCc2ccccc21.Cl
493,535,1.0,COc1cccc(-c2ccc(/C=C\CN3CCCCCC3)cc2Cl)c1.Cl
494,2394,1.0,Cc1ncc2n1-c1ccc(Cl)cc1C(c1ccccc1F)=NC2.Cl
495,24658,1.0,Cl.O.c1cnc2c(c1)ccc1cccnc12
496,7950,1.0,C=C(CC)C(=O)c1ccc(OCC(=O)O)c(Cl)c1Cl
497,433,1.0,Clc1ccc(C(c2ccc(Cl)cc2)C(Cl)(Cl)Cl)cc1
498,27318,1.0,C=C1C(C)(C)[C@@]2(Cl)C(Cl)[C@]1(Cl)C(Cl)(Cl)C2(Cl)Cl
499,6097,1.0,O=C(Nc1ccc(Oc2ccc(Cl)cc2)c(Cl)c1)c1cc(I)cc(I)c1O
500,28712,1.0,O=C(Nc1ccc(Cl)c(Cl)c1)c1cc(Cl)cc(Cl)c1O
501,29079,1.0,CCC(=O)O[C@]1(C(=O)CCl)[C@@H](C)C[C@H]2[C@@H]3C[C@H](F)C4=CC(=O)C=C[C@]4(C)[C@@]3(F)[C@@H](O)C[C@@]21C
502,11980,1.0,CN1CCCC(CN2c3ccccc3Sc3ccccc32)C1
503,409,1.0,CN1CCN(C2=Nc3cc(Cl)ccc3Nc3ccccc32)CC1
504,12600,1.0,CC[C@H](C)[C@H]1O[C@]2(C=C[C@@H]1C)C[C@@H]1C[C@@H](C/C=C(\C)[C@@H](O[C@H]3C[C@H](OC)[C@@H](O[C@H]4C[C@H](OC)[C@@H](O)[C@H](C)O4)[C@H](C)O3)[C@@H](C)/C=C/C=C3\CO[C@@H]4[C@H](O)C(C)=C[C@@H](C(=O)O1)[C@]34O)O2
505,57,1.0,COc1ccc(-c2cc(=S)ss2)cc1
506,28492,1.0,CS(=O)(=O)O.N[C@@H]1[C@H]2CN(c3nc4c(cc3F)c(=O)c(C(=O)O)cn4-c3ccc(F)cc3F)C[C@@H]12
507,9572,1.0,Cc1nc2sccn2c(=O)c1CCN1CCC(=C(c2ccc(F)cc2)c2ccc(F)cc2)CC1
508,5091,1.0,CC(C)(O)c1cnn2c(-c3ccc(F)c(-c4c(F)cccc4C#N)c3)cnc2n1
509,13390,1.0,CC(O)C(=O)O.CCOc1ccc2nc3cc(N)ccc3c(N)c2c1.O
510,12647,1.0,CCCCC[C@H](O)/C=C/[C@H]1[C@H](O)CC(=O)[C@@H]1CCCCCCC(=O)O
511,22390,1.0,O=C(CCCCCCC(=O)Nc1ccccc1)NO
512,28621,1.0,CC(C)(C)NCC(O)COc1ccc(NC(=O)NC2CCCCC2)cc1
513,5401,1.0,O=C(O)CC(O)(CC(=O)O)C(=O)O.Oc1cccc2cccnc12
514,26114,1.0,Cc1cccc(C)c1Nc1ncccc1C(=O)O
515,2308,1.0,CCOC(=O)c1cc(-c2ccccc2)nc2ccc(C)cc12
516,20712,1.0,O=C1c2ccccc2C(=O)N1SC1CCCCC1
517,20679,1.0,CCCCC(O)(Cn1cncn1)c1ccc(Cl)cc1Cl
518,3201,1.0,Oc1ccc(C(c2ccc(O)cc2)(C(F)(F)F)C(F)(F)F)cc1
519,27347,1.0,CN(C)c1ccc(C(=C2C=CC(=[N+](C)C)C=C2)c2ccc(N(C)C)cc2)cc1.[Cl-]
520,26223,1.0,CN(C)c1ccc2nc3ccc(N(C)C)cc3[s+]c2c1.[Cl-]
521,7585,1.0,O=S(=O)([O-])c1ccc(Nc2nc(Nc3ccc(/C=C/c4ccc(Nc5nc(Nc6ccc(S(=O)(=O)[O-])cc6)nc(N(CCO)CCO)n5)cc4S(=O)(=O)[O-])c(S(=O)(=O)[O-])c3)nc(N(CCO)CCO)n2)cc1.[Na+].[Na+].[Na+].[Na+]
522,20484,1.0,O=C1C(I)=CC(=C(c2cc(I)c([O-])c(I)c2)c2ccccc2C(=O)[O-])C=C1I.[Na+].[Na+]
523,20679,1.0,CC(C)n1c(/C=C/[C@@H](O)C[C@@H](O)CC(=O)[O-])c(-c2ccc(F)cc2)c2ccccc21.[Na+]
524,26220,1.0,CN(C)C(=S)[S-].[Na+]
525,26279,1.0,CCCCC(CC)COC(=O)CC(C(=O)OCC(CC)CCCC)S(=O)(=O)[O-].[Na+]
526,26776,1.0,O=[N+]([O-])c1cc(C2CCCCC2)c(O)c([N+](=O)[O-])c1
527,6107,1.0,O=[N+]([O-])O[Cd]O[N+](=O)[O-]
528,7585,1.0,Br.NC(=O)C(c1ccccc1)(c1ccccc1)[C@@H]1CCN(CCc2ccc3c(c2)CCO3)C1
529,25472,1.0,C/C=C/C[C@@H](C)[C@@H](O)[C@H]1C(=O)N[C@@H](CC)C(=O)N(C)CC(=O)N(C)[C@@H](CC(C)C)C(=O)N[C@@H](C(C)C)C(=O)N(C)[C@@H](CC(C)C)C(=O)N[C@@H](C)C(=O)N[C@H](C)C(=O)N(C)[C@@H](CC(C)C)C(=O)N(C)[C@@H](CC(C)C)C(=O)N(C)[C@@H](C(C)C)C(=O)N1C
530,3201,1.0,CC1=C(/C=C/C(C)=C/C=C/C(C)=C\C=O)C(C)(C)CCC1
531,406,1.0,Cc1ccc(O)c(-n2nc3ccccc3n2)c1
532,26580,1.0,Cc1cc(C(C)(C)c2cc(C)c(O)c(C)c2)cc(C)c1O
533,25192,1.0,CC1=C[C@H](O)CC(C)(C)[C@H]1/C=C/C(C)=C/C=C/C(C)=C/C=C/C=C(C)/C=C/C=C(C)/C=C/C1=C(C)C[C@@H](O)CC1(C)C
534,1337,1.0,CCCNCC(O)COc1ccccc1C(=O)CCc1ccccc1
535,22244,1.0,CCOc1ccc([N+](=O)[O-])cc1
536,6262,1.0,CCc1c2c(nc3ccc(OC(=O)N4CCC(N5CCCCC5)CC4)cc13)-c1cc3c(c(=O)n1C2)COC(=O)[C@]3(O)CC.Cl
537,26479,1.0,Cc1[nH]cnc1C[C@H]1CCc2c(C)c3ccccc3n2C1=O.Cl
538,1084,1.0,CC(CN1c2ccccc2Sc2cccnc21)N(C)C.Cl
539,5401,1.0,CN(C)CCCN1c2ccccc2CCc2ccc(Cl)cc21.Cl
540,3094,1.0,CN1CCCN(C(c2ccccc2)c2ccc(Cl)cc2)CC1
541,1131,1.0,O=C1CN=C(c2ccccc2)c2cc(Cl)ccc2N1CC1CC1
542,27325,1.0,CCCCOCN(C(=O)CCl)c1c(CC)cccc1CC
543,432,1.0,C=C[C@H]1CN2CCC1C[C@@H]2[C@@H](O)c1ccnc2ccc(OC)cc12
544,24454,1.0,CCCCCCCCCCn1cc[n+](C)c1.O=S(=O)([N-]S(=O)(=O)C(F)(F)F)C(F)(F)F
545,20672,1.0,O=S1(=O)c2cccc3cccc(c23)N1CCCN1CCN(c2ccc(F)cc2)CC1
546,25140,1.0,CCOC(=O)c1ccc(N)cc1
547,5581,1.0,Cc1cc(=O)oc2cc(O)ccc12.O
548,2308,1.0,O=C(O)CCC(=O)c1ccc(-c2ccccc2)cc1
549,2310,1.0,O=C(CS)Nc1ccccc1
550,5093,1.0,O=C(Nc1ccccc1SSc1ccccc1NC(=O)c1ccccc1)c1ccccc1
551,2288,1.0,CC1(C)[C@@H](O)CC[C@]2(C)[C@H]3C(=O)C=C4[C@@H]5C[C@@](C)(C(=O)O)CC[C@]5(C)CC[C@@]4(C)[C@]3(C)CC[C@@H]12
552,24615,1.0,CC(C(=O)O)c1ccc(N2Cc3ccccc3C2=O)cc1
553,2391,1.0,COC(=O)Nc1nc2cc(C(=O)c3ccccc3)ccc2[nH]1
554,2308,1.0,CC1CCC(C(C)C)C(OC(=O)c2ccccc2N)C1
555,11980,1.0,CC1=C(C)C(=O)C(CCCCC#CCCCC#CCO)=C(C)C1=O
556,9534,1.0,CC1=CC(=O)c2ccccc2C1=O
557,894,1.0,O=C1C(=O)c2ncccc2-c2cccnc21
558,1805,1.0,CC(C)Oc1cc(-n2nc(C(C)(C)C)oc2=O)c(Cl)cc1Cl
559,7479,1.0,CCCN(CCC)c1c([N+](=O)[O-])cc(S(N)(=O)=O)cc1[N+](=O)[O-]
560,7479,1.0,Oc1c(I)cc(Cl)c2cccnc12
561,10636,1.0,Cc1ccc(C(=O)c2cc(O)c(O)c([N+](=O)[O-])c2)cc1
562,764,1.0,CCCCCCc1ccc(O)cc1O
563,3030,1.0,CC(C)CC(C)(c1ccc(O)cc1)c1ccc(O)cc1
564,5342,1.0,Cc1cc(=O)oc2cc(O)ccc12
565,399,1.0,Nc1ccc(C(=O)Oc2ccccc2)c(O)c1
566,2048,1.0,O=C(Nc1ccccc1)c1cc(Cl)ccc1O
567,4081,1.0,COc1ccc2sc(C(=O)Nc3nnn[n-]3)c(OC(C)C)c2c1.[Na+]
568,2417,1.0,Cc1[nH]nc2c1N=C(c1ccccc1Cl)c1cc([N+](=O)[O-])ccc1N2
569,263,1.0,C/C=C/C[C@@H](C)[C@@H](O)[C@H]1C(=O)N[C@@H](CC)C(=O)N(C)CC(=O)N(C)[C@@H](CC(C)C)C(=O)N[C@@H](C(C)C)C(=O)N(C)[C@@H](CC(C)C)C(=O)N[C@@H](C)C(=O)N[C@H](C)C(=O)N(C)[C@@H](CC(C)C)C(=O)N(C)[C@@H](CC(C)C)C(=O)N(C)[C@@H](C(C)C)C(=O)N1C
570,18876,1.0,c1ccc2c(c1)Sc1ccccc1N2CCN1CCCC1
571,24779,1.0,CCc1cc(C(C)(C)C)c(O)c(C(C)(C)C)c1
572,368,1.0,CC(C)(C)CC(C)(C)c1ccc(OCCO)cc1
573,26178,1.0,Cc1ccc2nc(N)[nH]c(=O)c2c1Sc1ccncc1.Cl.Cl
574,4488,1.0,CN(C)CCC=C1c2ccccc2C(C)(C)c2ccccc21.Cl
575,28952,1.0,COc1ccc(Cc2nccc3cc(OC)c(OC)cc23)cc1OC.Cl
576,25117,1.0,Nc1cc(Cl)c(-c2cc(Cl)c(N)cc2Cl)cc1Cl
577,634,1.0,Clc1ccc(Nc2nnc(Cc3ccncc3)c3ccccc23)cc1
578,1372,1.0,CN1C(=O)C(O)N=C(c2ccccc2)c2cc(Cl)ccc21
579,674,1.0,ClC1=C(Cl)C2(Cl)C(CBr)CC1(Cl)C2(Cl)Cl
580,26444,1.0,O=C(Nc1ccccc1)Nc1ccnc(Cl)c1
581,26255,1.0,CN(C)C(=S)SC(=S)N(C)C
582,4209,1.0,CN1CCC(=C2c3ccccc3CCc3sccc32)CC1
583,283,1.0,CSc1ccc(/C=C2/C(C)=C(CC(=O)O)c3cc(F)ccc32)cc1
584,2563,1.0,COc1cc(-c2ccc(=O)[nH]n2)ccc1OC(F)F
585,28571,1.0,O=C1C(I)=CC(=C(c2cc(I)c(O)c(I)c2)c2ccccc2C(=O)O)C=C1I
586,21206,1.0,OC[C@H]1OC(S[Au])[C@H](O)[C@@H](O)[C@@H]1O
587,4845,1.0,COc1ccc(C(=O)c2ccccc2)c(O)c1
588,22154,1.0,CC(C)OC(=O)C(C)(C)Oc1ccc(C(=O)c2ccc(Cl)cc2)cc1
589,5149,1.0,O=C(O)Cn1c(C(=O)Nc2nc(-c3ccccc3Cl)cs2)cc2ccccc21
590,4460,1.0,O=C(Nc1ccccc1SSc1ccccc1NC(=O)c1ccccc1)c1ccccc1
591,6262,1.0,O=C(O)/C=C/C(=O)O.c1ccc(C(O[C@H]2CCCN(CCc3ccc4c(c3)OCO4)C2)c2ccccc2)cc1
592,27863,1.0,N[C@@H](Cc1cc(I)c(Oc2ccc(O)c(I)c2)c(I)c1)C(=O)O
593,24514,1.0,COc1cc(O)cc(O)c1
594,1152,1.0,CCCCCCCOC(=O)c1ccc(O)cc1
595,2391,1.0,O=C1OC(c2ccc(O)cc2)(c2ccc(O)cc2)c2ccccc21
596,28170,1.0,O=S(=O)(O)c1ccc(O)cc1
597,2160,1.0,C#C[C@]1(O)CC[C@H]2[C@@H]3CCc4cc(O)ccc4[C@H]3CC[C@@]21C
598,68,1.0,C[C@]12CC[C@H]3C(=CCc4cc(O)ccc43)[C@@H]1CCC2=O
599,4559,1.0,CCCCCCCCCCCC[N+](C)(C)C.[Cl-]
600,1118,1.0,CC(C)(c1cc(Br)c(O)c(Br)c1)c1cc(Br)c(O)c(Br)c1
601,1118,1.0,O=c1oc2ccccc2c(O)c1C(CC(O)c1ccc(-c2ccc(Br)cc2)cc1)c1ccccc1
602,838,1.0,O=C1OC2(c3cc(Br)c(O)c(Br)c3Oc3c2cc(Br)c(O)c3Br)c2c(Cl)c(Cl)c(Cl)c(Cl)c21
603,20751,1.0,C=C(C)[C@H]1Cc2c(ccc3c2O[C@@H]2COc4cc(OC)c(OC)cc4[C@@H]2C3=O)O1
604,674,1.0,CC(=O)N1CCN(c2ccc(OC[C@H]3CO[C@](Cn4ccnc4)(c4ccc(Cl)cc4Cl)O3)cc2)CC1
605,10423,1.0,COC(=O)N[C@H](C(=O)N[C@@H](Cc1ccccc1)[C@@H](O)CN(Cc1ccc(-c2ccccn2)cc1)NC(=O)[C@@H](NC(=O)OC)C(C)(C)C)C(C)(C)C
606,717,1.0,CCOC(=O)C1=C(C)NC(C)=C(C(=O)OC)C1c1cccc([N+](=O)[O-])c1
607,3902,1.0,CCC1=C(C)CN(C(=O)NCCc2ccc(S(=O)(=O)NC(=O)N[C@H]3CC[C@H](C)CC3)cc2)C1=O
608,1138,1.0,Cc1cn([C@H]2C[C@H](O)[C@@H](CO)O2)c(=O)[nH]c1=O
609,5861,1.0,Cc1cc(O)c(Cl)c(C)c1Cl
610,4906,1.0,Cc1ccc(N(CC2=NCCN2)c2cccc(O)c2)cc1
611,209,1.0,Cc1cc(N=Nc2ccccc2C)ccc1N
612,4481,1.0,CCOc1cc(OCC)c(C(=O)CCC(=O)O)cc1OCC
613,9203,1.0,CCc1cc(Cl)c(OC)c(C(=O)NC[C@@H]2CCCN2CC)c1O.Cl
614,406,1.0,CC[C@@]1(O)C(=O)OCc2c1cc1n(c2=O)Cc2cc3c(CN(C)C)c(O)ccc3nc2-1.Cl
615,28778,1.0,COc1cc2c(cc1OC)C(C(C(=O)N(CCc1ccc(OC)c(OC)c1OC)CCc1ccc(OC)c(OC)c1OC)c1ccccc1)=NCC2.Cl
616,5279,1.0,CC[C@@H](O)C(C[C@@H](C)N(C)C)(c1ccccc1)c1ccccc1.Cl
617,674,1.0,COc1cc(N)c(Cl)cc1C(=O)NC1CCN(CCCOc2ccc(F)cc2)CC1OC
618,409,1.0,CN(C)c1ccc(C(=O)c2ccc(N(C)C)cc2)cc1
619,4930,1.0,COc1ccc(-c2coc3cc(O)cc(O)c3c2=O)cc1
620,21995,1.0,C[C@]12CC[C@@H]3c4ccc(O)cc4C[C@@H](CCCCCCCCCS(=O)CCCC(F)(F)C(F)(F)F)[C@H]3[C@@H]1CC[C@@H]2O
621,137,1.0,C[C@]12CC[C@H]3[C@@H](CC[C@@]45O[C@@H]4C(O)=C(C#N)C[C@]35C)[C@@H]1CC[C@@H]2O
622,4059,1.0,CCCCN(CCCC)c1ccc(C(=O)c2ccccc2C(=O)O)c(O)c1
623,4940,1.0,O=C(Nc1ccc(Cl)c(Cl)c1)C1CC1
624,1031,1.0,COc1ccc(-c2noc(CC(=O)O)c2-c2ccc(OC)cc2)cc1
625,4209,1.0,CO/C=C(/C(=O)OC)c1ccccc1COc1cccc(C(F)(F)F)n1
626,283,1.0,CO/N=C(/C(=O)OC)c1ccccc1COc1ccccc1C
627,5045,1.0,CCOC(=O)C1=C[C@]2(CC)CCCN3CCc4c(n1c1ccccc41)[C@@H]32
628,2526,1.0,CN(c1nccc(=O)[nH]1)C1CCN(c2nc3ccccc3n2Cc2ccc(F)cc2)CC1
629,27695,1.0,CC1(C)[C@H](C(=O)O)N2C(=O)C[C@H]2S1(=O)=O
630,9120,1.0,O=C(O)c1cc(-c2ccc(F)cc2F)ccc1O
631,24691,1.0,CCN(CC)C(=O)/C(C#N)=C/c1cc(O)c(O)c([N+](=O)[O-])c1
632,4478,1.0,CCCCCCc1ccc(O)cc1O
633,24994,1.0,CC[n+]1ccccc1.[Br-]
634,2311,1.0,C[N+]1(C)[C@@H]2CC(OC(=O)C(O)(c3cccs3)c3cccs3)C[C@H]1[C@@H]1O[C@@H]12.[Br-]
635,4554,1.0,O=C([O-])[C@H]1/C(=C/CO)O[C@@H]2CC(=O)N21.[Li+]
636,5861,1.0,Cc1cc(CC(=O)[O-])n(C)c1C(=O)c1ccc(Cl)cc1.[Na+]
637,4930,1.0,O=C([N-]S(=O)(=O)/C=C/c1ccccc1)c1ccc(F)cc1Cl.[Na+]
638,838,1.0,BrC1CCC(Br)C(Br)CCC(Br)C(Br)CCC1Br
639,491,1.0,c1ccc([Hg]c2ccccc2)cc1
640,17570,1.0,CCCOc1cc(N)ccc1C(=O)OCCN(CC)CC.Cl
641,826,1.0,Cl.Cl.NCCNc1cccc2ccccc12
642,27264,1.0,Cl.O=C(COc1ccc(Cl)cc1)N1CCN(Cc2ccc3c(c2)OCO3)CC1
643,27605,1.0,Cl.N[C@@H](Cc1cnc[nH]1)C(=O)O
644,5355,1.0,CCCC(=O)N1CCCN(c2nc(N)c3cc(OC)c(OC)cc3n2)CC1.Cl
645,18,1.0,O=C1c2ccccc2C(=O)C1c1ccc(Cl)cc1
646,4234,1.0,COC(=O)c1cc(Oc2ccc(Cl)cc2Cl)ccc1[N+](=O)[O-]
647,1337,1.0,Cn1cc(C2=C(c3cn(C4CCN(Cc5ccccn5)CC4)c4ccccc34)C(=O)NC2=O)c2ccccc21
648,3951,1.0,COc1ccc(C(=O)Nc2nc3ccccc3c(NCc3ccccc3)c2C#N)cc1
649,29283,1.0,N#Cc1nn(-c2c(Cl)cc(C(F)(F)F)cc2Cl)c(N)c1S(=O)C(F)(F)F
650,17745,1.0,CC(C)c1c(C(=O)Nc2ccccc2)c(-c2ccccc2)c(-c2ccc(F)cc2)n1CC[C@@H](O)C[C@@H](O)CC(=O)O
651,7888,1.0,C#CCC1=C(C)[C@H](OC(=O)[C@H]2[C@H](C=C(C)C)C2(C)C)CC1=O
652,857,1.0,C=CCC1=C(C)C(OC(=O)C2C(C=C(C)C)C2(C)C)CC1=O
653,4234,1.0,CC(C)Oc1cc(-n2nc(C(C)(C)C)oc2=O)c(Cl)cc1Cl
654,634,1.0,CCCCC1C(=O)N(c2ccccc2)N(c2ccccc2)C1=O
655,634,1.0,CC(C)c1c(C(=O)Nc2ccccc2)c(-c2ccccc2)c(-c2ccc(F)cc2)n1CC[C@@H](O)C[C@@H](O)CC(=O)[O-].CC(C)c1c(C(=O)Nc2ccccc2)c(-c2ccccc2)c(-c2ccc(F)cc2)n1CC[C@@H](O)C[C@@H](O)CC(=O)[O-].[Ca+2]
656,263,1.0,Brc1c2ccccc2cc2ccccc12
657,24527,1.0,O=C1OC2(c3cc(Br)c(O)c(Br)c3Oc3c2cc(Br)c(O)c3Br)c2c(Cl)c(Cl)c(Cl)c(Cl)c21
658,511,1.0,CCCCCC[C@@H](O)C/C=C\CCCCCCCC(=O)O
659,1084,1.0,CCN(CC)c1c([N+](=O)[O-])cc(C(F)(F)F)c(N)c1[N+](=O)[O-]
660,21439,1.0,Oc1c(Cl)c(Cl)c(Cl)c(Cl)c1Cl
661,57,1.0,CCCCCCCCCCCCCCC(Br)C(=O)O
662,3902,1.0,CCCCCCCCOc1ccc(C(=O)O)cc1
663,68,1.0,O=C(O)Cc1cc(I)c(Oc2ccc(O)c(I)c2)c(I)c1
664,4875,1.0,O=c1cc(-c2ccccc2)oc2ccccc12
665,29366,1.0,CCC[C@@H]1O[C@@H]2C[C@H]3[C@@H]4CCC5=CC(=O)C=C[C@]5(C)[C@H]4[C@@H](O)C[C@]3(C)[C@]2(C(=O)CO)O1
666,3881,1.0,CCCCC(CC)COC(=O)CC(C(=O)OCC(CC)CCCC)S(=O)(=O)[O-].[Na+]
667,3881,1.0,CC(C)=CC1C(C(=O)OCN2C(=O)C3=C(CCCC3)C2=O)C1(C)C
668,1337,1.0,CC(C)Cc1ccc(C(C)C(=O)O)cc1
669,18801,1.0,CC(C)(C)c1ccc(CSc2cnn(C(C)(C)C)c(=O)c2Cl)cc1
670,28754,1.0,CC(C)c1cccc(C(C)C)c1N1C(=O)c2ccc(O)cc2C1=O
671,21247,1.0,ClC1=C(Cl)[C@]2(Cl)[C@@H]3[C@H]4C=CC(C4)[C@@H]3C1(Cl)C2(Cl)Cl
672,293,1.0,CNc1ccc([N+](=O)[O-])cc1
673,27590,1.0,C[C@@H]1[C@H](O)[C@@H](C)/C=C/C=C/C=C/C=C/C=C/C=C/C=C/[C@H](O[C@@H]2O[C@H](C)[C@@H](O)[C@H](N)[C@@H]2O)C[C@@H]2O[C@](O)(C[C@@H](O)C[C@@H](O)[C@H](O)CC[C@@H](O)C[C@@H](O)CC(=O)O[C@H]1C)C[C@H](O)[C@H]2C(=O)O
674,24503,1.0,CC(Oc1ccc(Oc2ncc(C(F)(F)F)cc2Cl)cc1)C(=O)O
675,2179,1.0,O=C(O)C1C2CCC(O2)C1C(=O)O
