,DSSTox_CID,SR-HSE,SMILES
0,1293,0.0,C[n+]1c2cc(N)ccc2cc2ccc(N)cc21.Nc1ccc2cc3ccc(N)cc3nc2c1.[Cl-]
1,25900,0.0,O=C([O-])c1ccccc1-c1c2cc(Br)c(=O)c(Br)c-2oc2c(Br)c([O-])c(Br)cc12.[Na+].[Na+]
2,7833,0.0,CO[C@@H]1[C@@H](OC)[C@H](C)[C@@](O)(CC(=O)[O-])O[C@H]1[C@H](C)[C@H]1O[C@@]2(CC[C@@](C)([C@H]3CC[C@@](C)([C@@H]4O[C@@H]([C@H]5O[C@](C)(O)[C@H](C)C[C@@H]5C)C[C@@H]4OC4C[C@H](OC)[C@@H](OC)[C@H](C)O4)O3)O2)C[C@H](O)[C@H]1C.[NH4+]
3,17508,0.0,CN(C)c1ccc(C(=C2C=CC(=[N+](C)C)C=C2)c2ccccc2)cc1.CN(C)c1ccc(C(=C2C=CC(=[N+](C)C)C=C2)c2ccccc2)cc1.O=C(O)C(=O)O.O=C([O-])C(=O)O.O=C([O-])C(=O)O
4,29806,0.0,CCCCCCCCNC(C)C(O)c1ccc(SC(C)C)cc1
5,21601,0.0,Cc1ccc([N+](=O)[O-])c2c1O[Hg]2
6,4504,0.0,CCN(CC)C(=S)SSC(=S)N(CC)CC
7,12543,0.0,Cl.O[C@@H](CNC[C@H](O)[C@H]1CCc2cc(F)ccc2O1)[C@@H]1CCc2cc(F)ccc2O1
8,27550,0.0,C[C@@H]1O[C@@H](O[C@H]2C[C@@H](O)[C@]3(CO)[C@H]4[C@H](O)C[C@]5(C)[C@@H](C6=CC(=O)OC6)CC[C@]5(O)[C@@H]4CC[C@]3(O)C2)[C@H](O)[C@H](O)[C@H]1O
9,6355,0.0,CN(C)c1ccc(C(=C2C=CC(=[N+](C)C)C=C2)c2ccc(N(C)C)cc2)cc1.[Cl-]
10,31626,0.0,Clc1ccc(CO/N=C(\Cn2ccnc2)c2ccc(Cl)cc2Cl)c(Cl)c1.O=[N+]([O-])O
11,9857,0.0,C#C[C@]1(O)CC[C@H]2[C@@H]3CCC4=Cc5oncc5C[C@]4(C)[C@H]3CC[C@@]21C
12,24590,0.0,C[n+]1cc2c3c(ccc2c2ccc4cc5c(cc4c21)OCO5)OCO3
13,3174,0.0,Cc1cc(C2CCCCC2)n(O)c(=O)c1.NCCO
14,362,0.0,COC(=O)C1=C(C)NC(C)=C(C(=O)OCCN(C)Cc2ccccc2)C1c1cccc([N+](=O)[O-])c1
15,14607,0.0,COC(=O)C1=C(C)NC(C)=C(C(=O)OCCN2CCN(C(c3ccccc3)c3ccccc3)CC2)C1c1cccc([N+](=O)[O-])c1.Cl.Cl
16,28810,0.0,CN1CCCC(CC2c3ccccc3Sc3ccccc32)C1.Cl
17,2114,0.0,Cl.O[C@@H](c1cc(C(F)(F)F)nc2c(C(F)(F)F)cccc12)[C@H]1CCCCN1
18,20420,0.0,Cl.O=C(c1ccc(OCCN2CCCCC2)cc1)c1c(-c2ccc(O)cc2)sc2cc(O)ccc12
19,4925,0.0,CN(C)C(=S)SC(=S)N(C)C
20,26644,0.0,CN(C)C(=S)SSC(=S)N(C)C
21,3843,0.0,CN(C)CCCN1c2ccccc2Sc2ccc(Cl)cc21
22,7040,0.0,CN(C)[C@@H]1C(O)=C(C(N)=O)C(=O)[C@@]2(O)C(O)=C3C(=O)c4c(O)cccc4C[C@H]3C[C@@H]12
23,5742,0.0,CC(O)C(=O)O.CCOc1ccc2nc3cc(N)ccc3c(N)c2c1.O
24,25327,0.0,CCCCCCOC(=O)/N=C(/N)c1ccc(NCc2nc3cc(C(=O)N(CCC(=O)OCC)c4ccccn4)ccc3n2C)cc1
25,22203,0.0,C[C@H]1O[C@@H](O[C@H]2CC[C@@]3(C)[C@H](CC[C@@H]4[C@@H]3C[C@@H](O)[C@]3(C)[C@@H](C5=CC(=O)OC5)CC[C@]43O)C2)C[C@H](O)[C@@H]1O[C@H]1C[C@H](O)[C@H](O[C@H]2C[C@H](O)[C@H](O[C@@H]3O[C@H](CO)[C@@H](O)[C@H](O)[C@H]3O)[C@@H](C)O2)[C@@H](C)O1
26,9163,0.0,C[C@H]1O[C@@H](O[C@H]2[C@@H](O)C[C@H](O[C@H]3[C@@H](O)C[C@H](O[C@H]4CC[C@@]5(C)[C@H](CC[C@@H]6[C@@H]5CC[C@]5(C)[C@@H](C7=CC(=O)OC7)CC[C@]65O)C4)O[C@@H]3C)O[C@@H]2C)C[C@H](O)[C@@H]1O
27,2661,0.0,C[C@@H]1O[C@@H](O[C@@H]2C=C3CC[C@@H]4[C@H](CC[C@]5(C)[C@@H](c6ccc(=O)oc6)CC[C@]45O)[C@@]3(C)CC2)[C@H](O)[C@H](O)[C@H]1O
28,886,0.0,O=C(Nc1ccc(Br)cc1)c1cc(Br)cc(Br)c1O
29,18798,0.0,Cc1cc(O)c2c3c4c(cc(O)c13)C(C)(C)C(=O)c1c(O)cc(O)c(c1-4)C2=O
30,13558,0.0,Clc1ccc(CSC(Cn2ccnc2)c2ccc(Cl)cc2Cl)cc1.O=[N+]([O-])O
31,11127,0.0,CC[C@@]1(O)C(=O)OCc2c1cc1n(c2=O)Cc2c-1nc1ccccc1c2/C=N/OC(C)(C)C
32,27120,0.0,COCC(=O)O[C@]1(CCN(C)CCCc2nc3ccccc3[nH]2)CCc2cc(F)ccc2[C@@H]1C(C)C.Cl.Cl
33,29148,0.0,CCCCCCCCCCOCC(O)CN.Cl
34,16668,0.0,Clc1ccc(C(Cn2ccnc2)OCc2ccsc2Cl)c(Cl)c1
35,27910,0.0,CN1CCC[C@@H]1CCO[C@](C)(c1ccccc1)c1ccc(Cl)cc1.O=C(O)/C=C/C(=O)O
36,1800,0.0,CSc1ccc2c(c1)N(CCC1CCCCN1C)c1ccccc1S2
37,24276,0.0,COc1ccc2cc1Oc1ccc(cc1)C[C@H]1c3c(cc4c(c3Oc3cc5c(cc3OC)CCN(C)[C@@H]5C2)OCO4)CCN1C
38,5333,0.0,OCCN1CCN(CC/C=C2/c3ccccc3Sc3ccc(C(F)(F)F)cc32)CC1
39,7342,0.0,O=C1NCCN1CCN1CCC(c2cn(-c3ccc(F)cc3)c3ccc(Cl)cc23)CC1
40,4150,0.0,NC(=O)n1c(O)c(C(=O)c2cccs2)c2cc(Cl)ccc21
41,24879,0.0,CCN(CC)CCNC(=O)C1C(C)=NC(/C=C2\C(=O)Nc3ccc(F)cc32)=C1C.O=C(O)CC(O)C(=O)O
42,21423,0.0,Nc1ccc2cc3ccc(N)cc3nc2c1.Nc1ccc2cc3ccc(N)cc3nc2c1.O=S(=O)(O)O
43,11865,0.0,Cc1cc(O)c2ccccc2c1O
44,19,0.0,Cc1ccc(C(=O)c2cc(O)c(O)c([N+](=O)[O-])c2)cc1
45,15618,0.0,CCCCCCCCCCCCCCCC[N+](C)(C)C.[Br-]
46,14094,0.0,CCCCCCCCCCCCCC[N+](C)(C)Cc1ccccc1.O.O.[Cl-]
47,26303,0.0,Clc1ccc(CCC(Cn2ccnc2)Sc2c(Cl)cccc2Cl)cc1.O=[N+]([O-])O
48,3511,0.0,C#C[C@]1(O)CC[C@H]2[C@@H]3CCc4cc(OC5CCCC5)ccc4[C@H]3CC[C@@]21C
49,590,0.0,CC(C)=CCC/C(C)=C/CC/C(C)=C/C(=O)OCC(=O)[C@@]1(O)CC[C@H]2[C@@H]3CCC4=CC(=O)C=C[C@]4(C)[C@H]3[C@@H](O)C[C@@]21C
50,6685,0.0,c1ccc(-c2ccc(C(c3ccccc3)n3ccnc3)cc2)cc1
51,20730,0.0,CCCCN(CCCC)CC(O)c1cc(Cl)cc2c1-c1ccc(Cl)cc1/C2=C/c1ccc(Cl)cc1
52,23752,0.0,CCN(CC)CCNc1ccc(CO)c2sc3ccccc3c(=O)c12
53,1610,0.0,CCC(=O)c1ccc2c(c1)N(CCCN(C)C)c1ccccc1S2.Cl
54,10608,0.0,C[C@@H]1CN(CCCn2c3ccccc3c3ccccc32)C[C@H](C)N1.Cl.Cl
55,15006,0.0,CN1CCN(CCCN2c3ccccc3Sc3ccc(C(F)(F)F)cc32)CC1.Cl.Cl
56,2409,0.0,Cl.O=C(c1ccc(F)cc1)C1CCN(CCn2c(=S)[nH]c3ccccc3c2=O)CC1
57,6258,0.0,O=c1[nH]sc2cc(Cl)ccc12
58,25632,0.0,Clc1ccc(C(Cn2ccnc2)OCc2c(Cl)cccc2Cl)c(Cl)c1
59,28559,0.0,CN(C)CC/C=C1\c2ccccc2Sc2ccc(Cl)cc21
60,29375,0.0,CN(C)CCCN1c2ccccc2CCc2ccccc21
61,7590,0.0,CO[C@H]1/C=C/O[C@@]2(C)Oc3c(C)c(O)c4c(O)c(c(/C=N/N5CCN(C)CC5)c(O)c4c3C2=O)NC(=O)/C(C)=C\C=C\[C@H](C)[C@H](O)[C@@H](C)[C@@H](O)[C@@H](C)[C@H](OC(C)=O)[C@@H]1C
62,21860,0.0,CN1CCN(CCC(=O)N2c3ccccc3Sc3ccc(C(F)(F)F)cc32)CC1
63,13101,0.0,COc1ccc(CCN2CCC(Nc3nc4ccccc4n3Cc3ccc(F)cc3)CC2)cc1
64,2976,0.0,CN1CCN(CCCN2c3ccccc3Sc3ccc(Cl)cc32)CC1.O=C(O)/C=C\C(=O)O.O=C(O)/C=C\C(=O)O
65,31461,0.0,C=C(c1ccc(C(=O)O)cc1)c1cc2c(cc1C)C(C)(C)CCC2(C)C
66,1125,0.0,CC1=NN(c2ccc(C)c(C)c2)C(=O)/C1=N/Nc1cccc(-c2cccc(C(=O)O)c2)c1O
67,21264,0.0,CC[C@]1(O)C[C@H]2C[N@](CCc3c([nH]c4ccccc34)[C@@](C(=O)OC)(c3cc4c(cc3OC)N(C=O)[C@H]3[C@@](O)(C(=O)OC)[C@H](OC(C)=O)[C@]5(CC)C=CCN6CC[C@]43[C@@H]65)C2)C1
68,20235,0.0,Oc1c(Cl)cc(Cl)c2cccnc12
69,11475,0.0,COC(=O)[C@H]1[C@H]2C[C@@H]3c4[nH]c5cc(OC)ccc5c4CCN3C[C@H]2C[C@@H](OC(=O)/C=C/c2ccc(O)c(OC)c2)[C@@H]1OC
70,6170,0.0,COc1cccc2c1C(=O)c1c(O)c3c(c(O)c1C2=O)C[C@@](O)(C(=O)CO)C[C@@H]3O[C@H]1C[C@H](N)[C@H](O[C@@H]2CCCCO2)[C@H](C)O1
71,22599,0.0,OCCN1CCN(CCCN2c3ccccc3Sc3ccc(Cl)cc32)CC1
72,28173,0.0,O=[N+]([O-])c1ccc(O)c2ncccc12
73,1953,0.0,Clc1ccc(COC(Cn2ccnc2)c2ccc(Cl)cc2Cl)cc1.O=[N+]([O-])O
74,25196,0.0,CCCCCCCCCCCCCCCCOP(=O)([O-])OCC[N+](C)(C)C
75,4658,0.0,C/C(=C(/OCCOc1ccc(Cl)cc1)c1ccc(Cl)cc1Cl)n1ccnc1
76,27431,0.0,Cc1nc(Nc2ncc(C(=O)Nc3c(C)cccc3Cl)s2)cc(N2CCN(CCO)CC2)n1
77,249,0.0,CCN(CC)CCOc1ccc2c(c1)C(=O)c1cc(OCCN(CC)CC)ccc1-2
78,17262,0.0,C[C@H]1c2cccc(O)c2C(=O)C2=C(O)[C@]3(O)C(=O)C(C(N)=O)=C(O)[C@@H](N(C)C)[C@@H]3[C@@H](O)[C@@H]21.Cl
79,5103,0.0,CN(C)[C@@H]1C(O)=C(C(N)=O)C(=O)[C@@]2(O)C(O)=C3C(=O)c4c(O)cccc4[C@@](C)(O)[C@H]3C[C@@H]12.Cl
80,26488,0.0,Cl.Nc1cc(C(F)(F)F)ccc1S
81,5560,0.0,Cl.O=C(Nc1ccccc1)OCC(CN1CCCCC1)OC(=O)Nc1ccccc1
82,26909,0.0,CCOC(=O)[C@H](CCc1ccccc1)N[C@H]1CCc2ccccc2N(CC(=O)O)C1=O.Cl
83,9551,0.0,Oc1c(Cl)cc(Cl)c(Cl)c1Cc1c(O)c(Cl)cc(Cl)c1Cl
84,4238,0.0,O=C(Nc1ccc(Oc2ccc(Cl)cc2)c(Cl)c1)c1cc(I)cc(I)c1O
85,6879,0.0,Oc1cc(Cl)ccc1Oc1ccc(Cl)cc1Cl
86,24434,0.0,O=C(Nc1ccc(Cl)cc1)Nc1ccc(Cl)c(Cl)c1
87,12318,0.0,C[C@]12CC[C@@H]3c4ccc(OC(=O)N(CCCl)CCCl)cc4CC[C@H]3[C@@H]1CC[C@@H]2O
88,725,0.0,CN1CCN(C2=Nc3cc(Cl)ccc3Nc3ccccc32)CC1
89,1415,0.0,CNCCCCOc1ccccc1Cc1ccccc1
90,27279,0.0,CC[C@H]1CN2CCc3cc(OC)c(OC)cc3[C@@H]2C[C@@H]1C[C@H]1NCCc2cc(OC)c(OC)cc21
91,16436,0.0,CO[C@@]12[C@H](COC(N)=O)C3=C(C(=O)C(C)=C(N)C3=O)N1C[C@@H]1N[C@@H]12
92,5928,0.0,CN(Cc1cnc2nc(N)nc(N)c2n1)c1ccc(C(=O)N[C@@H](CCC(=O)O)C(=O)O)cc1
93,22004,0.0,CCC1=C[C@@H]2C[N@](C1)Cc1c([nH]c3ccccc13)[C@@](C(=O)OC)(c1cc3c(cc1OC)N(C)[C@H]1[C@@](O)(C(=O)OC)[C@H](OC(C)=O)[C@]4(CC)C=CCN5CC[C@]31[C@@H]54)C2.O=C(O)C(O)C(O)C(=O)O.O=C(O)C(O)C(O)C(=O)O
94,6553,0.0,COc1c(C)c2c(c(O)c1C/C=C(\C)CCC(=O)O)C(=O)OC2
95,27669,0.0,COC1=CC(=O)C[C@@H](C)[C@]12Oc1c(Cl)c(OC)cc(OC)c1C2=O
96,26033,0.0,C[C@@H]1C[C@@H]([C@H](O)CC2CC(=O)NC(=O)C2)C(=O)[C@@H](C)C1
97,3613,0.0,O=c1[nH]c2ccccc2n1CCCN1CCN(C(c2ccccc2)c2ccccc2)CC1
98,8670,0.0,COc1ccccc1N1CCN(CC(O)COc2cccc3ccccc23)CC1
99,24726,0.0,Cc1ccc2c(Br)cc(Br)c(O)c2n1
100,132,0.0,O=S(c1cc(Cl)cc(Cl)c1O)c1cc(Cl)cc(Cl)c1O
101,9335,0.0,CC(C)c1c(C(=O)Nc2ccccc2)c(-c2ccccc2)c(-c2ccc(F)cc2)n1CC[C@@H](O)C[C@@H](O)CC(=O)[O-].CC(C)c1c(C(=O)Nc2ccccc2)c(-c2ccccc2)c(-c2ccc(F)cc2)n1CC[C@@H](O)C[C@@H](O)CC(=O)[O-].[Ca+2]
102,3356,0.0,O=C1c2ccccc2C(=O)C1c1ccc(Br)cc1
103,14369,0.0,CC(=O)O[C@]1(C(C)=O)CC[C@H]2[C@@H]3C[C@H](C)C4=CC(=O)CC[C@]4(C)[C@H]3CC[C@@]21C
104,7194,0.0,CC(=O)[C@H]1CC[C@H]2[C@@H]3CC=C4C[C@@H](O)CC[C@]4(C)[C@H]3CC[C@]12C
105,10310,0.0,CC(C)(C)CC(C)(C)c1ccc(O)c(-n2nc3ccccc3n2)c1
106,467,0.0,CC(C)c1nc(CN(C)C(=O)N[C@H](C(=O)N[C@@H](Cc2ccccc2)C[C@H](O)[C@H](Cc2ccccc2)NC(=O)OCc2cncs2)C(C)C)cs1
107,2844,0.0,Cc1nc(-c2ccc(OCC(C)C)c(C#N)c2)sc1C(=O)O
108,3937,0.0,CC(C)COCC(CN(Cc1ccccc1)c1ccccc1)N1CCCC1
109,28979,0.0,CCOC(=O)/C=C(C)/C=C/C=C(C)/C=C/c1c(C)cc(OC)c(C)c1C
110,17626,0.0,CCCCC(CC)COC(=O)C(C#N)=C(c1ccccc1)c1ccccc1
111,25522,0.0,CCCN(CCC)C(=O)Cc1c(-c2ccc(Cl)cc2)nc2ccc(Cl)cn12
112,22348,0.0,CCC(CN)=C(c1ccccc1)c1ccccc1.Cl
113,15172,0.0,Cl.Clc1ccc(C(OCCN2CCCCC2)c2ccccc2)cc1
114,24959,0.0,CN1CC[C@H](c2c(O)cc(O)c3c(=O)cc(-c4ccccc4Cl)oc23)[C@H](O)C1.Cl
115,2522,0.0,N=C(NCCCCCCNC(=N)NC(=N)Nc1ccc(Cl)cc1)NC(=N)Nc1ccc(Cl)cc1
116,3679,0.0,CN(C)[C@@H](CCOc1cccc2ccccc12)c1ccccc1
117,21130,0.0,Cc1c(C)n(CCN(C)C)c2ccc(C(=O)OCCN(C)C)cc12
118,19688,0.0,Cc1c(C)n(Cc2ccccc2)c2ccc(C(=O)OCCN(C)C)cc12
119,4319,0.0,COc1cc([C@@H]2c3cc4c(cc3[C@H](O)[C@H]3COC(=O)[C@H]23)OCO4)cc(OC)c1OC
120,8011,0.0,COC(=O)[C@H]1[C@H]2C[C@@H]3c4[nH]c5cc(OC)ccc5c4CCN3C[C@H]2C[C@@H](OC(=O)c2cc(OC)c(OC)c(OC)c2)[C@@H]1OC
121,18319,0.0,COc1cccc2c1C(=O)c1c(O)c3c(c(O)c1C2=O)C[C@@](O)(C(=O)CO)CC3OC1CC(N2CCOC(OC)C2)C(O)C(C)O1
122,26182,0.0,CS(=O)(=O)O.Cc1ccc(NC(=O)c2ccc(CN3CCN(C)CC3)cc2)cc1Nc1nccc(-c2cccnc2)n1
123,29303,0.0,COc1cc2nc(N3CCN(C(=O)C4COc5ccccc5O4)CC3)nc(N)c2cc1OC.CS(=O)(=O)O
124,7495,0.0,N#Cc1nn(-c2c(Cl)cc(C(F)(F)F)cc2Cl)c(N)c1S(=O)C(F)(F)F
125,25699,0.0,Cc1nc2n(c(=O)c1CCN1CCC(C(=O)c3ccc(F)cc3)CC1)CCS2
126,12898,0.0,CCc1oc2ccccc2c1C(=O)c1cc(I)c(O)c(I)c1
127,27767,0.0,CCC(Cc1c(I)cc(I)c(N)c1I)C(=O)O
128,13387,0.0,Cc1ccc(-c2cc(C(F)(F)F)nn2-c2ccc(S(N)(=O)=O)cc2)cc1
129,23995,0.0,CN1Cc2cc(C(=O)N3CCC(C4CCNCC4)CC3)ccc2N[C@@H](CC(=O)O)C1=O
130,5012,0.0,O=C(CCCCCCC(=O)Nc1ccccc1)NO
131,12122,0.0,Nc1ccc(C(=O)Nc2ccccc2N)cc1
132,14828,0.0,C[C@@H](CN(C)C)CN1c2ccccc2Sc2ccccc21.C[C@@H](CN(C)C)CN1c2ccccc2Sc2ccccc21.O=C(O)[C@@H](O)[C@@H](O)C(=O)O
133,4817,0.0,O=C(O)c1ccc(-n2nc(-c3ccccc3O)nc2-c2ccccc2O)cc1
134,2260,0.0,O=C(O)CN(CCN(CC(=O)O)CC(=O)O)CCN(CC(=O)O)CC(=O)O
135,12634,0.0,CCCSc1ccc2[nH]c(NC(=O)OC)nc2c1
136,4052,0.0,CN1C[C@H](CNC(=O)OCc2ccccc2)C[C@@H]2c3cccc4c3c(cn4C)C[C@H]21
137,28744,0.0,CC[C@]12CCCN3CCc4c(n(c5ccccc45)C(=O)C1)[C@@H]32
138,26767,0.0,C[C@]12CCC(=O)C=C1[C@@H]1C[C@@H]1[C@H]1[C@@H]3[C@@H]4C[C@@H]4[C@@]4(CCC(=O)O4)[C@@]3(C)CC[C@@H]12
139,10169,0.0,CC1(CN2CCC(n3c(=O)[nH]c4ccccc43)CC2)OCc2ccccc2-n2cccc21
140,9675,0.0,C[C@@]12C(=O)OC(=O)[C@]1(C)C1CCC2O1
141,13841,0.0,C#C[C@]1(O)C=C[C@H]2[C@@H]3CCC4=CC(=O)CC[C@@H]4[C@H]3CC[C@@]21CC
142,26986,0.0,C=CCOC(Cn1ccnc1)c1ccc(Cl)cc1Cl.O=S(=O)(O)O
143,5214,0.0,CC[C@]1(O)C[C@@H]2C[N@@](CCc3c([nH]c4ccccc34)[C@@](C(=O)OC)(c3cc4c(cc3OC)N(C)[C@H]3[C@@](O)(C(=O)OC)[C@H](OC(C)=O)[C@]5(CC)C=CCN6CC[C@]43[C@@H]65)C2)C1.O=S(=O)(O)O
144,968,0.0,O=C(O)c1cc(-c2ccc(F)cc2F)ccc1O
145,31535,0.0,CCOC(=O)C(c1c(O)c2ccccc2oc1=O)c1c(O)c2ccccc2oc1=O
146,5457,0.0,CC(C)n1nc(-c2cc3cc(O)ccc3[nH]2)c2c(N)ncnc21
147,6052,0.0,Oc1ccc(Cl)cc1Cc1ccccc1
148,24353,0.0,COCc1c(C(C)C)nc(C(C)C)c(/C=C/[C@@H](O)C[C@@H](O)CC(=O)[O-])c1-c1ccc(F)cc1.[Na+]
149,10777,0.0,Oc1c(Br)cc(Br)cc1Br
150,28607,0.0,CN(C)CCOC(c1ccccc1)c1ccc(Br)cc1
151,843,0.0,CC(C)=CC1C(C(=O)OCc2cccc(Oc3ccccc3)c2)C1(C)C
152,17101,0.0,CC(=O)[C@@]1(O)CC[C@H]2[C@@H]3C[C@H](C)C4=CC(=O)CC[C@]4(C)[C@H]3CC[C@@]21C
153,20118,0.0,COc1cccc2c1C(=O)c1c(O)c3c(c(O)c1C2=O)C[C@@](O)(C(C)=O)C[C@@H]3O[C@H]1C[C@H](N)[C@H](O)[C@H](C)O1
154,1488,0.0,CC(=O)OCC(=O)[C@@]12N=C(C)O[C@@H]1C[C@H]1[C@@H]3CCC4=CC(=O)C=C[C@]4(C)[C@H]3[C@@H](O)C[C@@]12C
155,30037,0.0,CN(C/C=C/C#CC(C)(C)C)Cc1cccc2ccccc12
156,1216,0.0,CC(C)CCCC(C)N
157,1875,0.0,CC(C)Oc1ccc2c(=O)c(-c3ccccc3)coc2c1
158,31402,0.0,CC(C)c1c(CN(C)C(C)Cc2ccccc2)n(C)n(-c2ccccc2)c1=O
159,1650,0.0,COCCOC(=O)C1=C(C)NC(C)=C(C(=O)OC(C)C)C1c1cccc([N+](=O)[O-])c1
160,9064,0.0,COC(=O)C1=C(C)NC(C)=C(C(=O)OCC(C)C)C1c1ccccc1[N+](=O)[O-]
161,6782,0.0,CCC1=C(C)CN(C(=O)NCCc2ccc(S(=O)(=O)NC(=O)N[C@H]3CC[C@H](C)CC3)cc2)C1=O
162,29084,0.0,Cc1cccc(N(C)C(=S)Oc2ccc3ccccc3c2)c1
163,31018,0.0,Cc1ccc(CCn2c3c(c4cc(Cl)ccc42)CN(C)CC3)cn1
164,24827,0.0,Cc1noc(NS(=O)(=O)c2ccc(N)cc2)c1C
165,25118,0.0,Cc1nc(C2CCCCC2)c(-c2ccc(S(N)(=O)=O)c(F)c2)o1
166,21701,0.0,CCCNCC(O)COc1ccccc1C(=O)CCc1ccccc1
167,14231,0.0,C=CCN1C[C@H](C)N([C@H](c2ccc(C(=O)N(CC)CC)cc2)c2cccc(OC)c2)C[C@H]1C
168,16266,0.0,CCc1c2c(nc3ccc(OC(=O)N4CCC(N5CCCCC5)CC4)cc13)-c1cc3c(c(=O)n1C2)COC(=O)[C@]3(O)CC.Cl
169,22425,0.0,Cc1cc(N)c2cc(NC(=O)Nc3ccc4nc(C)cc(N)c4c3)ccc2n1.Cl.Cl
170,5801,0.0,CCc1nn(CCCN2CCN(c3cccc(Cl)c3)CC2)c(=O)n1CCOc1ccccc1.Cl
171,27160,0.0,COc1cc2c(cc1OC)C(=O)C(CC1CCN(Cc3ccccc3)CC1)C2.Cl
172,7743,0.0,Cc1ncc2n1-c1ccc(Cl)cc1C(c1ccccc1F)=NC2.Cl
173,25811,0.0,CCCCNc1c(C(=O)OCC)c(C)nc2c1cnn2CC.Cl
174,26397,0.0,Cl.O=S(=O)(c1cccc2cnccc12)N1CCCNCC1
175,9227,0.0,Clc1ccc2c(c1)Nc1ccccc1S2
176,24523,0.0,CCCCCCC[N+](CC)(CC)CCCCc1ccc(Cl)cc1.Cc1ccc(S(=O)(=O)[O-])cc1
177,2730,0.0,CC1COC2(c3ccccc3Cl)c3cc(Cl)ccc3NC(=O)CN12
178,3114,0.0,CC(Oc1c(Cl)cccc1Cl)C1=NCCN1
179,2180,0.0,Clc1ccc(C(Cn2ccnc2)OCc2ccc(Sc3ccccc3)cc2)c(Cl)c1
180,3267,0.0,CC#C[C@]1(O)CC[C@H]2[C@@H]3CCC4=CC(=O)CCC4=C3[C@@H](c3ccc(N(C)C)cc3)C[C@@]21C
181,22068,0.0,CN1C[C@H](C(=O)N[C@]2(C)O[C@@]3(O)[C@@H]4CCCN4C(=O)[C@H](Cc4ccccc4)N3C2=O)C[C@@H]2c3cccc4[nH]cc(c34)C[C@H]21
182,21528,0.0,CN1CCC(=C2c3ccccc3CCc3sccc32)CC1
183,7291,0.0,COc1ccc(OC(=O)N(CC(=O)O)Cc2ccc(OCCc3nc(-c4ccccc4)oc3C)cc2)cc1
184,23903,0.0,CC1=C(CC(=O)O)c2cc(F)ccc2/C1=C\c1ccc(S(C)(=O)=O)cc1
185,11283,0.0,CS(=O)(=O)O.N=C(N)Nc1ccc(C(=O)Oc2ccc3cc(C(=N)N)ccc3c2)cc1
186,17755,0.0,CSc1ccc(/C=C2/C(C)=C(CC(=O)O)c3cc(F)ccc32)cc1
187,27350,0.0,O=C(O)c1ccccc1Nc1cccc(C(F)(F)F)c1
188,676,0.0,Nc1ccccc1C(=O)OCC(O)CO
189,4404,0.0,Cc1ccc(Nc2nccc(N(C)c3ccc4c(C)n(C)nc4c3)n2)cc1S(N)(=O)=O
190,24122,0.0,O.O.O=c1c(O)c(-c2ccc(O)c(O)c2)oc2cc(O)cc(O)c12
191,6444,0.0,CCO[C@@H]1O[C@H](C(COCc2ccccc2)OCc2ccccc2)[C@H](OCc2ccccc2)[C@H]1O
192,12426,0.0,Cc1cc2c(cc1CC(=O)c1sccc1S(=O)(=O)Nc1onc(C)c1Cl)OCO2
193,25424,0.0,CCCCC/C=C\C/C=C\CCCCCCCC(=O)OCC
194,508,0.0,N[C@@H](Cc1cc(I)c(Oc2cc(I)c(O)c(I)c2)c(I)c1)C(=O)O
195,1379,0.0,CN(C)CCC[C@@]1(c2ccc(F)cc2)OCc2cc(C#N)ccc21.O=C(O)C(=O)O
196,24632,0.0,CC(C(=O)O)c1ccc2c(c1)[nH]c1ccc(Cl)cc12
197,4553,0.0,CCOc1cc(N)c(Cl)cc1C(=O)NCC1CN(Cc2ccc(F)cc2)CCO1.O=C(O)CC(O)(CC(=O)O)C(=O)O
198,2014,0.0,O=C(O)c1cccc(-c2noc(-c3ccccc3F)n2)c1
199,28932,0.0,Cc1cccc(Nc2ccccc2C(=O)O)c1C
200,26547,0.0,O=C(O)Cc1ccc2c(c1)C(=O)c1ccccc1CO2
201,5602,0.0,CCOC(=O)c1c(N)sc2c1CCN(Cc1ccccc1)C2
202,7419,0.0,CC(C)=C[C@@H]1[C@@H](C(=O)OCc2coc(Cc3ccccc3)c2)C1(C)C
203,8300,0.0,CN(c1nccc(=O)[nH]1)C1CCN(c2nc3ccccc3n2Cc2ccc(F)cc2)CC1
204,20579,0.0,CCn1ccc(NS(=O)(=O)c2ccc(N)cc2)nc1=O
205,2364,0.0,O=C1c2ccccc2C(=O)C1C(=O)C(c1ccccc1)c1ccccc1
206,24212,0.0,O=C(C1CCCCC1)N1CC(=O)N2CCCc3ccccc3C2C1
207,26138,0.0,O=C(C1CCCCC1)N1CC(=O)N2CCc3ccccc3C2C1
208,97,0.0,C[C@@H](O)[C@H]1C(=O)N2C(C(=O)O)=C([C@H]3CCCO3)S[C@H]12
209,13255,0.0,C=CC[C@]1(O)CC[C@H]2[C@@H]3CCC4=CC(=O)CCC4=C3C=C[C@@]21C
210,1038,0.0,C[C@]12CCC(=O)C=C1CC[C@@H]1[C@@H]2CC[C@@]2(C)[C@H]1CC[C@]2(C)O
211,6981,0.0,C[C@@H]1CC[C@H]2[C@@H](C)C(=O)O[C@@H]3O[C@@]4(C)CC[C@@H]1C32OO4
212,2592,0.0,CCO[C@H](Cc1ccc(OCCc2ccc(OS(C)(=O)=O)cc2)cc1)C(=O)O
213,1715,0.0,CC1(C)[C@H](C(=O)O)N2C(=O)C[C@H]2S1(=O)=O
214,326,0.0,COP(=O)(OC)C(O)C(Cl)(Cl)Cl
215,27075,0.0,COc1ccc(C(CN(C)C)C2(O)CCCCC2)cc1
216,14482,0.0,Cc1cc(O)cc(C)c1Cl
217,15323,0.0,O=C(OCc1ccccc1)c1ccc(O)cc1
218,27624,0.0,CC(C)NCC(O)c1ccc(O)c(O)c1
219,3427,0.0,O=C(c1cc(O)c(O)c(O)c1)c1ccc(O)c(O)c1O
220,20963,0.0,C[C@]12CC[C@H]3[C@@H](CCC4=CC(=O)CC[C@@]43C)[C@@H]1CC[C@@H]2C(=O)CO
221,7098,0.0,O=C(OCC(O)CO)c1ccccc1Nc1ccnc2c(C(F)(F)F)cccc12
222,27860,0.0,CC(O)C(=O)O.CCCCCCCCCCCCCCNCCO
223,13692,0.0,CCCCCCCCCCCCSCCOCCO
224,1532,0.0,CC(=O)N(O)CCCCCNC(=O)CCC(=O)N(O)CCCCCNC(=O)CCC(=O)N(O)CCCCCN.CS(=O)(=O)O
225,762,0.0,CC(=O)O[C@H]1C[C@@H]2CC[C@@H]3[C@H](CC[C@@]4(C)[C@H]3C[C@H]([N+]3(C)CCCCC3)[C@@H]4OC(C)=O)[C@@]2(C)C[C@@H]1N1CCCCC1.[Br-]
226,10419,0.0,CC[N+]1(CCOC(=O)C(O)(c2ccccc2)c2ccccc2)CCCCC1.[Br-]
227,18705,0.0,CC(=O)CCC(=O)[O-].CC(=O)CCC(=O)[O-].O.O.[Ca+2]
228,6613,0.0,CC(=O)OCC1=C(C(=O)[O-])N2C(=O)[C@@H](NC(=O)CSc3ccncc3)[C@H]2SC1.[Na+]
229,3801,0.0,O=C([O-])Cc1ccccc1Nc1c(Cl)cccc1Cl.[Na+]
230,209,0.0,CO[C@@]1(NC(=O)CSCC#N)C(=O)N2C(C(=O)[O-])=C(CSc3nnnn3C)CS[C@@H]21.[Na+]
231,4731,0.0,Cc1onc(-c2c(Cl)cccc2Cl)c1C(=O)N[C@@H]1C(=O)N2[C@@H]1SC(C)(C)[C@@H]2C(=O)[O-].O.[Na+]
232,8979,0.0,C[C@]1(Cn2ccnn2)[C@H](C(=O)[O-])N2C(=O)C[C@H]2S1(=O)=O.[Na+]
233,7969,0.0,Cn1cnc2c(F)c(Nc3ccc(Br)cc3Cl)c(C(=O)NOCCO)cc21
234,28373,0.0,c1ccc(CCNc2nc(-c3ccccc3)cs2)cc1
235,28494,0.0,CC(C)=CCOc1c2occc2cc2ccc(=O)oc12
236,5871,0.0,C[C@@H]1CC2=CC(=O)CC[C@@H]2[C@H]2CC[C@@]3(C)[C@@H](CC[C@]3(C)O)[C@@H]21
237,21194,0.0,CCC(C)(C)c1ccc(CC(C)CN2C[C@@H](C)O[C@@H](C)C2)cc1
238,21316,0.0,CC(C)=CC1C(C(=O)OCN2C(=O)C3=C(CCCC3)C2=O)C1(C)C
239,30270,0.0,c1ccc(-c2nc[nH]c2-c2ccccc2)cc1
240,10055,0.0,CC(=O)[C@@]1(O)CC[C@H]2[C@@H]3CCC4=CC(=O)CC[C@]4(C)[C@H]3CC[C@@]21C
241,3994,0.0,C=C1C[C@H]2[C@@H]3C=C(C)C4=CC(=O)CC[C@]4(C)[C@H]3CC[C@]2(C)[C@@]1(OC(C)=O)C(C)=O
242,3064,0.0,CC(=O)O[C@]1(C(C)=O)CC[C@H]2[C@@H]3C=C(C)C4=CC(=O)CC[C@]4(C)[C@H]3CC[C@@]21C
243,22501,0.0,COc1ccccc1N1CCN(CCCCNC(=O)c2ccc(-c3ccc(C(C)=O)cc3)cc2)CC1
244,21792,0.0,CCOC(=O)Oc1ccc(CCNC(=O)[C@H](CCSC)NC(C)=O)cc1OC(=O)OCC
245,28851,0.0,CC(=O)N[C@@H](CS)C(=O)O
246,11992,0.0,COC[C@@H](NC(C)=O)C(=O)NCc1ccccc1
247,25271,0.0,Cc1cc(C(C)(C)C)c(O)c(C(C)(C)C)c1
248,7639,0.0,COc1ccccc1Oc1c(NS(=O)(=O)c2ccc(C(C)(C)C)cc2)nc(-c2ncccn2)nc1OCCO
249,22268,0.0,CC(C)(C)OC(=O)c1ncn2c1[C@@H]1CCCN1C(=O)c1c(Br)cccc1-2
250,20655,0.0,Cc1c2oc3c(C)ccc(C(=O)N[C@@H]4C(=O)N[C@H](C(C)C)C(=O)N5CCC[C@H]5C(=O)N(C)CC(=O)N(C)[C@@H](C(C)C)C(=O)O[C@@H]4C)c3nc-2c(C(=O)N[C@@H]2C(=O)N[C@H](C(C)C)C(=O)N3CCC[C@H]3C(=O)N(C)CC(=O)N(C)[C@@H](C(C)C)C(=O)O[C@@H]2C)c(N)c1=O
251,25577,0.0,Cc1ccc(C(C)C)cc2c(C)ccc1-2
252,3734,0.0,CC(C)CCCC(C)CCCC(C)CCCCC(C)CCCC(C)CCCC(C)C
253,14750,0.0,CC(C)Cn1cnc2c(N)nc3ccccc3c21
254,26835,0.0,CC(C)OC(=O)C(C(=O)OC(C)C)=C1SC=CS1
255,1188,0.0,CC(=O)OC/C=C(C)/C=C/C=C(C)/C=C/C1=C(C)CCCC1(C)C
256,5263,0.0,CC1=C(C(=O)O)N2C(=O)[C@@H](NC(=O)[C@H](N)c3ccccc3)[C@H]2SC1
257,6513,0.0,Cc1nc2n(c(=O)c1CCN1CCC(c3noc4cc(F)ccc34)CC1)CCCC2
258,291,0.0,CC1(COc2ccc(CC3SC(=O)NC3=O)cc2)CCCCC1
259,402,0.0,Cc1ccc(O)c(-n2nc3ccccc3n2)c1
260,1339,0.0,Cc1cccc(N(C)C(=S)Oc2ccc3c(c2)C2CCC3C2)c1
261,4602,0.0,Cc1ccc(N(CC2=NCCN2)c2cccc(O)c2)cc1
262,18925,0.0,CCOCC(O)COc1ccc(NC(=O)CC[S+](C)C)cc1.Cc1ccc(S(=O)(=O)[O-])cc1
263,27518,0.0,Cc1cccc(Nc2cc(Cl)nc(SCC(=O)O)n2)c1C
264,2933,0.0,Cc1oncc1C(=O)Nc1ccc(C(F)(F)F)cc1
265,21912,0.0,CCC(=O)O[C@H]1CC[C@H]2[C@@H]3CCC4=CC(=O)CC[C@]4(C)[C@H]3CC[C@]12C
266,13175,0.0,CCc1nc(N)nc(N)c1-c1ccc(Cl)cc1
267,16541,0.0,CCN(CC)CCOc1ccc(Cc2ccccc2)cc1
268,14947,0.0,CCOC(=O)CC(SP(=S)(OC)OC)C(=O)OCC
269,6130,0.0,CCOP(=S)(OCC)Oc1ccc2c(C)c(Cl)c(=O)oc2c1
270,15750,0.0,Cl.O=C1OC(CN2CCOCC2)CN1N=Cc1ccc([N+](=O)[O-])o1
271,5361,0.0,CNNCc1ccc(C(=O)NC(C)C)cc1.Cl
272,25944,0.0,Cc1c(F)c(N2CCNC(C)C2)cc2c1c(=O)c(C(=O)O)cn2C1CC1.Cl
273,26700,0.0,CNCC[C@@H](Oc1ccccc1C)c1ccccc1.Cl
274,4190,0.0,CC1(C)OC[C@@H](COC(=O)CCc2ccc(OC[C@@H](O)CNCCNC(=O)N3CCOCC3)cc2)O1.Cl
275,7791,0.0,CCCCOc1cc(C(=O)OCCN(CC)CC)ccc1N.Cl
276,31579,0.0,CCOc1ccc(Cc2nccc3cc(OCC)c(OCC)cc23)cc1OCC.Cl
277,11571,0.0,Cl.O=C(COc1ccc(Cl)cc1)N1CCN(Cc2ccc3c(c2)OCO3)CC1
278,8117,0.0,CN(C)CCOC(=O)COc1ccc(Cl)cc1.Cl
279,5648,0.0,Cl.O=c1n(CCCN2CCN(c3cccc(Cl)c3)CC2)nc2ccccn12
280,25761,0.0,CCc1cccc(N(C)C(=N)Nc2cccc3ccccc23)c1.Cl
281,10955,0.0,CN(C)CCCOc1nn(Cc2ccccc2)c2ccccc12.Cl
282,9742,0.0,CCOC(=O)OC(C)OC(=O)[C@@H]1N2C(=O)[C@@H](NC(=O)[C@H](N)c3ccccc3)[C@H]2SC1(C)C.Cl
283,28713,0.0,CN(C)CCn1nnnc1SCC1=C(C(=O)O)N2C(=O)[C@@H](NC(=O)Cc3csc(N)n3)[C@H]2SC1.Cl
284,4100,0.0,Cl.NCC(=O)CCC(=O)O
285,16105,0.0,Cl.NNc1nncc2ccccc12
286,24769,0.0,CC(C)(C(=O)O)c1ccc(C(O)CCCN2CCC(C(O)(c3ccccc3)c3ccccc3)CC2)cc1.Cl
287,6213,0.0,Cl.O=C(O)c1cn(C2CC2)c2cc(N3CCNCC3)c(F)cc2c1=O
288,13991,0.0,CCN1CC(CCN2CCOCC2)C(c2ccccc2)(c2ccccc2)C1=O.Cl
289,7148,0.0,CCOc1ccccc1OCCN[C@H](C)Cc1ccc(OC)c(S(N)(=O)=O)c1.Cl
290,4974,0.0,Cl.NCCc1cc(O)c(O)cc1O
291,21485,0.0,CCOC(=O)[C@@](C)(N)Cc1ccc(O)c(O)c1.Cl
292,6303,0.0,CNC[C@H](O)c1ccc(O)c(O)c1.Cl
293,25861,0.0,Cl.Oc1cn2c(n1)Nc1ccc(Cl)c(Cl)c1C2
294,4459,0.0,N[Pt](N)(Cl)Cl
295,28888,0.0,CN(C(=O)C(Cl)Cl)c1ccc(OC(=O)c2ccco2)cc1
296,5146,0.0,O=C(CBr)Nc1ccc(Cl)cc1C(=O)c1ccccc1F
297,628,0.0,COP(=S)(OC)Oc1cc(Cl)c(Cl)cc1Cl
298,5987,0.0,O=C(CCN1CCN2CCCC2C1)N1c2ccccc2Sc2ccc(Cl)cc21
299,4876,0.0,O=c1[nH]c2cc(Cl)ccc2n1C1CCNCC1
300,26437,0.0,COc1ccc2c(c1)c(CC(=O)OC/C=C(\C)CC/C=C(\C)CCC=C(C)C)c(C)n2C(=O)c1ccc(Cl)cc1
301,20282,0.0,O=C(NC(Cc1cc(=O)[nH]c2ccccc12)C(=O)O)c1ccc(Cl)cc1
302,17572,0.0,N=C(N)NC(=O)c1nc(Cl)c(N)nc1N
303,29338,0.0,O=C(NC(=O)c1c(F)cccc1F)Nc1cc(Cl)c(OC(F)(F)C(F)C(F)(F)F)cc1Cl
304,20786,0.0,Cc1ccc(Nc2c(F)cccc2Cl)c(CC(=O)O)c1
305,22146,0.0,CCC(=O)O[C@]1(C(=O)CCl)[C@@H](C)C[C@H]2[C@@H]3CCC4=CC(=O)C=C[C@]4(C)[C@@]3(F)[C@@H](O)C[C@@]21C
306,21059,0.0,CC1(C)O[C@@H]2C[C@H]3[C@@H]4CCC5=CC(=O)CC[C@]5(C)[C@@]4(F)[C@@H](O)C[C@]3(C)[C@]2(C(=O)CCl)O1
307,12714,0.0,ClCCN1CCCC1
308,24398,0.0,CC(CC1c2ccccc2CCc2ccccc21)CN(C)C
309,5065,0.0,CNC(=O)Oc1cccc2ccccc12
310,12373,0.0,C=C[C@H]1CN2CCC1C[C@H]2[C@H](O)c1ccnc2ccc(OC)cc12
311,24995,0.0,CCOCCOC(=O)C=Cc1ccc(OC)cc1
312,1832,0.0,COc1ccc(C(=O)c2c(C)n(CCN3CCOCC3)c3ccccc23)cc1
313,6721,0.0,COc1ccc(-c2cc(=O)c3c(O)cc(O[C@@H]4O[C@H](CO[C@@H]5O[C@@H](C)[C@H](O)[C@@H](O)[C@H]5O)[C@@H](O)[C@H](O)[C@H]4O)cc3o2)cc1O
314,20489,0.0,COc1ccc2nc(NC(=O)Nc3ccccc3)sc2c1
315,7538,0.0,CNCCc1ccccn1.CS(=O)(=O)O
316,31496,0.0,CO/N=C1\CN(c2nc3c(cc2F)c(=O)c(C(=O)O)cn3C2CC2)CC1CN.CS(=O)(=O)O
317,6921,0.0,O=C(O)c1cccnc1Nc1cccc(C(F)(F)F)c1
318,14298,0.0,O=C1OC(OC(=O)c2cccnc2Nc2cccc(C(F)(F)F)c2)c2ccccc21
319,3027,0.0,COCCCC/C(=N\OCCN)c1ccc(C(F)(F)F)cc1
320,15452,0.0,C[C@H]1O[C@@H](n2cc(F)c(=O)[nH]c2=O)[C@H](O)[C@@H]1O
321,14166,0.0,O=C1[C@H](CC[C@H](O)c2ccc(F)cc2)[C@@H](c2ccc(O)cc2)N1c1ccc(F)cc1
322,6836,0.0,Cc1nc2ccccn2c(=O)c1CCN1CCC(C(=O)c2ccc(F)cc2)CC1
323,27038,0.0,O=C(CCCN1CCC(n2c(=O)[nH]c3ccccc32)CC1)c1ccc(F)cc1
324,925,0.0,O=C(CCCN1CCC(O)(c2ccc(Cl)cc2)CC1)c1ccc(F)cc1
325,14679,0.0,O=C(CCCN1CCN(c2ccccn2)CC1)c1ccc(F)cc1
326,5411,0.0,O=C(O)CCn1c2c(c3ccccc31)C[C@H](NS(=O)(=O)c1ccc(F)cc1)CC2
327,7240,0.0,Nc1cc(-c2ccncc2)c[nH]c1=O
328,1766,0.0,Nc1ccc(S(=O)(=O)Nc2cnc3ccccc3n2)cc1
329,806,0.0,Nc1ccc(O)cc1
330,24681,0.0,CCCN1CCC[C@@H]2Cc3nc(N)ncc3C[C@H]21
331,20001,0.0,Nc1ncnc(Nc2ccccc2)n1
332,9610,0.0,NCCNCCNCCNCCN
333,9278,0.0,NS(=O)(=O)c1cc(C2(O)NC(=O)c3ccccc32)ccc1Cl
334,3475,0.0,NS(=O)(=O)c1cc2c(cc1Cl)N=CNS2(=O)=O
335,7917,0.0,CN1C(CSCC(F)(F)F)Nc2cc(Cl)c(S(N)(=O)=O)cc2S1(=O)=O
336,25991,0.0,NS(=O)(=O)c1cc2c(cc1Cl)NC(C(Cl)Cl)NS2(=O)=O
337,27309,0.0,OC[C@]1(O)OC[C@@H](O)[C@H](O)[C@@H]1O
338,1249,0.0,Cc1c(C(=O)O)c(O)cc2c1C(=O)c1c(O)c([C@@H]3O[C@H](CO)[C@@H](O)[C@H](O)[C@H]3O)c(O)c(O)c1C2=O
339,18856,0.0,O=C1O[C@H](CO)[C@@H](O)[C@H](O)[C@H]1O
340,1920,0.0,O=C(C=Cc1ccc(O)c(O)c1)O[C@@H]1C[C@@](OC(=O)C=Cc2ccc(O)c(O)c2)(C(=O)O)C[C@@H](O)[C@@H]1O
341,26342,0.0,O=[N+]([O-])c1cc([As](=O)(O)O)ccc1O
342,2316,0.0,O=[N+]([O-])c1ccc([As](=O)(O)O)cc1
343,1985,0.0,CCCCCCCCC/C=C\C=C/C=C\C=C/C=C\C(=O)OCC
344,2803,0.0,CC(=O)Nc1ccc(OC(=O)c2ccccc2OC(C)=O)cc1
345,31431,0.0,CC(C)Nc1cccnc1N1CCN(C(=O)c2cc3cc(NS(C)(=O)=O)ccc3[nH]2)CC1
346,24462,0.0,CC(C)OC(=O)C(C)(C)Oc1ccc(C(=O)c2ccc(Cl)cc2)cc1
347,27711,0.0,CC(C(=O)O)c1ccc(C(=O)c2ccccc2)s1
348,3884,0.0,CN1Cc2cc(C(=O)N3CCC(C4CCNCC4)CC3)ccc2N[C@@H](CC(=O)O)C1=O
349,549,0.0,CN1CCC(O)(c2ccc(F)cc2)C(C(=O)c2ccc(F)cc2)C1
350,2058,0.0,CCC(=O)c1ccc(O)cc1
351,26225,0.0,O=C(CN1CCN(Cc2ccc3c(c2)OCO3)CC1)N1c2ccccc2Sc2ccccc21
352,28777,0.0,O=C(CCCCC(=O)Nc1c(I)cc(I)c(C(=O)O)c1I)Nc1c(I)cc(I)c(C(=O)O)c1I
353,2443,0.0,COc1ccc(Cl)cc1C(=O)NCCc1ccc(S(=O)(=O)NC(=O)NC2CCCCC2)cc1
354,17220,0.0,CN(C)CCOC(c1ccc(Cl)cc1)c1ccccn1.O=C(O)/C=C\C(=O)O
355,21366,0.0,COC[C@H](c1ccc(C(F)(F)F)cc1)N1CCN(C2(C)CCN(C(=O)c3c(C)ncnc3C)CC2)C[C@H]1C.O=C(O)/C=C\C(=O)O
356,26091,0.0,CC(=O)OCC1=C(C(=O)O)N2C(=O)[C@@H](NC(=O)Cc3cccs3)[C@H]2SC1
357,58,0.0,CC(C)OC(=O)OCOP(=O)(CO[C@H](C)Cn1cnc2c(N)ncnc21)OCOC(=O)OC(C)C.O=C(O)C=CC(=O)O
358,4275,0.0,O=C(O)c1cc(=O)c2ccccc2o1
359,3549,0.0,Cc1cc(CC(=O)O)c(C)n1-c1ccc(Cl)cc1
360,1151,0.0,O=C(O)CCCCC1CCSS1
361,5504,0.0,Cc1ccc(C(=O)Oc2ccc(C(O)CNC(C)(C)C)cc2OC(=O)c2ccc(C)cc2)cc1
362,29121,0.0,CCOC(=O)c1cc(=O)c2c(OCC(COc3cccc4oc(C(=O)OCC)cc(=O)c34)OC(=O)[C@@H](N)CCCCN)cccc2o1
363,13472,0.0,CCCCNc1ccc(C(=O)OCCOCCOCCOCCOCCOCCOCCOCCOCCOC)cc1
364,27471,0.0,O=C1CC[C@@]2(O)[C@H]3Cc4ccc(O)c5c4[C@@]2(CCN3CC2CC2)[C@H]1O5
365,9120,0.0,C#C[C@]1(O)CC[C@H]2[C@@H]3[C@H](C)CC4=C(CCC(=O)C4)[C@H]3CC[C@@]21C
366,27938,0.0,CCCCCCNC(=O)n1cc(F)c(=O)[nH]c1=O
367,7872,0.0,O=C1NS(=O)(=O)c2ccccc21
368,25378,0.0,C[C@]12CC[C@H](O)CC1=CC[C@@H]1[C@@H]2CC[C@]2(C)C(=O)CC[C@@H]12
369,24922,0.0,C[C@]12CC[C@H]3[C@@H](CCC4=CC(=O)CC[C@@H]43)[C@@H]1CC[C@@H]2O
370,13033,0.0,C#C[C@]1(O)CC[C@H]2[C@@H]3CCC4=CC(=O)CC[C@@H]4[C@H]3CC[C@@]21C
371,12492,0.0,C#C[C@]1(O)CC[C@H]2[C@@H]3CCC4=CC(=O)CC[C@@H]4[C@H]3CC[C@@]21CC
372,28654,0.0,O=C1CC2(CCCC2)CC(=O)N1CCCCN1CCN(c2ncccn2)CC1
373,21645,0.0,C[C@]12CC[C@H]3[C@@H](CCC4=CC(=O)CC[C@@H]43)[C@@H]1CC[C@@H]2OC(=O)CCc1ccccc1
374,4357,0.0,COc1cc(NC(C)CCCN)c2ncccc2c1.O=P(O)(O)O.O=P(O)(O)O
375,16502,0.0,CCN(CC)CCCC(C)Nc1ccnc2cc(Cl)ccc12.O=P(O)(O)O.O=P(O)(O)O
376,17708,0.0,O=S(=O)(O)c1cc(I)c(O)c2ncccc12
377,28142,0.0,CC(C)(C)C(=O)OCOC(=O)C1N2C(=O)CC2S(=O)(=O)C1(C)C
378,1092,0.0,CC(=O)N[C@@H](CO)C(=O)N[C@@H](CC(=O)O)C(=O)N[C@@H](CCCCN)C(=O)N1CCC[C@H]1C(=O)O
379,434,0.0,O=C(O)c1ccccc1S
380,6645,0.0,O=C(O)CCc1nc(-c2ccccc2)c(-c2ccccc2)o1
381,20350,0.0,CC(C(O)c1ccccc1)N(C)C/C=C/c1ccccc1
382,11368,0.0,CC(CCc1ccccc1)NC(C)C(O)c1ccc(O)cc1
383,14533,0.0,Cc1ncc(CO)c(C=O)c1O
384,2887,0.0,O=c1oc2c(O)c(O)cc3c(=O)oc4c(O)c(O)cc1c4c23
385,25474,0.0,Cc1cc(O)c(C)c(C)c1O
386,12818,0.0,O=C(O)c1cc(O)c(O)c(O)c1
387,3229,0.0,COc1cc(O)cc(O)c1
388,3381,0.0,N#CC(C#N)=Cc1ccc(O)c(O)c1
389,26274,0.0,Oc1ccc(C2CNCCc3c2cc(O)c(O)c3Cl)cc1
390,3310,0.0,N[C@H](C(=O)O)[C@@H](O)c1ccc(O)c(O)c1
391,13326,0.0,Oc1cc(O)c2c(c1)O[C@H](c1ccc(O)c(O)c1)[C@H](O)C2
392,15274,0.0,O=S(=O)(O)O.Oc1ccc(C(O)CNCCCCCCNCC(O)c2ccc(O)c(O)c2)cc1O
393,165,0.0,CC=Cc1ccc(O)c(OC)c1
394,21965,0.0,C=CCc1ccc(O)c(OC)c1
395,12588,0.0,CCCCCCCCC(=O)NCc1ccc(O)c(OC)c1
396,23838,0.0,COc1ccc(O)cc1
397,14876,0.0,Oc1ccc(CCNCCCCCCNCCc2ccccc2)cc1O
398,5298,0.0,O=C1CCCc2c(O)cccc21
399,29275,0.0,Oc1cccc2[nH]ccc12
400,10696,0.0,C[C@@H]1C[C@H]2[C@@H]3CCC4=CC(=O)C=C[C@]4(C)[C@@]3(F)[C@@H](O)C[C@]2(C)[C@H]1C(=O)CO
401,27190,0.0,O=C(CCN1CCN(CCO)CC1)N1c2ccccc2Sc2ccc(C(F)(F)F)cc21
402,2546,0.0,N=C(N)c1ccc(OCCCCCOc2ccc(C(=N)N)cc2)cc1.O=S(=O)(O)CCO.O=S(=O)(O)CCO
403,25083,0.0,CCCCc1oc2ccc(NS(C)(=O)=O)cc2c1C(=O)c1ccc(OCCCN(CCCC)CCCC)cc1
404,31271,0.0,Oc1c(Br)cc(Br)c2cccnc12
405,21235,0.0,Cc1ccc(O)c2ncccc12
406,17022,0.0,Oc1ccc(Cl)c2cccnc12
407,4697,0.0,COc1ccc(CN2CCN(C(c3ccc(F)cc3)c3ccc(F)cc3)CC2)c(OC)c1OC.Cl.Cl
408,6094,0.0,CN(C)[C@@H]1C(O)=C(C(N)=O)C(=O)[C@@]2(O)C(O)=C3C(=O)c4c(O)ccc(Cl)c4[C@@H](O)[C@H]3C[C@@H]12.Cl
409,20146,0.0,CSc1ccc2c(c1)C(N1CCN(C)CC1)Cc1ccccc1S2
410,24493,0.0,CNC(=O)c1ccccc1Sc1ccc2c(/C=C/c3ccccn3)n[nH]c2c1
411,25149,0.0,CC(C)C[C@H](NC(=O)[C@H](Cc1ccccc1)NC(=O)c1cnccn1)B(O)O
412,4776,0.0,COc1cc(C=C2CCCC(=Cc3ccc(O)c(OC)c3)C2=O)ccc1O
413,8842,0.0,CC(C)C[C@H](NC(=O)[C@H](CCc1ccccc1)NC(=O)CN1CCOCC1)C(=O)N[C@@H](Cc1ccccc1)C(=O)N[C@@H](CC(C)C)C(=O)[C@@]1(C)CO1
414,5692,0.0,C/C=C/C[C@@H](C)[C@@H](O)[C@H]1C(=O)N[C@@H](CC)C(=O)N(C)CC(=O)N(C)[C@@H](CC(C)C)C(=O)N[C@@H](C(C)C)C(=O)N(C)[C@@H](CC(C)C)C(=O)N[C@@H](C)C(=O)N[C@H](C)C(=O)N(C)[C@@H](CC(C)C)C(=O)N(C)[C@@H](CC(C)C)C(=O)N(C)[C@@H](C(C)C)C(=O)N1C
415,27252,0.0,CC[C@@H]([C@H](C)O)n1ncn(-c2ccc(N3CCN(c4ccc(OCC5CO[C@@](Cn6cncn6)(c6ccc(F)cc6F)C5)cc4)CC3)cc2)c1=O
416,13914,0.0,C=C1/C(=C\C=C2/CCC[C@]3(C)[C@@H]([C@H](C)/C=C/[C@@H](O)C4CC4)CC[C@@H]23)C[C@@H](O)C[C@@H]1O
417,27812,0.0,CC(=O)c1ccc2c(c1)N(CCCN1CCC(CCO)CC1)c1ccccc1S2
418,9907,0.0,CC(=O)O[Hg]c1ccccc1
419,25670,0.0,CC(C)(C)C1CCC(CC2=C(O)C(=O)c3ccccc3C2=O)CC1
420,20689,0.0,CCOC(=O)C1=C(C)NC(C)=C(C(=O)OCC)C1c1ccccc1/C=C/C(=O)OC(C)(C)C
421,26591,0.0,Cc1cc(C)c(C=C2C(=O)Nc3ccccc32)[nH]1
422,24557,0.0,Cl.Clc1ccc(Cn2c(CN3CCCC3)nc3ccccc32)cc1
423,27583,0.0,CNCCCC1c2ccccc2C=Cc2ccccc21.Cl
424,2477,0.0,CNCCCN1c2ccccc2CCc2ccccc21.Cl
425,1578,0.0,CN1CCCN(C(c2ccccc2)c2ccc(Cl)cc2)CC1
426,27397,0.0,CN1CCN(CCCN2c3ccccc3Sc3ccc(S(=O)(=O)N(C)C)cc32)CC1.CS(=O)(=O)O.CS(=O)(=O)O
427,1447,0.0,CCCCCOc1ccccc1/C(=C\SC)n1ccnc1
428,5513,1.0,Fc1ccc(C(c2ccc(F)cc2)N2CCN(C/C=C/c3ccccc3)CC2)cc1
429,25638,1.0,CS(=O)(=O)CCNCc1ccc(-c2ccc3ncnc(Nc4ccc(OCc5cccc(F)c5)c(Cl)c4)c3c2)o1
430,31427,1.0,N=C(N)NN=C(C=Cc1ccc([N+](=O)[O-])o1)C=Cc1ccc([N+](=O)[O-])o1
431,1322,1.0,CCCCCCCCCCCC(=O)O[Sn](CCCC)(CCCC)OC(=O)CCCCCCCCCCC
432,653,1.0,COc1ccc2cc3[n+](cc2c1OC)CCc1cc2c(cc1-3)OCO2.[Cl-]
433,25943,1.0,CCN1C(=CC=Cc2sc3ccccc3[n+]2CC)Sc2ccccc21.[I-]
434,25204,1.0,O=C1C(I)=CC(=C(c2cc(I)c([O-])c(I)c2)c2ccccc2C(=O)[O-])C=C1I.[Na+].[Na+]
435,25583,1.0,CC[Hg]Sc1ccccc1C(=O)[O-].[Na+]
436,3363,1.0,CC(C)=CCOc1ccc(/C=C/C(=O)c2ccc(OCC=C(C)C)cc2OCC(=O)O)cc1
437,1333,1.0,COCCOC(=O)C1=C(C)NC(C)=C(C(=O)OC/C=C/c2ccccc2)C1c1cccc([N+](=O)[O-])c1
438,1332,1.0,CN1CCC(Nc2ncc3ncnc(Nc4ccc(F)c(Cl)c4)c3n2)CC1.Cl.Cl
439,26274,1.0,Cl.O=C(OCC(O)CO)c1ccccc1Nc1ccnc2cc(Cl)ccc12
440,6181,1.0,COC(=O)c1nc(Cl)c(Cl)nc1N
441,25490,1.0,Clc1ccc2c(c1)CCc1cccnc1C2=C1CCNCC1
442,31491,1.0,CN(C)CCCN1c2ccccc2CCc2ccc(Cl)cc21
443,26619,1.0,COC1=C(OC)C(=O)C(CCCCCCCCCCO)=C(C)C1=O
444,3247,1.0,COc1ccc([C@@H]2Sc3ccccc3NC(=O)[C@@H]2O)cc1
445,25452,1.0,CS(=O)(=O)O.N[C@@H]1[C@H]2CN(c3nc4c(cc3F)c(=O)c(C(=O)O)cn4-c3ccc(F)cc3F)C[C@@H]12
446,25631,1.0,O=C1Nc2ccc(Cl)cc2[C@@](C#CC2CC2)(C(F)(F)F)O1
447,22592,1.0,COc1cc2ncnc(Nc3ccc(F)c(Cl)c3)c2cc1OCCCN1CCOCC1
448,31598,1.0,NC1(c2ccc(-c3nc4ccn5c(=O)[nH]nc5c4cc3-c3ccccc3)cc2)CCC1
449,25447,1.0,Nc1ccc2c(c1)CN1C(=O)c3ccccc3C1=N2
450,20619,1.0,CC(=O)Oc1ccccc1C(=O)Nc1ncc([N+](=O)[O-])s1
451,31542,1.0,COc1ccccc1OCCNCC(O)COc1cccc2[nH]c3ccccc3c12.O=C(O)C(O)C(O)C(=O)O
452,2801,1.0,O=C(Oc1cccc2cccnc12)c1ccccc1
453,26284,1.0,CC[C@]1(O)C[C@@H]2C[N@@](CCc3c([nH]c4ccccc34)[C@@](C(=O)OC)(c3cc4c(cc3OC)N(C)[C@H]3[C@@](O)(C(=O)OC)[C@H](OC(C)=O)[C@]5(CC)C=CCN6CC[C@]43[C@@H]65)C2)C1.O=S(=O)(O)O
454,5226,1.0,Cc1cc2nc3c(=O)[nH]c(=O)nc-3n(C[C@H](O)[C@H](O)[C@H](O)CO)c2cc1C
455,31607,1.0,Oc1ccc(Cl)cc1Sc1cc(Cl)ccc1O
456,31681,1.0,CN(C)c1ccc2nc3ccc(N(C)C)cc3[s+]c2c1.[Cl-]
457,25922,1.0,CC1(C)[C@@H](OC(=O)CCC(=O)[O-])CC[C@]2(C)[C@H]3C(=O)C=C4[C@@H]5C[C@@](C)(C(=O)[O-])CC[C@]5(C)CC[C@@]4(C)[C@]3(C)CC[C@@H]12.[Na+].[Na+]
458,690,1.0,Br.NC(=O)C(c1ccccc1)(c1ccccc1)[C@@H]1CCN(CCc2ccc3c(c2)CCO3)C1
459,26227,1.0,CC(C)=CCC1C(=O)N(c2ccccc2)N(c2ccccc2)C1=O
460,12498,1.0,COc1cc2c(c(OC)c1OC)-c1ccc(OC)c(=O)cc1[C@@H](NC(C)=O)CC2
461,26235,1.0,CC(=O)OCC(=O)[C@@]12OC(C)(C)O[C@@H]1C[C@H]1[C@@H]3C[C@H](F)C4=CC(=O)C=C[C@]4(C)[C@@]3(F)[C@@H](O)C[C@@]12C
462,26225,1.0,Cc1ccc(-n2nc(C(C)(C)C)cc2NC(=O)Nc2ccc(OCCN3CCOCC3)c3ccccc23)cc1
463,3036,1.0,CC(=O)O[C@@]12CO[C@@H]1C[C@H](O)[C@@]1(C)C(=O)[C@H](O)C3=C(C)[C@@H](OC(=O)[C@H](O)[C@@H](NC(=O)OC(C)(C)C)c4ccccc4)C[C@@](O)([C@@H](OC(=O)c4ccccc4)[C@H]21)C3(C)C
464,26134,1.0,Cc1cccc(C)c1OCC(=O)N[C@@H](Cc1ccccc1)[C@@H](O)C[C@H](Cc1ccccc1)NC(=O)[C@H](C(C)C)N1CCCNC1=O
465,2563,1.0,COc1cc(C)nc(-n2nc(C)cc2OC)n1
466,14662,1.0,Cc1c(Cl)cccc1Nc1ccccc1C(=O)O
467,31601,1.0,CCCCCCCC/C=C\CCCCCCCCN
468,26820,1.0,CN(C)CCCN1c2ccccc2Sc2ccc(C(F)(F)F)cc21.Cl
469,12649,1.0,Cl.O=C1[C@H]2CCCC[C@H]2C(=O)N1CCCCN1CCN(c2nsc3ccccc23)CC1
470,2783,1.0,C=C(CC)C(=O)c1ccc(OCC(=O)O)c(Cl)c1Cl
471,28579,1.0,Clc1ccccc1C(c1ccccc1)(c1ccccc1)n1ccnc1
472,25849,1.0,ClCCN(CCCl)CCCl
473,26401,1.0,CN(C)C(=O)C(CCN1CCC(O)(c2ccc(Cl)cc2)CC1)(c1ccccc1)c1ccccc1
474,25973,1.0,CS(=O)(=O)O.C[C@H](N)C(=O)N[C@@H](C)C(=O)N[C@@]1(C)[C@@H]2CN(c3nc4c(cc3F)c(=O)c(C(=O)O)cn4-c3ccc(F)cc3F)C[C@@H]21
475,20980,1.0,CNCCC(Oc1ccc(C(F)(F)F)cc1)c1ccccc1
476,26386,1.0,C[C@@H]1CC(=O)NN=C1c1ccc(NN=C(C#N)C#N)cc1
477,28616,1.0,Cc1c(Cl)c(=O)oc2cc(OP(=O)(OCCCl)OCCCl)ccc12
478,26648,1.0,Cc1ccc(S(=O)(=O)O)cc1.NC1CCN(c2nc3c(cc2F)c(=O)c(C(=O)O)cn3-c2ccc(F)cc2F)C1
479,1150,1.0,Oc1c(I)cc(I)c2cccnc12
480,26429,1.0,O=Cc1ccc(O)c(O)c1O
481,25136,1.0,O=C1OC(c2ccc(O)cc2)(c2ccc(O)cc2)c2ccccc21
482,31422,1.0,CC[n+]1c(-c2ccccc2)c2cc(N)ccc2c2ccc(N)cc21.[Br-]
483,26675,1.0,Cc1ccc(Cl)c(Nc2ccccc2C(=O)[O-])c1Cl.O.[Na+]
484,26903,1.0,O=C1OCCN1/N=C/c1ccc([N+](=O)[O-])o1
485,4961,1.0,CC1(C)OC(=O)Nc2ccc(Br)cc21
486,5540,1.0,CC(C)=CCNc1ncnc2c1ncn2[C@@H]1O[C@H](CO)[C@@H](O)[C@H]1O
487,3586,1.0,c1ccc2c(c1)OCC(C1=NCCN1)O2
488,26307,1.0,C(=C/c1ccccc1)\CN1CCN(C(c2ccccc2)c2ccccc2)CC1
489,25497,1.0,C=C[C@@]1(C)CC(=O)[C@]2(O)[C@@]3(C)[C@@H](O)CCC(C)(C)[C@@H]3[C@H](O)[C@H](OC(C)=O)[C@@]2(C)O1
490,31434,1.0,CC(C)(C)CC(=O)OCC(=O)[C@@]1(O)CC[C@H]2[C@@H]3CCC4=CC(=O)C=C[C@]4(C)[C@H]3[C@@H](O)C[C@@]21C
491,26029,1.0,Cc1c(C)c2c(c(C)c1O)CCC(C)(COc1ccc(CC3SC(=O)NC3=O)cc1)O2
492,26069,1.0,Cc1ccccc1C(=O)Nc1ccc(C(=O)N2CCCC(N(C)C)c3ccccc32)cc1
493,27831,1.0,COc1cc(C(=O)NS(=O)(=O)c2ccccc2C)ccc1Cc1cn(C)c2ccc(NC(=O)OC3CCCC3)cc12
494,6137,1.0,Cc1nc(N)nc(N)c1-c1ccc(Cl)c(Cl)c1
495,3051,1.0,CCCCC(CC)CN1CN(CC(CC)CCCC)CC(C)(N)C1
496,25422,1.0,CCCCC1=NC2(CCCC2)C(=O)N1Cc1ccc(-c2ccccc2-c2nnn[nH]2)cc1
497,5257,1.0,CCCCCCCCCC(=O)O[C@H]1CC[C@H]2[C@@H]3CCC4=CC(=O)CC[C@@H]4[C@H]3CC[C@]12C
498,9871,1.0,CCOc1ccccc1C(N)=O
499,31473,1.0,CCCCN(CCCC)CCC(O)c1cc2c(Cl)cc(Cl)cc2c2cc(C(F)(F)F)ccc12.Cl
500,25161,1.0,CCCC(C(=O)OCCN(CC)CC)(c1ccccc1)c1ccccc1.Cl
501,581,1.0,Cc1cccc(CN2CCN(C(c3ccccc3)c3ccc(Cl)cc3)CC2)c1.Cl.Cl
502,28968,1.0,COc1cc(NCc2ccc3nc(N)nc(N)c3c2C)cc(OC)c1OC.Cl.Cl.Cl
503,26152,1.0,CN1CCCC(n2nc(Cc3ccc(Cl)cc3)c3ccccc3c2=O)CC1.Cl
504,26481,1.0,CN(C)c1ccc(O)c2c1C[C@H]1C[C@H]3[C@H](N(C)C)C(O)=C(C(N)=O)C(=O)[C@@]3(O)C(O)=C1C2=O.Cl
505,25744,1.0,CN(C)CCC=C1c2ccccc2CCc2ccccc21.Cl
506,2382,1.0,CN(C)CCC=C1c2ccccc2C=Cc2ccccc21.Cl
507,6018,1.0,CN(C)CCCN1c2ccccc2Sc2ccccc21.Cl
508,25228,1.0,CN(C/C=C/c1ccccc1)Cc1cccc2ccccc12.Cl
509,12374,1.0,C=C1c2cccc(O)c2C(=O)C2=C(O)[C@]3(O)C(=O)C(C(N)=O)=C(O)[C@@H](N(C)C)[C@@H]3[C@@H](O)[C@H]12.Cl
510,26439,1.0,Cl.O=C(O)Cc1ccc(OCCNC[C@H](O)c2ccccc2)cc1
511,146,1.0,COc1cccc(CCc2ccccc2OCC(CN(C)C)OC(=O)CCC(=O)O)c1.Cl
512,26555,1.0,CCOC(=O)Nc1ccc2c(c1)N(C(=O)CCN1CCOCC1)c1ccccc1S2.Cl
513,25859,1.0,CN1C[C@H]2c3ccccc3Oc3ccc(Cl)cc3[C@@H]2C1
514,26651,1.0,O=C1C(O)=C([C@H]2CC[C@H](c3ccc(Cl)cc3)CC2)C(=O)c2ccccc21
515,2557,1.0,COc1ccc2c(c1)c(CC(=O)O)c(C)n2C(=O)c1ccc(Cl)cc1
516,31629,1.0,Cc1nc2ccccc2n1Cc1ccc(Cl)cc1
517,22123,1.0,O=c1[nH]c2ccccc2n1CCCN1CCC(n2c(=O)[nH]c3cc(Cl)ccc32)CC1
518,243,1.0,CC(CN1c2ccccc2Sc2ccccc21)N(C)C
519,21274,1.0,CN(C(=O)CCCOc1ccc2[nH]c(=O)ccc2c1)C1CCCCC1
520,9602,1.0,CN(Cc1ccc(C(C)(C)C)cc1)Cc1cccc2ccccc12
521,1341,1.0,Cn1cc(C2=C(c3cn(C4CCN(Cc5ccccn5)CC4)c4ccccc34)C(=O)NC2=O)c2ccccc21
522,5226,1.0,COc1ccc(C=CC(=O)c2ccc(OC)cc2OC)cc1
523,4956,1.0,Cc1nc2sccn2c(=O)c1CCN1CCC(=C(c2ccc(F)cc2)c2ccc(F)cc2)CC1
524,14742,1.0,O=C(CCCN1CCC(O)(c2ccc(Br)cc2)CC1)c1ccc(F)cc1
525,13757,1.0,O=C1NCN(c2ccccc2)C12CCN(CCCOc1ccc(F)cc1)CC2
526,27369,1.0,C[C@@H]1CC(=O)NN=C1c1ccc(NN=C(C#N)C#N)cc1
527,5857,1.0,N#C/C(=C1\SCC(c2ccccc2Cl)S1)n1ccnc1
528,9879,1.0,C/C1=C2/N=C(/C=C3\N=C(/C(C)=C4/[C@@H](CCC(N)=O)[C@](C)(CC(N)=O)[C@](C)([C@@H]5N=C1[C@](C)(CCC(=O)NC[C@@H](C)OP(=O)([O-])O[C@H]1[C@@H](O)[C@@H](n6cnc7cc(C)c(C)cc76)O[C@@H]1CO)[C@H]5CC(N)=O)N4[Co+]C#N)[C@@](C)(CC(N)=O)[C@@H]3CCC(N)=O)C(C)(C)[C@@H]2CCC(N)=O
529,870,1.0,Nc1ncn([C@@H]2O[C@H](CO)[C@@H](O)[C@H]2O)c(=O)n1
530,27379,1.0,Nc1ccncc1N
531,24381,1.0,CCCSSC(CCO)=C(C)N(C=O)Cc1cnc(C)nc1N
532,870,1.0,Nc1nc2nc[nH]c2c(=S)[nH]1
533,3371,1.0,CCOc1ccc2nc(S(N)(=O)=O)sc2c1
534,18888,1.0,O=C(Nc1ccc([N+](=O)[O-])cc1)Nc1ccc([N+](=O)[O-])cc1
535,242,1.0,O=NN(CCCl)C(=O)NC1CCCCC1
536,12581,1.0,O=C(O)/C=C/C(=O)O.c1ccc(C(O[C@H]2CCCN(CCc3ccc4c(c3)OCO4)C2)c2ccccc2)cc1
537,29311,1.0,CC(=O)c1ccc2c(c1)N(CCCN(C)C)c1ccccc1S2.O=C(O)/C=C\C(=O)O
538,22124,1.0,O=C(O)/C=C\C(=O)O.O=C(O)/C=C\C(=O)O.c1cc(CN2CCCCC2)cc(OCCCNc2nc3ccccc3s2)c1
539,1150,1.0,N[C@@H](Cc1ccc(N(CCCl)CCCl)cc1)C(=O)O
540,20990,1.0,Nc1nc(=O)c2nc(CNc3ccc(C(=O)N[C@@H](CCC(=O)O)C(=O)O)cc3)cnc2[nH]1
541,1243,1.0,CC(C(=O)O)c1ccc2c(c1)CC(=O)c1ccccc1S2
542,9662,1.0,COc1ccc(-c2ccc3cc(C(=O)O)ccc3c2)cc1C12CC3CC(CC(C3)C1)C2
543,29350,1.0,CCCc1nc2c(C)cc(-c3nc4ccccc4n3C)cc2n1Cc1ccc(-c2ccccc2C(=O)O)cc1
544,811,1.0,COC(=O)Nc1nc2cc(C(=O)C3CC3)ccc2[nH]1
545,5805,1.0,COC(=O)Nc1nc2cc(C(=O)c3ccccc3)ccc2[nH]1
546,21188,1.0,CCCOc1ccc2[nH]c(NC(=O)OC)nc2c1
547,14223,1.0,CCOC(=O)O[C@]1(C(=O)OCCl)CC[C@H]2[C@@H]3CCC4=CC(=O)C=C[C@]4(C)[C@H]3[C@@H](O)C[C@@]21C
548,946,1.0,C#C[C@]1(O)CC[C@H]2[C@@H]3CCC4=CC(=O)CCC4=C3C=C[C@@]21CC
549,345,1.0,COc1ccc(NS(=O)(=O)c2ccc(N)cc2)nn1
550,624,1.0,O=C(O)c1ccccc1-c1ccc(C(F)(F)F)cc1
551,5226,1.0,OC(CN1CCC(Cc2ccc(F)cc2)CC1)c1ccc(Cl)cc1
552,6314,1.0,C/C=C(C(=C/C)/c1ccc(O)cc1)\c1ccc(O)cc1
553,15204,1.0,O=C1Nc2ccccc2C1(c1ccc(O)cc1)c1ccc(O)cc1
554,21461,1.0,Cc1cc(O)c2c(O)c3c(O)cccc3cc2c1
555,9871,1.0,COc1c(C)c2c(c(O)c1C/C=C(\C)CCC(=O)OCCN1CCOCC1)C(=O)OC2
556,1333,1.0,C#C[C@]1(O)CC[C@H]2[C@@H]3CCc4cc(O)ccc4[C@H]3CC[C@@]21C
557,1342,1.0,COc1cc([C@H]2Oc3cc([C@H]4Oc5cc(O)cc(O)c5C(=O)[C@@H]4O)ccc3O[C@@H]2CO)ccc1O
558,6137,1.0,CC1(C)O[C@@H]2C[C@H]3[C@@H]4CCC5=CC(=O)C=C[C@]5(C)[C@H]4[C@@H](O)C[C@]3(C)[C@]2(C(=O)CO)O1
559,24796,1.0,OCCc1ccccc1
560,319,1.0,CCCCOc1ccc(CC(=O)NO)cc1
561,690,1.0,S=c1[nH]cnc2[nH]cnc12
562,27869,1.0,OC[C@H]1O[C@@H](n2cnc3c(S)ncnc32)[C@H](O)[C@@H]1O
563,24549,1.0,C[N+]1(CCF)[C@@H]2CC[C@H]1C[C@@H](OC(=O)C(O)(c1ccccc1)c1ccccc1)C2.[Br-].[Br-]
564,14981,1.0,CC[N+](C)(CC)CCOC(=O)C(O)(c1ccccc1)C1CCCCC1.[Br-]
565,28486,1.0,CC[N+](CC)(CCNC(=O)C(=O)NCC[N+](CC)(CC)Cc1ccccc1Cl)Cc1ccccc1Cl.[Cl-].[Cl-]
566,24379,1.0,CC[N+](CC)(CC)CC.[Cl-]
567,21681,1.0,Cc1cc2nc3ccc(N(C)C)cc3[s+]c2cc1N.[Cl-]
568,293,1.0,Cc1cccn2c(=O)c(-c3nnn[n-]3)cnc12.[K+]
569,7292,1.0,O=C1OC(c2ccc(O)c(S(=O)(=O)[O-])c2)(c2ccc(O)c(S(=O)(=O)[O-])c2)c2c(Br)c(Br)c(Br)c(Br)c21.[Na+].[Na+]
570,4151,1.0,N#C[Fe-2](C#N)(C#N)(C#N)(C#N)N=O.O.O.[Na+].[Na+]
571,21367,1.0,Nc1c(CC(=O)[O-])cccc1C(=O)c1ccc(Br)cc1.Nc1c(CC(=O)[O-])cccc1C(=O)c1ccc(Br)cc1.O.O.O.[Na+].[Na+]
572,166,1.0,CO[C@@]1(NC(=O)C(C(=O)[O-])c2ccc(O)cc2)C(=O)N2C(C(=O)[O-])=C(CSc3nnnn3C)CO[C@@H]21.[Na+].[Na+]
573,27271,1.0,O=C1CN(N=Cc2ccc(-c3ccc([N+](=O)[O-])cc3)o2)C(=O)[N-]1.[Na+]
574,1031,1.0,CC1(C)OC[C@@H]2O[C@@]3(C(=O)[O-])OC(C)(C)O[C@H]3[C@@H]2O1.[Na+]
575,1464,1.0,CC(C)n1c(/C=C/[C@@H](O)C[C@@H](O)CC(=O)[O-])c(-c2ccc(F)cc2)c2ccccc21.[Na+]
576,24525,1.0,CCCCCN(CCCCC)C(=O)C(CCC(=O)[O-])NC(=O)c1ccc(Cl)c(Cl)c1.[Na+]
577,5599,1.0,CCOc1ccc2ccccc2c1C(=O)N[C@@H]1C(=O)N2[C@@H]1SC(C)(C)[C@@H]2C(=O)[O-].O.[Na+]
578,1421,1.0,COC(=O)C1=C(C)NC(C)=C(C(=O)OCCc2ccc(N3CCN(C(c4ccccc4)c4ccccc4)CC3)cc2)C1c1cccc([N+](=O)[O-])c1
579,28831,1.0,CS(=O)(=O)Nc1ccc([N+](=O)[O-])cc1Oc1ccccc1
580,267,1.0,Br.CC(Cc1ccc(O)cc1)NCC(O)c1cc(O)cc(O)c1
581,10777,1.0,O=c1sc2ccccc2c(O)c1C1CC(c2ccc(-c3ccc(Br)cc3)cc2)Cc2ccccc21
582,1409,1.0,Fc1cc(Br)ccc1CBr
583,12523,1.0,C#Cc1cccc(Nc2ncnc3cc(OCCOC)c(OCCOC)cc23)c1
584,3550,1.0,C[C@@H]1CN(c2c(F)c(F)c3c(=O)c(C(=O)O)cn(C4CC4)c3c2F)C[C@H](C)N1
585,6314,1.0,CC[C@]1(O)CC[C@H]2[C@@H]3CCC4=CCCC[C@@H]4[C@H]3CC[C@@]21C
586,1150,1.0,CC#C[C@]1(O)CC[C@H]2[C@@H]3C[C@H](C)C4=CC(=O)CC[C@]4(C)[C@H]3CC[C@@]21C
587,14181,1.0,C[C@@H]1CCC[C@H](C)N1CCCC(O)(c1ccccc1)c1ccccn1
588,22129,1.0,C[N+]1(C)[C@@H]2CC[C@H]1C[C@@H](OC(=O)C(CO)c1ccccc1)C2.O=[N+]([O-])[O-]
589,319,1.0,CC(C)=CCC/C(C)=C/CO
590,2220,1.0,C=C(C)[C@H]1Cc2c(ccc3c2O[C@@H]2COc4cc(OC)c(OC)cc4[C@@H]2C3=O)O1
591,21851,1.0,c1cnc(N2CCN(Cc3ccc4c(c3)OCO4)CC2)nc1
592,22500,1.0,c1ccc2c(c1)CCc1ccccc1N2
593,22248,1.0,c1ccc2c(c1)sc1ccccc12
594,1247,1.0,C1N2CN3CN1CN(C2)C3
595,266,1.0,C=C(C)[C@H]1CN[C@H](C(=O)O)[C@H]1CC(=O)O
596,1314,1.0,CC(=O)[C@H]1CC[C@H]2[C@@H]3C=CC4=CC(=O)CC[C@@]4(C)[C@@H]3CC[C@]12C
597,4151,1.0,CCCc1c(OCCCCc2nnn[nH]2)ccc(C(C)=O)c1O
598,425,1.0,C#C[C@]1(OC(C)=O)CC[C@H]2[C@@H]3CCC4=C[C@@H](OC(C)=O)CC[C@@H]4[C@H]3CC[C@@]21C
599,7793,1.0,CC(=O)OC[C@H]1O[C@@H](n2ncc(=O)[nH]c2=O)[C@H](OC(C)=O)[C@@H]1OC(C)=O
600,20725,1.0,CC(=O)Oc1ccc(C(c2ccc(OC(C)=O)cc2)c2ccccn2)cc1
601,6212,1.0,CC(=O)Oc1ccc(C2(c3ccc(OC(C)=O)cc3)C(=O)Nc3ccccc32)cc1
602,1239,1.0,CC(=O)Oc1ccc2c(c1)CC[C@@H]1[C@@H]2CC[C@]2(C)[C@@H](O)CC[C@@H]12
603,669,1.0,CC(=O)OCC(=O)[C@@]1(O)[C@H](OC(C)=O)C[C@H]2[C@@H]3CCC4=CC(=O)C=C[C@]4(C)[C@@]3(F)[C@@H](O)C[C@@]21C
604,2325,1.0,CC(C)Cc1ccc(C(C)C(=O)O)cc1
605,12533,1.0,CC(C(=O)O)c1cccc(C(=O)c2ccccc2)c1
606,12551,1.0,Cc1cc(C(C)(C)C)c(O)c(C)c1CC1=NCCN1
607,24971,1.0,CC(C)(C)NC(=O)[C@H]1CC[C@H]2[C@@H]3CC[C@H]4NC(=O)C=C[C@]4(C)[C@H]3CC[C@]12C
608,1322,1.0,CC(C)(C)NCC(O)COc1cccc2c1C[C@H](O)[C@H](O)C2
609,21985,1.0,CC(C)[C@H]1CC[C@H](C(=O)N[C@H](Cc2ccccc2)C(=O)O)CC1
610,811,1.0,CC(C)c1cccc(C(C)C)c1O
611,21411,1.0,CCOC(=O)C1=C(C)NC(C)=C(C(=O)OC)C1c1cccc([N+](=O)[O-])c1
612,1322,1.0,CCC1(C)CC(=O)NC1=O
613,1332,1.0,CCO[C@H]1O[C@@H]2OC3(C)CC[C@H]4[C@H](C)CC[C@@H]([C@H]1C)[C@@]24OO3
614,5599,1.0,Cc1c(C(N)=O)cc([N+](=O)[O-])cc1[N+](=O)[O-]
615,4499,1.0,Cc1cc(NC(=O)C2=C(O)c3ccccc3S(=O)(=O)N2C)no1
616,29377,1.0,Cc1cc(CCCOc2c(C)cc(-c3noc(C(F)(F)F)n3)cc2C)on1
617,226,1.0,Cc1ccc(S(=O)(=O)NC(=O)NC2CCCCCCC2)cc1
618,1462,1.0,Cc1ccc(Cl)c(O)c1
619,1667,1.0,Cc1ncc([N+](=O)[O-])n1CC(O)CCl
620,23915,1.0,Cc1nnc(C(=O)NC(C)(C)c2nc(C(=O)NCc3ccc(F)cc3)c(O)c(=O)n2C)o1
621,12315,1.0,Cc1cnc(NC(=O)C2=C(O)c3ccccc3S(=O)(=O)N2C)s1
622,5138,1.0,Cc1oc(-c2ccccc2)nc1CCC(=O)c1ccc(CC2SC(=O)NC2=O)cc1
623,28130,1.0,CCCC(=O)O[C@]1(C(=O)CC)CC[C@H]2[C@@H]3CCC4=CC(=O)CC[C@]4(C)[C@H]3[C@@H](O)C[C@@]21C
624,2153,1.0,CCC(=O)O[C@H]1[C@H](O[C@@H]2[C@@H](C)[C@H](O[C@H]3C[C@@](C)(OC)[C@@H](O)[C@H](C)O3)[C@@H](C)C(=O)O[C@H](CC)[C@@](C)(O)[C@H](O)[C@@H](C)C(=O)[C@H](C)C[C@@]2(C)O)O[C@H](C)C[C@@H]1N(C)C
625,24309,1.0,CCC1(c2ccccc2)C(=O)NCNC1=O
626,21617,1.0,CCCC(CCC)(C(=O)OCC)C(=O)OCC
627,1283,1.0,CCCCCCCCCCC(CO)CCCCCCCC
628,20767,1.0,CCCCCCCCCCCCCCCCN
629,20326,1.0,CCCOc1ccc2c(c1)CC[C@@H]1[C@@H]2CC[C@]2(C)C(OC)CC[C@@H]12
630,7793,1.0,CCCS(=O)c1ccc2[nH]c(NC(=O)OC)nc2c1
631,653,1.0,CCN(CC)CC(=O)OCC(=O)[C@@]1(O)CC[C@H]2[C@@H]3CCC4=CC(=O)CC[C@]4(C)[C@H]3[C@@H](O)C[C@@]21C
632,24504,1.0,CCCCOc1cc(C(=O)NCCN(CC)CC)c2ccccc2n1
633,2880,1.0,CCOC(=O)c1cnc2c(cnn2CC)c1NN=C(C)C.Cl
634,27889,1.0,CC(=O)[C@]1(O)Cc2c(O)c3c(c(O)c2[C@@H](O[C@H]2C[C@H](N)[C@H](O)[C@H](C)O2)C1)C(=O)c1ccccc1C3=O.Cl
635,21629,1.0,Cc1cc(C(C)(C)C)cc(C)c1CC1=NCCN1.Cl
636,1460,1.0,CCCNC(C)(C)COC(=O)c1ccccc1.Cl
637,9282,1.0,CC1CC(OC(=O)C(O)c2ccccc2)CC(C)(C)N1C.Cl
638,653,1.0,CCN1CCCC(OC(=O)C(c2ccccc2)c2ccccc2)C1.Cl
639,1333,1.0,CN[C@@H]1[C@H](O)[C@H](NC)[C@H]2O[C@@]3(O)C(=O)C[C@@H](C)O[C@H]3O[C@@H]2[C@H]1O.Cl.Cl
640,21629,1.0,Cc1ncc(CSSCc2cnc(C)c(O)c2CO)c(CO)c1O.Cl.Cl
641,2837,1.0,CC(C)(N)Cc1ccc(Cl)cc1.Cl
642,6081,1.0,CN(C)CCN(Cc1ccc(Cl)cc1)c1ccccn1.Cl
643,15180,1.0,CC(C)NC(=N)NC(=N)Nc1ccc(Cl)cc1.Cl
644,11089,1.0,CC(Cc1ccccc1)NCc1ccccc1Cl.Cl
645,25232,1.0,CN(CCCl)CCCl.Cl
646,2437,1.0,CN(Cc1cc(Br)cc(Br)c1N)C1CCCCC1.Cl
647,688,1.0,CN1CCN(c2cc3c(cc2F)c(=O)c(C(=O)O)cn3-c2ccc(F)cc2)CC1.Cl
648,1907,1.0,CN1CCC(OC(c2ccccc2)c2ccccc2)CC1.Cl
649,2485,1.0,COc1ccc(-c2nc3cc(C4=NNC(=O)CC4C)ccc3[nH]2)cc1.Cl
650,20449,1.0,COc1ccc(OC)c(C(O)CNC(=O)CN)c1.Cl
651,6190,1.0,COc1ccc(Cc2nccc3cc(OC)c(OC)cc23)cc1OC.Cl
652,5540,1.0,COc1cc2c(cc1OC)C(C(C(=O)N(CCc1ccc(OC)c(OC)c1OC)CCc1ccc(OC)c(OC)c1OC)c1ccccc1)=NCC2.Cl
653,7050,1.0,Cl.FC(F)(F)c1cccc(C2=CCN(CCc3ccc4ccccc4c3)CC2)c1
654,5138,1.0,Cl.O=C(O)c1cn(-c2ccc(F)cc2)c2cc(N3CCNCC3)c(F)cc2c1=O
655,294,1.0,Cl.Nc1ccn([C@@H]2O[C@H](CO)[C@@H](O)C2(F)F)c(=O)n1
656,4902,1.0,Cl.NNc1ccccc1
657,813,1.0,COc1cc2nc(N3CCN(C(=O)C4CCCO4)CC3)nc(N)c2cc1OC.Cl
658,266,1.0,CC(C)CC(NC(=O)CNC(=O)[C@H](Cc1ccc(O)cc1)NC(=O)[C@@H](CO)NC(=O)[C@@H](Cc1c[nH]c2ccccc12)NC(=O)[C@H](Cc1c[nH]cn1)NC(=O)[C@H]1CCC(=O)N1)C(=O)N[C@H](CCCNC(=N)N)C(=O)N1CCC[C@@H]1C(=O)NCC(N)=O.Cl
659,1368,1.0,COc1cc2nc(N(C)CCCNC(=O)C3CCCO3)nc(N)c2cc1OC.Cl
660,690,1.0,Cl.OC(CCN1CCCCC1)(c1ccccc1)C1CC2C=CC1C2
661,12751,1.0,COc1cccc2c1C(=O)c1c(O)c3c(c(O)c1C2=O)C[C@@](O)(C(=O)CO)C[C@@H]3O[C@H]1C[C@H](N)[C@H](O)[C@H](C)O1.Cl
662,21409,1.0,CC(N)C(=O)OC(C)(C)Cc1ccc(Cl)cc1
663,6294,1.0,COc1ccc2c(c1)c(CC(=O)OCC(=O)O)c(C)n2C(=O)c1ccc(Cl)cc1
664,20268,1.0,O=C(NCCN1CCOCC1)c1ccc(Cl)cc1
665,510,1.0,Clc1ccc(C(c2ccc(Cl)cc2)C(Cl)(Cl)Cl)cc1
666,730,1.0,OCCOCCN1CCN(C(c2ccccc2)c2ccc(Cl)cc2)CC1
667,730,1.0,Clc1ccc(Nc2nnc(Cc3ccncc3)c3ccccc23)cc1
668,5257,1.0,CN1C(=O)CN=C(c2ccccc2)c2cc(Cl)ccc21
669,4944,1.0,Cc1nnc2n1-c1sc(CCC(=O)N3CCOCC3)cc1C(c1ccccc1Cl)=NC2
670,1275,1.0,ClC1=C(Cl)C2(Cl)C(CBr)CC1(Cl)C2(Cl)Cl
671,20269,1.0,O=C(O)COC(=O)Cc1ccccc1Nc1c(Cl)cccc1Cl
672,6181,1.0,Clc1ccc(C(c2ccccc2Cl)C(Cl)Cl)cc1
673,1824,1.0,Clc1ccccc1-c1nc(-c2ccncc2)no1
674,535,1.0,CCCC(=O)O[C@]1(C(=O)CCl)[C@@H](C)C[C@H]2[C@@H]3CCC4=CC(=O)C=C[C@]4(C)[C@@]3(F)C(=O)C[C@@]21C
675,18922,1.0,CC(=O)N(CC(=O)N(C)C)c1ccccc1
676,4624,1.0,CN(C)CCCOC1(Cc2ccccc2)CCCCCC1
677,24781,1.0,CCOC(C(=O)OCCN(C)C)(c1ccccc1)c1ccccc1
678,1275,1.0,CN(C)CCOC1=Cc2ccccc2Sc2ccc(Cl)cc21
679,14089,1.0,CN(CCOc1ccc(CC2SC(=O)NC2=O)cc1)c1ccccn1
680,12518,1.0,CN1CCC(=C2c3ccccc3C=Cc3ccccc32)CC1
681,24940,1.0,CCOCCn1c(N2CCCN(C)CC2)nc2ccccc21.O=C(O)/C=C/C(=O)O.O=C(O)/C=C/C(=O)O
682,4911,1.0,CN1CCN(C2=Nc3cc(F)ccc3Cc3ccccc32)CC1
683,843,1.0,Cc1cc2c(s1)Nc1ccccc1N=C2N1CCN(C)CC1
684,27939,1.0,COc1ccc2c(c1OC)C(=O)O[C@H]2[C@@H]1c2cc3c(cc2CCN1C)OCO3
685,96,1.0,CN1[C@@H]2CC[C@H]1C[C@@H](OC(=O)c1cc(Cl)cc(Cl)c1)C2
686,29271,1.0,COc1cc2c(Nc3ccc(Br)cc3F)ncnc2cc1OCC1CCN(C)CC1
687,7461,1.0,CNc1c2c(nn1C)CCCC2
688,1120,1.0,CNCCCC12CCC(c3ccccc31)c1ccccc12
689,22252,1.0,COC(=O)C(Cl)C(=O)OC
690,5505,1.0,COc1c2occc2cc2ccc(=O)oc12
691,20715,1.0,COc1cc(C(=O)OCCCN2CCCN(CCCOC(=O)c3cc(OC)c(OC)c(OC)c3)CC2)cc(OC)c1OC
692,576,1.0,COc1ccc(CCN(C)CCCC(C#N)(c2ccc(OC)c(OC)c2)C(C)C)cc1OC
693,29268,1.0,CCc1cc2cc(OC)c(OC)cc2c(Cc2ccccc2)n1
694,24995,1.0,COc1ccc(C(Cl)=C(c2ccc(OC)cc2)c2ccc(OC)cc2)cc1
695,12647,1.0,COc1c2occc2c(OC)c2c(=O)cc(C)oc12
696,5436,1.0,COc1ccnc2c1CCCCC2S(=O)c1nc2ccccc2[nH]1
697,22390,1.0,CC1=C(CC(=O)O)c2cc(F)ccc2/C1=C\c1ccc(S(C)=O)cc1
698,5401,1.0,C[C@]12CC[C@@H]3c4ccc(O)cc4C[C@@H](CCCCCCCCCS(=O)CCCC(F)(F)C(F)(F)F)[C@H]3[C@@H]1CC[C@@H]2O
699,5058,1.0,NS(=O)(=O)c1cc2c(cc1C(F)(F)F)NCNS2(=O)=O
700,6181,1.0,FC(F)(F)c1ccccc1-n1ccnc1
701,4902,1.0,O=c1[nH]c(=O)n([C@H]2C[C@H](O)[C@@H](CO)O2)cc1F
702,20712,1.0,CC1CCN(CCCC(=O)c2ccc(F)cc2)CC1
703,7585,1.0,O=C(CCCN1CCC2(CC1)C(=O)NCN2c1ccccc1)c1ccc(F)cc1
704,510,1.0,O=S1(=O)c2cccc3cccc(c23)N1CCCN1CCN(c2ccc(F)cc2)CC1
705,5429,1.0,FC1(F)C(F)(F)C(F)(F)C2(F)C(F)(F)C(F)(F)C(F)(F)C(F)(F)C2(F)C1(F)F
706,3201,1.0,O=C(O)C(Cc1cc(I)c(O)c(I)c1)c1ccccc1
707,18939,1.0,O=C1OC2(c3ccccc31)c1cc(I)c(O)c(I)c1Oc1c2cc(I)c(O)c1I
708,28869,1.0,CC(C)(C#N)c1cc(Cn2cncn2)cc(C(C)(C)C#N)c1
709,3794,1.0,Cc1[nH]c(=O)c(C#N)cc1-c1ccncc1
710,6262,1.0,CC(C)(Cc1c[nH]c2ccccc12)NCC(O)COc1ccccc1C#N
711,139,1.0,N#CCC(=O)NN
712,28738,1.0,N=C(Nc1ccccc1)Nc1ccccc1
713,29127,1.0,Nc1ccc(S(=O)(=O)c2ccc(N)cc2)cc1
714,2315,1.0,Nc1ccc(N)cc1
715,15784,1.0,CCOC(=O)Nc1ccc(NCc2ccc(F)cc2)nc1N.O=C(O)/C=C\C(=O)O
716,233,1.0,C[C@H]1[C@H](NC(=O)C(=NOC(C)(C)C(=O)O)c2csc(N)n2)C(=O)N1S(=O)(=O)O
717,15783,1.0,Nc1ccc(Cl)cc1C(=O)c1ccccc1F
718,27325,1.0,Nc1nc(N)nc(NC2CC2)n1
719,7084,1.0,Nc1nc(N)c(-c2ccccc2)s1
720,7304,1.0,Nc1nc(Cl)nc2c1ncn2[C@@H]1O[C@H](CO)[C@@H](O)[C@@H]1F
721,3907,1.0,Cc1onc(-c2ccccc2)c1-c1ccc(S(N)(=O)=O)cc1
722,5857,1.0,NCCCC[C@H](N[C@@H](CCc1ccccc1)C(=O)O)C(=O)N1CCC[C@H]1C(=O)O.O.O
723,3035,1.0,OC[C@H]1O[C@@H]2O[C@H]3[C@H](O)[C@@H](O)[C@@H](O[C@H]4[C@H](O)[C@@H](O)[C@@H](O[C@H]5[C@H](O)[C@@H](O)[C@@H](O[C@H]6[C@H](O)[C@@H](O)[C@@H](O[C@H]7[C@H](O)[C@@H](O)[C@@H](O[C@H]8[C@H](O)[C@@H](O)[C@@H](O[C@H]1[C@H](O)[C@H]2O)O[C@@H]8CO)O[C@@H]7CO)O[C@@H]6CO)O[C@@H]5CO)O[C@@H]4CO)O[C@@H]3CO
724,29082,1.0,CNC[C@H](O)[C@@H](O)[C@H](O)[C@H](O)CO
725,5506,1.0,O=[N+]([O-])c1ccc(C=NO)o1
726,21803,1.0,Cc1ncc([N+](=O)[O-])n1C
727,6082,1.0,O=C(NN=Cc1ccc([N+](=O)[O-])o1)c1ccc(O)cc1
728,21141,1.0,CCCC(=O)Nc1ccc(O)c(C(C)=O)c1
729,21306,1.0,CC(=O)Nc1ccccc1
730,155,1.0,COc1cc(C(=O)N2CCOCC2)cc(OC)c1OC
731,360,1.0,CC(C(=O)O)c1ccc(C(=O)c2cccs2)cc1
732,24161,1.0,COc1ccc(C(=O)c2ccccc2O)c(O)c1
733,27672,1.0,CCCc1ccc(OCC(=O)N2CCN(C(=O)COc3ccc(CCC)cc3OC)CC2)c(OC)c1
734,4687,1.0,CN1N=C(C(N)=O)CCC1=O
735,6232,1.0,NC(=O)c1ccc([N+](=O)[O-])cc1Cl
736,55,1.0,COc1cc2nc(N3CCN(C(=O)c4ccco4)CC3)nc(N)c2cc1OC
737,3719,1.0,O=C(Nc1ncc([N+](=O)[O-])s1)c1cccs1
738,2956,1.0,O=C(NCCO[N+](=O)[O-])c1cccnc1
739,3556,1.0,CN(C)[C@@H]1C(O)=C(C(=O)NCN2CCCC2)C(=O)[C@@]2(O)C(O)=C3C(=O)c4c(O)cccc4[C@@](C)(O)C3C[C@@H]12
740,24390,1.0,NNC(=O)c1ccncc1
741,27242,1.0,CN1CCC(=C2c3ccccc3Sc3ccccc32)CC1.O=C(O)/C=C\C(=O)O
742,29118,1.0,CN1Cc2c(N)cccc2C(c2ccccc2)C1.O=C(O)/C=C\C(=O)O
743,24668,1.0,CN1CCCN=C1/C=C/c1cccs1.O=C(O)[C@H](O)[C@@H](O)C(=O)O
744,29297,1.0,CCOCCn1c(C2CCN(CCc3ccc(C(C)(C)C(=O)O)cc3)CC2)nc2ccccc21
745,2563,1.0,CC(C(=O)O)c1ccc2c(c1)Cc1cccnc1O2
746,2381,1.0,CCC(CC)(CC(=O)Nc1cccc(/C=C/c2nc(C3CCC3)cs2)c1)C(=O)O
747,5429,1.0,Cn1c(=O)c2c(ncn2C)n(C)c1=O.O=C(O)CC(O)(CC(=O)O)C(=O)O
748,21206,1.0,CC1(C)CCC(C)(C)c2cc(NC(=O)c3ccc(C(=O)O)cc3)ccc21
749,22154,1.0,C#CC(C)(CC)OC(=O)c1ccccc1C(=O)O
750,6262,1.0,O=C(O)c1ccccc1NCCc1ccccc1
751,465,1.0,CC1CCc2cc(F)cc3c(=O)c(C(=O)O)cn1c23
752,24978,1.0,O=C(O)c1ccc2[nH]cc(CCCCN3CC=C(c4ccccc4)CC3)c2c1
753,15285,1.0,O=C(O)c1nn(Cc2ccc(Cl)cc2Cl)c2ccccc12
754,1240,1.0,CCOc1nc2cccc(C(=O)O)c2n1Cc1ccc(-c2ccccc2-c2nnn[nH]2)cc1
755,3950,1.0,O=C(O)Cc1cccc2ccccc12
756,451,1.0,CCCCCCCCCCC[C@@H](C[C@@H]1OC(=O)[C@H]1CCCCCC)OC(=O)C(CC(C)C)NC=O
757,27410,1.0,COC(=O)[C@@]1(C)[C@H](C)C[C@H]2[C@@H]3CCC4=CC(=O)C=C[C@]4(C)[C@H]3[C@@H](O)C[C@@]21C
758,4259,1.0,COC(=O)C1=C(C)NC(C)=C(C(=O)OC(C)C)C1c1cccc2nonc12
759,1240,1.0,COC(=O)Nc1nc2cc(S(=O)c3ccccc3)ccc2[nH]1
760,3848,1.0,CC1CC(OC(=O)c2ccccc2O)CC(C)(C)C1
761,7461,1.0,CCOC(=O)C(C#N)=C(c1ccccc1)c1ccccc1
762,21306,1.0,CCOC(=O)c1cccnc1
763,6241,1.0,CCOC(=O)c1c(C)n(C)c2ccc(O)cc12
764,2253,1.0,CCOC(=O)CN1CCCC1=O
765,1460,1.0,O=C(OOC(=O)c1ccccc1)c1ccccc1
766,6139,1.0,CC1=C(C)C(=O)C(CCCCC#CCCCC#CCO)=C(C)C1=O
767,451,1.0,C=CCN1CC[C@]23c4c5ccc(O)c4O[C@H]2C(=O)CC[C@@]3(O)[C@H]1C5
768,213,1.0,O=C(O)CCCC[C@@H]1SC[C@@H]2NC(=O)N[C@@H]21
769,1127,1.0,O=C1CCC(N2C(=O)c3ccccc3C2=O)C(=O)N1
770,1770,1.0,CCC1(CC)C(=O)NC(=O)NC1=O
771,27950,1.0,CC1=C(C)C(=O)C(C(CCCCCC(=O)O)c2ccccc2)=C(C)C1=O
772,4930,1.0,Cn1c(=O)c2c(ncn2CC2OCCO2)n(C)c1=O
773,27673,1.0,Cn1c(=O)c2c(ncn2CCO)n(C)c1=O
774,6251,1.0,CC1=NN(c2ccccc2)C(=O)C1
775,24429,1.0,Cc1c(NC(=O)c2cccnc2)c(=O)n(-c2ccccc2)n1C
776,1563,1.0,C=C1C[C@@H]2[C@H](CC[C@]3(C)C(=O)CC[C@@H]23)[C@@]2(C)C=CC(=O)C=C12
777,5492,1.0,O=C1c2ccccc2C(=O)c2c1ccc(O)c2O
778,1031,1.0,O=C1C(CCS(=O)c2ccccc2)C(=O)N(c2ccccc2)N1c1ccccc1
779,6573,1.0,C[C@]12CCC(=O)C=C1C=C[C@@H]1[C@@H]2CC[C@@]2(C)[C@H]1CC[C@@]21CCC(=O)O1
780,6698,1.0,C[C@]12CC[C@H]3[C@@H](CCC4=CC(=O)CC[C@@H]43)[C@@H]1CC[C@@H]2OC(=O)CCC1CCCCC1
781,24801,1.0,CN(C)CCc1c[nH]c2ccc(CS(=O)(=O)N3CCCC3)cc12
782,13538,1.0,CCN(CC)S(=O)(=O)c1ccc(C(=O)O)cc1
783,24645,1.0,Nc1ccc(S(=O)(=O)Nc2ccccn2)cc1
784,2526,1.0,COc1ccc(S(=O)(=O)Nc2nnc(CC(C)C)s2)cc1
785,7304,1.0,CC(C)(C)c1nnc(NS(=O)(=O)c2ccc(N)cc2)s1
786,4687,1.0,CNC(C)(C)Cc1ccccc1.CNC(C)(C)Cc1ccccc1.O=S(=O)(O)O
787,27476,1.0,COC(=O)[C@H](c1ccccc1Cl)N1CCc2sccc2C1.O=S(=O)(O)O
788,24869,1.0,N=C(N)N1CCc2ccccc2C1.N=C(N)N1CCc2ccccc2C1.O=S(=O)(O)O
789,15288,1.0,CS(=O)(=O)c1ccc([C@@H](O)[C@@H](CO)NC(=O)C(Cl)Cl)cc1
790,24691,1.0,Cc1cccc(C)c1NC(=O)c1cc(S(N)(=O)=O)c(Cl)cc1O
791,28803,1.0,C[C@H](CS)C(=O)N1CCC[C@H]1C(=O)O
792,55,1.0,O=C(O)CCNC(=O)c1ccc(/N=N/c2ccc(O)c(C(=O)O)c2)cc1
793,707,1.0,Nc1ccc(O)c(C(=O)O)c1
794,24481,1.0,Cc1cccc(C(=O)O)c1O
795,4930,1.0,OC(C#CCN1CCCC1)(c1ccccc1)c1ccccc1
796,826,1.0,COc1ccccc1OCC(O)CN1CCN(CC(=O)Nc2c(C)cccc2C)CC1
797,29128,1.0,O=C1O[C@H]([C@@H](O)CO)C(O)=C1O
798,1346,1.0,CCN(CC)C(=O)/C(C#N)=C/c1cc(O)c(O)c([N+](=O)[O-])c1
799,27174,1.0,O=S1(=O)OC(c2ccc(O)cc2)(c2ccc(O)cc2)c2ccccc21
800,1957,1.0,O=c1c(-c2ccc(O)cc2)coc2cc(O)cc(O)c12
801,7263,1.0,CNC[C@H](O)c1ccc(O)c(O)c1
802,7713,1.0,Oc1ccc(O)cc1
803,6266,1.0,OC[C@H]1O[C@@H](OCCc2ccc(O)cc2)[C@H](O)[C@@H](O)[C@@H]1O
804,4869,1.0,Oc1ccc(OCc2ccccc2)cc1
805,6035,1.0,CN1CCc2cc(Cl)c(O)cc2[C@H]2c3ccccc3CC[C@@H]21
806,5692,1.0,C=CCN1CC[C@]23CCCC[C@H]2[C@H]1Cc1ccc(O)cc13
807,28473,1.0,C[C@]12CCC(=O)C=C1CC[C@@H]1[C@@H]2CC[C@@]2(C)[C@H]1CC[C@]2(O)C(=O)CO
808,27202,1.0,CCCCC(=O)O[C@]1(C(=O)CO)[C@H](C)C[C@H]2[C@@H]3CCC4=CC(=O)C=C[C@]4(C)[C@@]3(F)[C@@H](O)C[C@@]21C
809,7258,1.0,CC1(C)O[C@@H]2C[C@H]3[C@@H]4C[C@H](F)C5=CC(=O)C=C[C@]5(C)[C@H]4[C@@H](O)C[C@]3(C)[C@]2(C(=O)CO)O1
810,820,1.0,CC(=O)N(CC(O)CO)c1c(I)c(C(=O)NCC(O)CO)c(I)c(C(=O)NCC(O)CO)c1I
811,147,1.0,CCCCCCCCCCCCCCCCCC(=O)OCC(O)CO
812,360,1.0,O=C(O)c1ccc2ccccc2c1O.OCc1cc(C(O)CNCCCCCCOCCCCc2ccccc2)ccc1O
813,6572,1.0,C[N+](C)(C)CCCCCCCCCC[N+](C)(C)C.[Br-].[Br-]
814,24938,1.0,C[N+]1(C)CCC(OC(=O)C(O)(c2ccccc2)C2CCCC2)C1.[Br-]
815,6811,1.0,CC(C)[N+](C)(CCOC(=O)C1c2ccccc2Oc2ccccc21)C(C)C.[Br-]
816,1930,1.0,CC[N+](C)(CC)CCOC(=O)C1c2ccccc2Oc2ccccc21.[Br-]
817,7770,1.0,COC1CC(=C(c2cccs2)c2cccs2)C[N+](C)(C)C1.[Br-]
818,22315,1.0,C[N+]1(CCC(C(N)=O)(c2ccccc2)c2ccccc2)CCCCC1.[Br-]
819,825,1.0,O=C(O)CCCC[P+](c1ccccc1)(c1ccccc1)c1ccccc1.[Br-]
820,5218,1.0,CC[N+]1(CC)CCC(OC(=O)C(O)(c2ccccc2)c2ccccc2)C1.[Br-]
821,508,1.0,C[N+]1(C)CCCC(OC(=O)C(O)(c2ccccc2)c2ccccc2)C1.[Br-]
822,2159,1.0,CC[N+]1(C)CCCC(OC(=O)C(O)(c2ccccc2)c2ccccc2)C1.[Br-]
823,3556,1.0,CN(C)C(=O)Oc1ccc[n+](C)c1.[Br-]
824,193,1.0,CN(C)C(=O)Oc1cccc([N+](C)(C)C)c1.[Br-]
825,24798,1.0,C[N+]12CCC(CC1)C(OC(=O)C(O)(c1ccccc1)c1ccccc1)C2.[Br-]
826,22187,1.0,C[N+]1(C)[C@@H]2C[C@@H](OC(=O)[C@H](CO)c3ccccc3)C[C@H]1[C@@H]1O[C@@H]12.[Br-]
827,24886,1.0,CCCC[N+]1(C)[C@@H]2C[C@@H](OC(=O)[C@H](CO)c3ccccc3)C[C@H]1[C@@H]1O[C@@H]12.[Br-]
828,7875,1.0,CCCCCCCC/C=C/C(=O)[O-].CCCCCCCC/C=C/C(=O)[O-].[Ca+2]
829,28532,1.0,C[C@H](C(=O)[O-])c1cccc(Oc2ccccc2)c1.C[C@H](C(=O)[O-])c1cccc(Oc2ccccc2)c1.O.O.[Ca+2]
830,24773,1.0,C[N+](C)(C)CC[N+]1(C)Cc2c(Cl)c(Cl)c(Cl)c(Cl)c2C1.[Cl-].[Cl-]
831,1916,1.0,C[N+](C)(C)CCOC(=O)CCC(=O)OCC[N+](C)(C)C.[Cl-].[Cl-]
832,15592,1.0,C[N+](C)(C)CC(=O)O.[Cl-]
833,5637,1.0,CC(=O)OC(C)C[N+](C)(C)C.[Cl-]
834,17594,1.0,CC(C[N+](C)(C)C)OC(N)=O.[Cl-]
835,222,1.0,CC(=O)OCC[N+](C)(C)C.[Cl-]
836,27539,1.0,C[N+](C)(C)CCOC(N)=O.[Cl-]
837,24394,1.0,CC[N+](C)(C)c1cccc(O)c1.[Cl-]
838,18808,1.0,CC(C)[N+](C)(C)CC(O)COc1cccc2ccccc12.[Cl-]
839,1543,1.0,CCCc1ncc(C[n+]2ccccc2C)c(N)n1.Cl.[Cl-]
840,28830,1.0,COc1cc2c3cc1Oc1cc(ccc1O)C[C@@H]1c4c(cc(OC)c(O)c4Oc4ccc(cc4)C[C@@H]3N(C)CC2)CC[N+]1(C)C.Cl.[Cl-]
841,1006,1.0,Nc1c[n+](N2CCOCC2)no1.[Cl-]
842,27428,1.0,C[n+]1ccccc1/C=N/O.[Cl-]
843,1520,1.0,O=C(O[C@H]1C[C@H]2CC[C@@H](C1)[N+]21CCCC1)C(O)(c1ccccc1)c1ccccc1.[Cl-]
844,24800,1.0,O=C([O-])CN(CCN(CC(=O)[O-])CC(=O)[O-])CC(=O)[O-].[Fe+3].[Na+]
845,24383,1.0,CC(O)CN1CCN(CC(=O)[O-])CCN(CC(=O)[O-])CCN(CC(=O)[O-])CC1.[Gd+3]
846,28819,1.0,CNC(=O)CN(CCN(CCN(CC(=O)[O-])CC(=O)NC)CC(=O)[O-])CC(=O)[O-].O.[Gd+3]
847,288,1.0,CC[N+](CC)(CC)CCOc1cccc(OCC[N+](CC)(CC)CC)c1OCC[N+](CC)(CC)CC.[I-].[I-].[I-]
848,14968,1.0,COc1ccc2cc1Oc1cc3c(cc1OC)CC[N+](C)(C)[C@H]3Cc1ccc(cc1)Oc1c(OC)c(OC)cc3c1[C@@H](C2)[N+](C)(C)CC3.[I-].[I-]
849,28821,1.0,C[N+]1(CC2COC(c3ccccc3)(C3CCCCC3)O2)CCCCC1.[I-]
850,6068,1.0,CC[N+](CC)(CC)CCOc1ccc(/C=C/c2ccccc2)cc1.[I-]
851,2131,1.0,C[N+](C)(C)CCOC(=O)C(O)(c1ccccc1)c1ccccc1.[I-]
852,807,1.0,CC(=O)CC(c1ccccc1)c1c([O-])c2ccccc2oc1=O.[K+]
853,27180,1.0,O=C([O-])P(=O)([O-])[O-].[Na+].[Na+].[Na+]
854,27118,1.0,O=C([O-])CC(O)C(=O)[O-].[Na+].[Na+]
855,28176,1.0,O=C([O-])c1cc(=O)c2c(OCC(O)COc3cccc4oc(C(=O)[O-])cc(=O)c34)cccc2o1.[Na+].[Na+]
