,DSSTox_CID,SR-p53,SMILES
0,27683,0.0,CCN1C(=CC=Cc2sc3ccccc3[n+]2CC)Sc2ccccc21.[I-]
1,4911,0.0,COC(=O)C[C@](O)(CCCC(C)(C)O)C(=O)O[C@@H]1C(OC)=CC23CCCN2CCc2cc4c(cc2[C@H]13)OCO4
2,17200,0.0,Cc1cccc(C)c1OCC(C)N.Cl
3,1326,0.0,CO.COc1cc(Nc2c(C#N)cnc3cc(OCCCN4CCN(C)CC4)c(OC)cc23)c(Cl)cc1Cl
4,24754,0.0,CC1(C)S[C@@H]2[C@H](NC(=O)[C@H](N)c3ccc(O)cc3)C(=O)N2[C@H]1C(=O)O
5,8684,0.0,COC(=O)C1=C(C)NC(C)=C(C(=O)OCCN(C)Cc2ccccc2)C1c1cccc([N+](=O)[O-])c1.Cl
6,21705,0.0,COc1ccc(C[C@H](N)C(=O)N[C@H]2[C@@H](O)[C@H](n3cnc4c(N(C)C)ncnc43)O[C@@H]2CO)cc1.Cl.Cl
7,13509,0.0,Cc1nc(Nc2ncc(C(=O)Nc3c(C)cccc3Cl)s2)cc(N2CCN(CCO)CC2)n1
8,6444,0.0,C[C@]12O[C@H](C[C@]1(O)CO)n1c3ccccc3c3c4c(c5c6ccccc6n2c5c31)CNC4=O
9,3319,0.0,CN1C(=O)N(c2ccccc2Br)Cc2cnc(Nc3ccc4c(c3)OCC(CO)O4)nc21
10,377,0.0,C[C@H]1O[C@@H](O[C@H]2[C@@H](O)C[C@H](O[C@H]3[C@@H](O)C[C@H](O[C@H]4CC[C@@]5(C)[C@H](CC[C@@H]6[C@@H]5CC[C@]5(C)[C@@H](C7=CC(=O)OC7)CC[C@]65O)C4)O[C@@H]3C)O[C@@H]2C)C[C@H](O)[C@@H]1O
11,25761,0.0,O=C(Nc1ccc([N+](=O)[O-])cc1Cl)c1cc(Cl)ccc1O
12,28925,0.0,CCCCCCCCOC(=O)c1cc(O)c(O)c(O)c1
13,7047,0.0,CN(C)C(=S)SSC(=S)N(C)C
14,12318,0.0,CN1C2CCC1CC(OC(c1ccccc1)c1ccc(Cl)cc1)C2
15,2127,0.0,CCN(CC)CCOc1ccc(Cc2ccccc2)cc1
16,26767,0.0,CN(C)CCCN1c2ccccc2Sc2ccc(Cl)cc21.Cl
17,10698,0.0,COc1cc(NS(C)(=O)=O)ccc1Nc1c2ccccc2nc2ccccc12.Cl
18,20696,0.0,IC(I)=C(I)I
19,4073,0.0,Nc1nc(N)c2nc(-c3ccccc3)c(N)nc2n1
20,14769,0.0,O=C1C=CC(=O)N1c1ccc(Cc2ccc(N3C(=O)C=CC3=O)cc2)cc1
21,7733,0.0,C=C1C(=O)O[C@H]2[C@H]1CC/C(C)=C/CC[C@@]1(C)O[C@@H]21
22,18755,0.0,COc1cc2c(cc1O)CCN[C@]21CS[C@@H]2c3c(OC(C)=O)c(C)c4c(c3[C@H](COC1=O)N1[C@@H]2[C@H]2c3c(cc(C)c(OC)c3O)C[C@@H]([C@@H]1O)N2C)OCO4
23,5500,0.0,CCN(CC)c1ccc2c(C)cc(=O)oc2c1
24,22392,0.0,Cl.O=C(c1ccc(OCCN2CCCCC2)cc1)c1c(-c2ccc(O)cc2)sc2cc(O)ccc12
25,9321,0.0,N#Cc1nc(Cl)c(Cl)c(Cl)c1Cl
26,26257,0.0,Cc1cc(=O)oc2cc(N(C)C)ccc12
27,2613,0.0,CC[C@H]1CN2CCc3cc(OC)c(OC)cc3[C@@H]2C[C@@H]1C[C@H]1NCCc2cc(OC)c(OC)cc21
28,25254,0.0,C[C@@H]1CC(=O)NN=C1c1ccc(NN=C(C#N)C#N)cc1
29,24434,0.0,N#Cc1c2ccccc2cc2ccccc12
30,969,0.0,O=[N+]([O-])c1ccc(Cl)c([N+](=O)[O-])c1
31,1725,0.0,COc1c(C)c2c(c(O)c1C/C=C(\C)CCC(=O)O)C(=O)OC2
32,27180,0.0,CC(=O)O[C@H]1C[C@H](O[C@H]2[C@@H](O)C[C@H](O[C@H]3[C@@H](O)C[C@H](O[C@H]4CC[C@@]5(C)[C@H](CC[C@@H]6[C@@H]5C[C@@H](O)[C@]5(C)[C@@H](C7=CC(=O)OC7)CC[C@]65O)C4)O[C@@H]3C)O[C@@H]2C)O[C@H](C)[C@H]1O[C@@H]1O[C@H](CO)[C@@H](O)[C@H](O)[C@H]1O
33,29375,0.0,C[n+]1c2cc(N)ccc2cc2ccc(N)cc21.Nc1ccc2cc3ccc(N)cc3nc2c1.[Cl-]
34,21202,0.0,Cc1c2oc3c(C)ccc(C(=O)N[C@@H]4C(=O)N[C@H](C(C)C)C(=O)N5CCC[C@H]5C(=O)N(C)CC(=O)N(C)[C@@H](C(C)C)C(=O)O[C@@H]4C)c3nc-2c(C(=O)N[C@@H]2C(=O)N[C@H](C(C)C)C(=O)N3CCC[C@H]3C(=O)N(C)CC(=O)N(C)[C@@H](C(C)C)C(=O)O[C@@H]2C)c(N)c1=O
35,4453,0.0,CCN(CC)c1ccc2c(C)cc(=O)oc2c1
36,3722,0.0,CCC(C)(NC(=O)c1cc(Cl)c(C)c(Cl)c1)C(=O)CCl
37,28683,0.0,Cc1ccc(Nc2nccc(N(C)c3ccc4c(C)n(C)nc4c3)n2)cc1S(N)(=O)=O
38,16436,0.0,COC(=O)C[C@](O)(CCCC(C)(C)O)C(=O)O[C@@H]1C(OC)=CC23CCCN2CCc2cc4c(cc2[C@H]13)OCO4
39,5890,0.0,CO[C@H]1[C@@H](O)C[C@H](O[C@H]2[C@@H](O)C[C@H](O[C@H]3[C@@H](O)C[C@H](O[C@H]4CC[C@@]5(C)[C@H](CC[C@@H]6[C@@H]5C[C@@H](O)[C@]5(C)[C@@H](C7=CC(=O)OC7)CC[C@]65O)C4)O[C@@H]3C)O[C@@H]2C)O[C@@H]1C
40,11458,0.0,C[C@@H]1O[C@@H](O[C@H]2C[C@@H](O)[C@]3(CO)[C@H]4[C@H](O)C[C@]5(C)[C@@H](C6=CC(=O)OC6)CC[C@]5(O)[C@@H]4CC[C@]3(O)C2)[C@H](O)[C@H](O)[C@H]1O
41,17507,0.0,C[C@@H]1O[C@@H](O[C@@H]2C=C3CC[C@@H]4[C@H](CC[C@]5(C)[C@@H](c6ccc(=O)oc6)CC[C@]45O)[C@@]3(C)CC2)[C@H](O)[C@H](O)[C@H]1O
42,78,0.0,CO[C@@H]1[C@H](O)C[C@@H](O[C@@H]2C[C@H](Oc3cc4cc5c(c(O)c4c(O)c3C)C(=O)[C@@H](O[C@H]3C[C@@H](O[C@H]4C[C@@H](O[C@H]6C[C@](C)(O)[C@@H](OC(C)=O)[C@H](C)O6)[C@H](O)[C@@H](C)O4)[C@H](O)[C@@H](C)O3)[C@H]([C@H](OC)C(=O)[C@@H](O)[C@@H](C)O)C5)O[C@H](C)[C@@H]2OC(=O)O)O[C@@H]1C
43,606,0.0,CCOC(=O)C1(c2ccccc2)CCN(CCC(C#N)(c2ccccc2)c2ccccc2)CC1.Cl
44,14095,0.0,CCOC(=O)Oc1c(OC)cc(C(=O)O[C@@H]2C[C@@H]3CN4CCc5c([nH]c6cc(OC)ccc56)[C@H]4C[C@@H]3[C@H](C(=O)OC)[C@H]2OC)cc1OC
45,20234,0.0,C[C@H]1O[C@@H](O[C@H]2[C@@H](O)C[C@H](O[C@H]3[C@@H](O)C[C@H](O[C@H]4CC[C@@]5(C)[C@H](CC[C@@H]6[C@@H]5C[C@@H](O)[C@]5(C)[C@@H](C7=CC(=O)OC7)CC[C@]65O)C4)O[C@@H]3C)O[C@@H]2C)C[C@H](O)[C@@H]1O
46,7438,0.0,C[C@@H]1O[C@@H](O[C@H]2C[C@@H](O)[C@]3(CO)[C@H]4[C@H](O)C[C@]5(C)[C@@H](C6=CC(=O)OC6)CC[C@]5(O)[C@@H]4CC[C@]3(O)C2)[C@H](O)[C@H](O)[C@H]1O
47,24129,0.0,C[C@@H]1C[C@@H]([C@H](O)CC2CC(=O)NC(=O)C2)C(=O)[C@@H](C)C1
48,28149,0.0,CC(C)N(C(=O)CCl)c1ccccc1
49,9696,0.0,CC/N=c1/cc2oc3cc(NCC)c(C)cc3c(-c3ccccc3C(=O)OCC)c-2cc1C.Cl
50,6722,0.0,CCCCCCCCCCCCCC[P+](CCCC)(CCCC)CCCC.CCCCCCCCCCCCc1ccccc1S(=O)(=O)[O-]
51,12626,0.0,OB(O)O[Hg]c1ccccc1
52,5301,0.0,O=C(Nc1cccc(C(F)(F)F)c1)c1cc(Br)cc(Br)c1O
53,25495,0.0,CCCCCCCC[N+](C)(C)CCCCCCCC.[Cl-]
54,3009,0.0,CC(C)C[C@@H]1NC(=O)[C@H](CCCN)NC(=O)[C@H](C(C)C)NC(=O)[C@@H]2CCCN2C(=O)[C@@H](Cc2ccccc2)NC(=O)[C@H](CC(C)C)NC(=O)[C@H](CCCN)NC(=O)[C@H](C(C)C)NC(=O)[C@@H]2CCCN2C(=O)[C@@H](Cc2ccccc2)NC1=O
55,27433,0.0,Oc1ccc([Hg]Cl)cc1
56,6256,0.0,CC(CN1c2ccccc2Sc2ccccc21)N(C)C
57,26447,0.0,COC1=C(OC)C(=O)C(CCCCCCCCCCO)=C(C)C1=O
58,21916,0.0,CNC(=O)c1cc(Oc2ccc(NC(=O)Nc3ccc(Cl)c(C(F)(F)F)c3)cc2)ccn1.Cc1ccc(S(=O)(=O)O)cc1
59,1980,0.0,O=C(OC[C@H]1O[C@@H](OC(=O)c2cc(O)c(O)c(OC(=O)c3cc(O)c(O)c(O)c3)c2)[C@H](OC(=O)c2cc(O)c(O)c(OC(=O)c3cc(O)c(O)c(O)c3)c2)[C@@H](OC(=O)c2cc(O)c(O)c(OC(=O)c3cc(O)c(O)c(O)c3)c2)[C@@H]1OC(=O)c1cc(O)c(O)c(OC(=O)c2cc(O)c(O)c(O)c2)c1)c1cc(O)c(O)c(OC(=O)c2cc(O)c(O)c(O)c2)c1
60,27911,0.0,Oc1c(Cl)cc(Cl)cc1Sc1cc(Cl)cc(Cl)c1O
61,15148,0.0,Oc1ccc(Cl)cc1Sc1cc(Cl)ccc1O
62,25974,0.0,[Cl-].[Cl-].[Hg+2]
63,24941,0.0,CN(C)C(=S)SC(=S)N(C)C
64,29100,0.0,O=[N+]([O-])c1ccc(Cl)c([N+](=O)[O-])c1
65,1191,0.0,CC(C)C[C@H](NC(=O)[C@H](Cc1ccccc1)NC(=O)c1cnccn1)B(O)O
66,21443,0.0,CCCCCCCCn1sccc1=O
67,7235,0.0,Nc1ccc2cc3ccc(N)cc3nc2c1.Nc1ccc2cc3ccc(N)cc3nc2c1.O=S(=O)(O)O
68,2478,0.0,Oc1ccc(C2(c3ccc(O)cc3)c3ccccc3-c3ccccc32)cc1
69,7926,0.0,CN(C)c1ccc2nc3ccc(N(C)C)cc3[s+]c2c1.[Cl-]
70,9120,0.0,CC1(S(=O)(=O)[O-])CC(=O)c2ccccc2C1=O.[Na+]
71,13173,0.0,O=[N+]([O-])/C=C/c1ccccc1
72,28506,0.0,COc1cc2c(N3CCN(C(=O)Nc4ccc(OC(C)C)cc4)CC3)ncnc2cc1OCCCN1CCCCC1
73,5075,0.0,CCOC(=O)C1=C(C)NC(C)=C(C(=O)OCC)C1c1ccccc1/C=C/C(=O)OC(C)(C)C
74,1518,0.0,CN1CC[C@H](c2c(O)cc(O)c3c(=O)cc(-c4ccccc4Cl)oc23)[C@H](O)C1.Cl
75,190,0.0,Cl.Nc1c2ccccc2nc2ccccc12.O
76,713,0.0,CCOC(=O)c1nc(C(Cl)(Cl)Cl)n(-c2ccc(Cl)cc2Cl)n1
77,23923,0.0,CN(C)CCOc1ccc(/C(=C(/CCCl)c2ccccc2)c2ccccc2)cc1.O=C(O)CC(O)(CC(=O)O)C(=O)O
78,12029,0.0,O=C(Oc1cccc2cccnc12)c1ccccc1
79,7548,0.0,CC(=O)O[C@H]1C[C@H](O[C@H]2[C@@H](O)C[C@H](O[C@H]3[C@@H](O)C[C@H](OC4CC[C@@]5(C)[C@H](CC[C@@H]6[C@@H]5CC[C@]5(C)[C@@H](C7=CC(=O)OC7)CC[C@]65O)C4)O[C@@H]3C)O[C@@H]2C)O[C@H](C)[C@H]1O[C@@H]1O[C@H](CO)[C@@H](O)[C@H](O)[C@H]1O
80,4657,0.0,CC1=CC(=O)c2ccccc2C1=O
81,14516,0.0,CC[C@]1(O)C[C@H]2C[N@](CCc3c([nH]c4ccccc34)[C@@](C(=O)OC)(c3cc4c(cc3OC)N(C)[C@H]3[C@@](O)(C(N)=O)[C@H](O)[C@]5(CC)C=CCN6CC[C@]43[C@@H]65)C2)C1.O=S(=O)(O)O
82,4235,0.0,OCCN(CCO)c1nc(N2CCCCC2)c2nc(N(CCO)CCO)nc(N3CCCCC3)c2n1
83,5729,0.0,CN(C)C(=S)[S-].CN(C)C(=S)[S-].[Cu+2]
84,9871,0.0,CN(C)C(=S)[S-].CN(C)C(=S)[S-].CN(C)C(=S)[S-].[Fe+3]
85,3526,0.0,COCc1c(C(C)C)nc(C(C)C)c(/C=C/[C@@H](O)C[C@@H](O)CC(=O)[O-])c1-c1ccc(F)cc1.[Na+]
86,22230,0.0,CC(C)C[C@H](NC(=O)[C@H](CCc1ccccc1)NC(=O)CN1CCOCC1)C(=O)N[C@@H](Cc1ccccc1)C(=O)N[C@@H](CC(C)C)C(=O)[C@@]1(C)CO1
87,15768,0.0,c1ccc2cc3c(cc2c1)-c1cccc2cccc-3c12
88,29807,0.0,N#C/C(=C1/SC[C@@H](c2ccc(Cl)cc2Cl)S1)n1ccnc1
89,27036,0.0,COC(=O)Nc1nc2cc(C(=O)c3cccs3)ccc2[nH]1
90,24583,0.0,NC(=O)N1C(=O)C(C(=O)c2cc(Cl)cs2)c2cc(F)c(Cl)cc21
91,10310,0.0,C=C(C)[C@H]1Cc2c(ccc3c2O[C@@H]2COc4cc(OC)c(OC)cc4[C@@H]2C3=O)O1
92,1878,0.0,N#Cc1c(Cl)c(Cl)c(Cl)c(C#N)c1Cl
93,3870,0.0,Oc1c(Cl)cc(Cl)c(Cl)c1Cc1c(O)c(Cl)cc(Cl)c1Cl
94,2825,0.0,CCOC(=O)N1CCC(=C2c3ccc(Cl)cc3CCc3cccnc32)CC1
95,6061,0.0,COc1cc([C@@H]2c3cc4c(cc3C(O[C@@H]3O[C@@H]5COC(c6cccs6)O[C@H]5[C@H](O)[C@H]3O)C3COC(=O)[C@@H]32)OCO4)cc(OC)c1O
96,26171,0.0,O=C(O)CN(CC(=O)O)CC1=CC2C(=CC1=O)Oc1cc(O)c(CN(CC(=O)O)CC(=O)O)cc1C21OC(=O)c2ccccc21
97,26550,0.0,CCCCCCCCCCCCOC(=O)c1cc(O)c(O)c(O)c1
98,3157,0.0,CO[C@H](C(=O)[C@@H](O)[C@@H](C)O)C1Cc2cc3cc(O[C@H]4C[C@@H](O[C@H]5C[C@@H](O)[C@H](O)[C@@H](C)O5)[C@@H](O)[C@@H](C)O4)c(C)c(O)c3c(O)c2C(=O)[C@H]1O[C@H]1C[C@@H](O[C@H]2C[C@@H](O[C@H]3C[C@](C)(O)[C@H](O)[C@@H](C)O3)[C@H](O)[C@@H](C)O2)[C@H](O)[C@@H](C)O1
99,22580,0.0,CO[C@H](C(=O)[C@@H](O)[C@@H](C)O)C1Cc2cc3cc(O[C@H]4C[C@@H](O[C@H]5C[C@@H](O)[C@H](O)[C@@H](C)O5)[C@@H](O)[C@@H](C)O4)c(C)c(O)c3c(O)c2C(=O)[C@H]1O[C@H]1C[C@@H](O[C@H]2C[C@@H](O[C@H]3C[C@](C)(O)[C@H](O)[C@@H](C)O3)[C@H](O)[C@@H](C)O2)[C@H](O)[C@@H](C)O1
100,27533,0.0,CCCC[Sn](CCCC)(OC(C)=O)OC(C)=O
101,511,0.0,O=[N+]([O-])c1ccc(O)cc1C(F)(F)F
102,28806,0.0,C[C@]12Cc3nonc3C[C@@H]1CC[C@@H]1[C@@H]2CC[C@@]2(C)[C@H]1CC[C@]2(C)O
103,2313,0.0,COc1cc2c(c(OC)c1OC)-c1ccc(OC)c(=O)cc1[C@@H](NC(C)=O)CC2
104,24211,0.0,N#Cc1cc(I)c(O)c(I)c1
105,6848,0.0,N#Cc1cc(Br)c(O)c(Br)c1
106,820,0.0,Clc1ccc2cc3ccccc3cc2c1
107,25118,0.0,Cc1c2oc3c(C)ccc(C(=O)N[C@@H]4C(=O)N[C@H](C(C)C)C(=O)N5CCC[C@H]5C(=O)N(C)CC(=O)N(C)[C@@H](C(C)C)C(=O)O[C@@H]4C)c3nc-2c(C(=O)N[C@@H]2C(=O)N[C@H](C(C)C)C(=O)N3CCC[C@H]3C(=O)N(C)CC(=O)N(C)[C@@H](C(C)C)C(=O)O[C@@H]2C)c(N)c1=O
108,1643,0.0,CC[Hg]Sc1ccccc1C(=O)[O-].[Na+]
109,17757,0.0,CC(C)Nc1ccc(Nc2ccccc2)cc1
110,25559,0.0,Nc1ccc2cc3ccccc3cc2c1
111,1128,0.0,CCN1C(=CC=Cc2ccc3ccccc3[n+]2CC)C=Cc2ccccc21.[I-]
112,22059,0.0,O.O.O=[Cr](=O)([O-])O[Cr](=O)(=O)[O-].[Na+].[Na+]
113,27333,0.0,[O-][n+]1ccccc1S[Zn]Sc1cccc[n+]1[O-]
114,6613,0.0,CCc1nn(CCCN2CCN(c3cccc(Cl)c3)CC2)c(=O)n1CCOc1ccccc1.Cl
115,10955,0.0,O=C1C2CC=CCC2C(=O)N1SC(Cl)(Cl)Cl
116,308,0.0,O=C1c2ccccc2C(=O)N1SC(Cl)(Cl)Cl
117,25379,0.0,Oc1c(Cl)cc(Cl)c(Cl)c1Cc1c(O)c(Cl)cc(Cl)c1Cl
118,1414,0.0,CCCC1([C@H](O)C/C=C/[C@H]2[C@H](O)CC(=O)[C@@H]2CCCCCCC(=O)OC)CCC1
119,14331,0.0,O=C(CCl)c1ccc(Cl)cc1Cl
120,20486,0.0,O=C(CCl)c1ccc(Cl)cc1Cl
121,26913,0.0,CC[C@@H](C(=O)O)[C@@H]1O[C@@H]([C@@H](C)[C@H](O)[C@H](C)C(=O)[C@H](CC)[C@H]2O[C@]3(C=C[C@@H](O)[C@]4(CC[C@@](C)([C@H]5CC[C@](O)(CC)[C@H](C)O5)O4)O3)[C@H](C)C[C@@H]2C)[C@@H](C)C[C@@H]1C
122,14953,0.0,CN1C[C@H](CNC(=O)OCc2ccccc2)C[C@@H]2c3cccc4c3c(cn4C)C[C@H]21
123,13907,0.0,C[C@]12CC[C@H](O)C[C@H]1CC[C@@H]1[C@@H]2CC[C@]2(C)[C@@H](c3ccc(=O)oc3)C[C@H]3O[C@]132
124,18319,0.0,O=Nc1ccc(Nc2ccccc2)cc1
125,4771,0.0,COc1cc(/C=C/C(=O)CC(=O)/C=C/c2ccc(O)c(OC)c2)ccc1O
126,20131,0.0,S=C(SSC(=S)N1CCCCC1)N1CCCCC1
127,12879,0.0,CC[n+]1c(-c2ccccc2)c2cc(N)ccc2c2ccc(N)cc21.[Br-]
128,25647,0.0,Cc1cc(-c2ccc(N=Nc3c(S(=O)(=O)[O-])cc4cc(S(=O)(=O)[O-])cc(N)c4c3O)c(C)c2)ccc1N=Nc1c(S(=O)(=O)[O-])cc2cc(S(=O)(=O)[O-])cc(N)c2c1O.[Na+].[Na+].[Na+].[Na+]
129,15291,0.0,CN(C)C(=S)[S-].CN(C)C(=S)[S-].[Zn+2]
130,5637,0.0,C=C(C)[C@H]1Cc2c(ccc3c2O[C@@H]2COc4cc(OC)c(OC)cc4[C@@H]2C3=O)O1
131,29275,0.0,CC(O)C(=O)O[Hg]c1ccccc1
132,16291,0.0,Cl.O[C@@H](CNC[C@H](O)[C@H]1CCc2cc(F)ccc2O1)[C@@H]1CCc2cc(F)ccc2O1
133,4327,0.0,N#CC(c1ccc(Cl)cc1)c1c(Cl)cc(-n2ncc(=O)[nH]c2=O)cc1Cl
134,27791,0.0,CN1CCN2c3ccccc3Cc3ccccc3C2C1
135,26654,0.0,N#CSCSC#N
136,21615,0.0,Nc1nc(N)c2nc(-c3ccccc3)c(N)nc2n1
137,7305,0.0,CC(=O)O[C@H]1C[C@H](O[C@H]2[C@@H](O)C[C@H](O[C@H]3[C@@H](O)C[C@H](OC4CC[C@@]5(C)C(CC[C@@H]6[C@@H]5CC[C@]5(C)[C@@H](C7=CC(=O)OC7)[C@@H](O)C[C@]65O)C4)O[C@@H]3C)O[C@@H]2C)O[C@H](C)[C@H]1O[C@@H]1O[C@H](CO)[C@@H](O)[C@H](O)[C@H]1O
138,4981,0.0,O=C1Cc2cc(CCN3CCN(c4nsc5ccccc45)CC3)c(Cl)cc2N1
139,25861,0.0,CCOC(=O)C1=C(COCCN)NC(C)=C(C(=O)OC)C1c1ccccc1Cl.O=S(=O)(O)c1ccccc1
140,12493,0.0,Oc1c(Cl)cc(Cl)c2cccnc12
141,9234,0.0,COc1cc(/C=C/C(=O)CC(=O)/C=C/c2ccc(O)c(OC)c2)ccc1O
142,17033,0.0,O=[Cr](=O)([O-])O[Cr](=O)(=O)[O-].[K+].[K+]
143,6185,0.0,O=C([O-])c1ccccc1-c1c2cc(Br)c(=O)c(Br)c-2oc2c(Br)c([O-])c(Br)cc12.[Na+].[Na+]
144,24858,0.0,CC[C@@]1([C@@H]2O[C@@H]([C@H]3O[C@@](O)(CO)[C@H](C)C[C@@H]3C)C[C@@H]2C)CC[C@H]([C@]2(C)CC[C@]3(C[C@H](O)[C@@H](C)[C@@H]([C@@H](C)[C@@H](OC)[C@H](C)C(=O)[O-])O3)O2)O1.[Na+]
145,21127,0.0,O=[N+]([O-])c1ccc(Oc2ccc(N=C=S)cc2)cc1
146,15484,0.0,CC(C)=CCC1C(=O)N(c2ccccc2)N(c2ccccc2)C1=O
147,3975,0.0,C#C[C@]1(OC(C)=O)CC[C@H]2[C@@H]3CCC4=C/C(=N/O)CC[C@@H]4[C@H]3CC[C@@]21CC
148,3615,0.0,CC(=O)OCC(=O)[C@@]12N=C(C)O[C@@H]1C[C@H]1[C@@H]3CCC4=CC(=O)C=C[C@]4(C)[C@H]3[C@@H](O)C[C@@]12C
149,1805,0.0,CC(=O)OCC(=O)[C@@]12OC(C)(C)O[C@@H]1C[C@H]1[C@@H]3C[C@H](F)C4=CC(=O)C=C[C@]4(C)[C@@]3(F)[C@@H](O)C[C@@]12C
150,21319,0.0,C/C=C1\NC(=O)[C@H]2CSSCC/C=C/[C@H](CC(=O)N[C@H](C(C)C)C(=O)N2)OC(=O)[C@@H](C(C)C)NC1=O
151,5175,0.0,CC(C)c1ccc2oc3nc(N)c(C(=O)O)cc3c(=O)c2c1
152,6920,0.0,CCCN(CCC)C(=O)C(CCC(=O)OCCCN1CCN(CCOC(=O)Cc2c(C)n(C(=O)c3ccc(Cl)cc3)c3ccc(OC)cc23)CC1)NC(=O)c1ccccc1
153,26015,0.0,CC[C@@]1(O)C[C@H](O[C@H]2C[C@H](N(C)C)[C@H](O[C@H]3C[C@H](O)[C@H](O[C@H]4CCC(=O)[C@H](C)O4)[C@H](C)O3)[C@H](C)O2)c2c(cc3c(c2O)C(=O)c2c(O)cccc2C3=O)[C@H]1C(=O)OC.Cl
154,23753,0.0,N=C(N)NC(=O)c1nc(Cl)c(N)nc1N
155,2684,0.0,O=C(Nc1ccc([N+](=O)[O-])cc1Cl)c1cc(Cl)ccc1O
156,24654,0.0,CN(C)CCCN1c2ccccc2CCc2ccc(Cl)cc21
157,9610,0.0,Nc1ccc2cc3ccccc3cc2c1
158,16673,0.0,CCCCCCCC(=O)CC[C@@H]1[C@@H](C/C=C\CCCC(=O)OC(C)C)[C@@H](O)C[C@H]1O
159,6508,0.0,NC(=O)n1c(O)c(C(=O)c2cccs2)c2cc(Cl)ccc21
160,28564,0.0,CC(=O)c1ccc2c(c1)N(CCCN1CCN(CCO)CC1)c1ccccc1S2.O=C(O)/C=C\C(=O)O.O=C(O)/C=C\C(=O)O
161,26095,0.0,CC1(CN2CCC(n3c(=O)[nH]c4ccccc43)CC2)OCc2ccccc2-n2cccc21
162,8030,0.0,C[C@@]12C(=O)OC(=O)[C@]1(C)C1CCC2O1
163,7626,0.0,O=C(c1ccc(OCCN2CCCCC2)cc1)c1c(-c2ccc(O)cc2)sc2cc(O)ccc12
164,10138,0.0,COc1c(C)c2c(c(O)c1C/C=C(\C)CCC(=O)OCCN1CCOCC1)C(=O)OC2
165,3378,0.0,CC[n+]1c(-c2ccccc2)c2cc(N)ccc2c2ccc(N)cc21.[Br-]
166,4514,0.0,CC[n+]1c(-c2ccccc2)c2cc(N)ccc2c2ccc(N)cc21.[Br-]
167,5807,0.0,O=S(=O)([O-])c1ccccc1C=Cc1ccc(-c2ccc(C=Cc3ccccc3S(=O)(=O)[O-])cc2)cc1.[Na+].[Na+]
168,3246,0.0,COc1cc2c(c(OC)c1OC)-c1ccc(OC)c(=O)cc1[C@@H](NC(C)=O)CC2
169,7836,0.0,CC(=O)OCC(=O)[C@@]12OC3(CCCC3)O[C@@H]1C[C@H]1[C@@H]3CCC4=CC(=O)C=C[C@]4(C)[C@@]3(F)[C@@H](O)C[C@@]12C
170,11368,0.0,CC(C)CC(C)N(c1ccccc1)c1ccc(N)cc1
171,24377,0.0,COCCOC(=O)C1=C(C)NC(C)=C(C(=O)OC/C=C/c2ccccc2)C1c1cccc([N+](=O)[O-])c1
172,13672,0.0,Cl.Cl.O=C1c2c(O)ccc(O)c2C(=O)c2c(NCCNCCO)ccc(NCCNCCO)c21
173,2411,0.0,CCCSc1cc(OC)c(CCN)cc1OC.Cl
174,19719,0.0,Cl.Nc1c2ccccc2nc2ccccc12.O
175,1248,0.0,COc1cccc2c1C(=O)c1c(O)c3c(c(O)c1C2=O)C[C@@](O)(C(=O)CO)C[C@@H]3O[C@H]1C[C@H](N)[C@H](O)[C@H](C)O1.Cl
176,861,0.0,COc1ccc(/C=C/C(=O)Nc2ccccc2C(=O)O)cc1OC
177,18811,0.0,COC(COC(N)=O)C1=C(N2CC2)C(=O)C(C)=C(N2CC2)C1=O
178,26350,0.0,Nc1nc2nc[nH]c2c(=S)[nH]1
179,13387,0.0,CC(C(=O)O)c1ccc(C(=O)c2ccccc2)s1
180,25186,0.0,N[C@@H](Cc1ccc(N(CCCl)CCCl)cc1)C(=O)O
181,27272,0.0,O=C(O)c1ccc(-n2nc(-c3ccccc3O)nc2-c2ccccc2O)cc1
182,11129,0.0,CC[C@]1(O)C[C@@H]2C[N@@](CCc3c([nH]c4ccccc34)[C@@](C(=O)OC)(c3cc4c(cc3OC)N(C)[C@H]3[C@@](O)(C(=O)OC)[C@H](OC(C)=O)[C@]5(CC)C=CCN6CC[C@]43[C@@H]65)C2)C1.O=S(=O)(O)O
183,27094,0.0,O=C([O-])C[C@H](O)CC(O)/C=C/c1c(C2CC2)nc2ccccc2c1-c1ccc(F)cc1.O=C([O-])C[C@H](O)C[C@H](O)/C=C/c1c(C2CC2)nc2ccccc2c1-c1ccc(F)cc1.[Ca+2]
184,21523,0.0,CC[C@@]1(O)C(=O)OCc2c1cc1n(c2=O)Cc2cc3c([N+](=O)[O-])cccc3nc2-1
185,657,0.0,C(=Cc1ccncc1)c1ccccc1
186,10605,0.0,CC(=O)O[Hg]c1ccccc1
187,2911,0.0,COC(=O)C1=C(C)NC(C)=C(C(=O)OC)C1c1ccccc1[N+](=O)[O-]
188,442,0.0,CC1=C(/C=C/C(C)=C/C=C/C(C)=C/C=C/C=C(C)/C=C/C=C(C)/C=C/C2=C(C)C[C@@H](O)CC2(C)C)C(C)(C)C[C@H](O)C1
189,5347,0.0,C/C(=C\c1csc(C)n1)C1C[C@@H]2O[C@]2(C)CCC[C@H](C)C(O)[C@@H](C)C(=O)C(C)(C)[C@@H](O)CC(=O)O1
190,7118,0.0,Cl.O=C(CCCN1CCC(O)(c2cccc(C(F)(F)F)c2)CC1)c1ccc(F)cc1
191,145,0.0,Cl.O=C(c1ccc(OCCN2CCCCC2)cc1)c1c(-c2ccc(O)cc2)sc2cc(O)ccc12
192,20378,0.0,Cl[Hg]c1ccccc1
193,8970,0.0,N#Cc1c(Cl)c(Cl)c(Cl)c(C#N)c1Cl
194,14617,0.0,O=C(Nc1ccc(Cl)cc1)Nc1ccc(Cl)c(Cl)c1
195,6335,0.0,CC(C)[C@@]1(NC(=O)[C@@H]2C[C@@H]3c4cccc5[nH]cc(c45)C[C@H]3N(C)C2)O[C@@]2(O)[C@@H]3CCCN3C(=O)[C@H](Cc3ccccc3)N2C1=O
196,24514,0.0,CN[C@H]1CCc2cc(OC)c(OC)c(OC)c2-c2ccc(OC)c(=O)cc21
197,27605,0.0,O=c1[nH]c(=O)n([C@H]2C[C@H](O)[C@@H](CO)O2)cc1F
198,22152,0.0,N#C/C(=C1/SC[C@@H](c2ccc(Cl)cc2Cl)S1)n1ccnc1
199,14874,0.0,CCCCC[C@H](O)/C=C/[C@@H]1[C@@H](C/C=C\CCCC(=O)O)[C@@H](O)C[C@H]1O.COC(N)(CO)CO
200,4156,0.0,CC(C)C[C@H](NC(=O)[C@H](Cc1ccccc1)NC(=O)c1cnccn1)B(O)O
201,1582,0.0,O=C(O)Cc1cc(I)c(Oc2ccc(O)c(I)c2)c(I)c1
202,1059,0.0,O=C(O)Cn1c2ccccc2c(=O)c2ccccc21
203,28975,0.0,COC(=O)N(OC)c1ccccc1COc1ccn(-c2ccc(Cl)cc2)n1
204,11872,0.0,C[C@H]1O[C@@H](O[C@H]2[C@@H](O)C[C@H](O[C@H]3[C@@H](O)C[C@H](O[C@H]4CC[C@@]5(C)[C@H](CC[C@@H]6[C@@H]5C[C@@H](O)[C@]5(C)[C@@H](C7=CC(=O)OC7)CC[C@]65O)C4)O[C@@H]3C)O[C@@H]2C)C[C@H](O)[C@@H]1O
205,27829,0.0,O=c1ccc2cc(O[C@@H]3O[C@H](CO)[C@@H](O)[C@H](O)[C@H]3O)c(O)cc2o1
206,6795,0.0,O=c1[nH]c2ccccc2n1CCCN1CCN(C(c2ccccc2)c2ccccc2)CC1
207,26838,0.0,COc1cc([C@@H]2c3cc4c(cc3C(O[C@@H]3O[C@@H]5CO[C@@H](C)O[C@H]5[C@H](O)[C@H]3O)C3COC(=O)[C@@H]32)OCO4)cc(OC)c1OP(=O)(O)O
208,1922,0.0,Oc1ccc2[nH]cc(CCCCN3CC=C(c4ccccc4)CC3)c2c1
209,2582,0.0,c1cc(N(CC2CO2)CC2CO2)ccc1Cc1ccc(N(CC2CO2)CC2CO2)cc1
210,28749,0.0,CO[C@H]1/C=C/O[C@@]2(C)Oc3c(C)c(O)c4c(c3C2=O)C2=NC3(CCN(CC(C)C)CC3)NC2=C(NC(=O)/C(C)=C\C=C\[C@H](C)[C@H](O)[C@@H](C)[C@@H](O)[C@@H](C)[C@H](OC(C)=O)[C@@H]1C)C4=O
211,23,0.0,Cl.N=C1C=CC(=C(c2ccc(N)cc2)c2ccc(N)cc2)C=C1
212,5437,0.0,O=C1C(Cl)=C(Cl)C(=O)C(Cl)=C1Cl
213,18925,0.0,Nc1cc(Cl)c(-c2cc(Cl)c(N)cc2Cl)cc1Cl
214,22478,0.0,C=CCOC(Cn1ccnc1)c1ccc(Cl)cc1Cl
215,11582,0.0,CN1C[C@H](C(=O)N[C@]2(C)O[C@@]3(O)[C@@H]4CCCN4C(=O)[C@H](Cc4ccccc4)N3C2=O)C[C@@H]2c3cccc4[nH]cc(c34)C[C@H]21
216,9156,0.0,COc1cc([C@@H]2c3cc4c(cc3[C@H](O)[C@H]3COC(=O)[C@H]23)OCO4)cc(OC)c1OC
217,20732,0.0,Fc1ccccc1[C@@H](F)CO[C@H]1CC[C@H](Nc2[nH]cnc3nncc2-3)CC1
218,14242,0.0,CCCCCCCC/C=C\CCCCCCCC(=O)N(CCO)CCO
219,251,0.0,CCCOc1ccc2[nH]c(NC(=O)OC)nc2c1
220,17609,0.0,C=CCOC(Cn1ccnc1)c1ccc(Cl)cc1Cl.O=S(=O)(O)O
221,7498,0.0,CC(=O)O[C@@]12CO[C@@H]1C[C@H](O)[C@@]1(C)C(=O)[C@H](O)C3=C(C)[C@@H](OC(=O)[C@H](O)[C@@H](NC(=O)OC(C)(C)C)c4ccccc4)C[C@@](O)([C@@H](OC(=O)c4ccccc4)[C@H]21)C3(C)C
222,21847,0.0,Cc1ccc(OP(=O)(Oc2ccc(C)cc2)Oc2ccc(C)cc2)cc1
223,929,0.0,Oc1c(Cl)c(Cl)c(Cl)c(Cl)c1Cl
224,6152,0.0,O=[N+]([O-])c1ccc(O)c([N+](=O)[O-])c1
225,16541,0.0,C[C@]12CCC(=O)C=C1[C@@H]1C[C@@H]1[C@H]1[C@@H]3[C@@H]4C[C@@H]4[C@@]4(CCC(=O)O4)[C@@]3(C)CC[C@@H]12
226,2048,0.0,O=C(CCl)CCl
227,29151,0.0,CCC(Cc1c(I)cc(I)c(O)c1I)C(=O)O
228,4800,0.0,O=C(O)c1cc(/N=N/c2ccc([N+](=O)[O-])cc2)ccc1O
229,3118,0.0,COc1cccc2c1C(=O)c1c(O)c3c(c(O)c1C2=O)C[C@@](O)(C(C)=O)C[C@@H]3O[C@H]1C[C@H](N)[C@H](O)[C@H](C)O1.Cl
230,29337,0.0,CO/N=C(/C(=O)OC)c1ccccc1CON=C(C)c1cccc(C(F)(F)F)c1
231,26728,0.0,O=[N+]([O-])c1ccc(O)c([N+](=O)[O-])c1
232,8300,0.0,N#Cc1cc(Br)c(O)c(Br)c1
233,12391,0.0,CC(C)N(C(=O)CCl)c1ccccc1
234,24315,0.0,C=CC(OCC)OCC
235,25691,0.0,Cc1cccc(Nc2ccccc2C(=O)O)c1C
236,6979,0.0,O=[N+]([O-])c1cccc2ccccc12
237,2522,0.0,[O-][n+]1ccccc1SSc1cccc[n+]1[O-]
238,28856,0.0,CCOCn1c(-c2ccc(Cl)cc2)c(C#N)c(Br)c1C(F)(F)F
239,30037,0.0,Cl.Cl.OCCN1CCN(CCCN2c3ccccc3C=Cc3ccccc32)CC1
240,25437,0.0,CCNC(=O)N1CCN(CCCC(c2ccc(F)cc2)c2ccc(F)cc2)CC1.Cl
241,20972,0.0,CCCCCCCCn1sccc1=O
242,5572,0.0,Cc1cc2nc3ccc(N(C)C)cc3[s+]c2cc1N.[Cl-]
243,25321,0.0,O=[N+]([O-])c1cc(C(F)(F)F)c(Cl)c([N+](=O)[O-])c1Nc1ncc(C(F)(F)F)cc1Cl
244,28647,0.0,CC[C@H](C)C(=O)O[C@H]1C[C@@H](C)C=C2C=C[C@H](C)[C@H](CC[C@@H]3C[C@@H](O)CC(=O)O3)[C@H]21
245,3661,0.0,c1cc(C(c2ccc(OCC3CO3)cc2)c2ccc(OCC3CO3)cc2)ccc1OCC1CO1
246,21965,0.0,CCN(CC)C(=S)SSC(=S)N(CC)CC
247,24810,0.0,O=C(Nc1ccc(Cl)cc1)Nc1ccc(Cl)c(Cl)c1
248,28252,0.0,CSc1ccc2c(c1)C(N1CCN(C)CC1)Cc1ccccc1S2
249,13101,0.0,COc1ccc(CCN(C)CCCC(C#N)(c2ccc(OC)c(OC)c2)C(C)C)cc1OC
250,25001,0.0,COc1ccc(C(=O)/C(Br)=C\C(=O)O)cc1
251,20621,0.0,COc1ccc(C2NC(=S)N3C(c4ccc(OC)c(OC)c4)NC(=S)N23)cc1OC
252,7971,0.0,O=C(Nc1ccc(Cl)cc1)Nc1ccc(Cl)c(C(F)(F)F)c1
253,20001,0.0,N=C(N)NN=C(C=Cc1ccc([N+](=O)[O-])o1)C=Cc1ccc([N+](=O)[O-])o1
254,6551,0.0,O=C(NOCC1CC1)c1ccc(F)c(F)c1Nc1ccc(I)cc1Cl
255,2182,0.0,CCC(=O)c1ccc2c(c1)N(CCCN1CCN(CCO)CC1)c1ccccc1S2.O=C(O)/C=C\C(=O)O.O=C(O)/C=C\C(=O)O
256,1357,0.0,O=C(Nc1cccc(C(F)(F)F)c1)c1cc(Br)cc(Br)c1O
257,774,0.0,OCc1cc(C(O)CNCCCCCCOCCCCc2ccccc2)ccc1O
258,13255,0.0,O=C(O)c1ccc2ccccc2c1O.OCc1cc(C(O)CNCCCCCCOCCCCc2ccccc2)ccc1O
259,3055,0.0,[Cl-].[Cl-].[Hg+2]
260,5140,0.0,CC[C@@]1([C@@H]2O[C@@H]([C@H]3O[C@@](O)(CO)[C@H](C)C[C@@H]3C)C[C@@H]2C)CC[C@H]([C@]2(C)CC[C@]3(C[C@H](O)[C@@H](C)[C@@H]([C@@H](C)[C@@H](OC)[C@H](C)C(=O)[O-])O3)O2)O1.[Na+]
261,5974,0.0,CN1C(=O)CN=C(c2ccccc2)c2cc([N+](=O)[O-])ccc21
262,7369,0.0,Cc1cc(Br)ccc1NC(=O)CCl
263,4190,0.0,c1ccc2c(c1)OCC(C1=NCCN1)O2
264,1486,0.0,C=C[C@@]1(C)CC(=O)[C@]2(O)[C@@]3(C)[C@@H](O)CCC(C)(C)[C@@H]3[C@H](O)[C@H](OC(C)=O)[C@@]2(C)O1
265,15609,0.0,Cc1cccc(C)c1OCC(=O)N[C@@H](Cc1ccccc1)[C@@H](O)C[C@H](Cc1ccccc1)NC(=O)[C@H](C(C)C)N1CCCNC1=O
266,22316,0.0,CC(O)C#CC(C)O
267,26318,0.0,CC[C@H](OC(C)=O)C(C[C@H](C)NC)(c1ccccc1)c1ccccc1.Cl
268,12108,0.0,CN(CCCl)CCCl.Cl
269,4590,0.0,CN(C)CCC=C1c2ccccc2CCc2ccccc21.Cl
270,10774,0.0,CNCCC=C1c2ccccc2CCc2ccccc21.Cl
271,21367,0.0,COc1ccc(-c2nc3cc(C4=NNC(=O)CC4C)ccc3[nH]2)cc1.Cl
272,12685,0.0,CN(C)CCCN1c2ccccc2Sc2ccc(C(F)(F)F)cc21.Cl
273,24005,0.0,CCC1OC(=O)C[C@@H](O)[C@H](C)[C@@H](O[C@@H]2O[C@H](C)C[C@H](N(C)C)[C@H]2O)[C@@H](CC=O)C[C@@H](C)C(=O)/C=C/[C@]2(C)OC2C1C
274,16105,0.0,CN(C)C(=S)SSC(=S)N(C)C
275,10415,0.0,COC(=O)[C@H]1[C@H]2C[C@@H]3c4[nH]c5ccccc5c4CCN3C[C@H]2C[C@@H](OC(=O)c2cc(OC)c(OC)c(OC)c2)[C@@H]1OC
276,3784,0.0,OCCN1CCN(CC/C=C2/c3ccccc3Sc3ccc(C(F)(F)F)cc32)CC1
277,24911,0.0,N#CSCSC#N
278,12569,0.0,O=C(O)Cc1sc(-c2ccccc2)nc1-c1ccc(Cl)cc1
279,21257,0.0,C[C@H]1O[C@@H](O[C@H]2[C@@H](O)C[C@H](O[C@H]3[C@@H](O)C[C@H](O[C@H]4CC[C@@]5(C)[C@H](CC[C@@H]6[C@@H]5CC[C@]5(C)[C@@H](C7=CC(=O)OC7)CC[C@]65O)C4)O[C@@H]3C)O[C@@H]2C)C[C@H](O)[C@@H]1O
280,3938,0.0,O=c1c(-c2ccccc2)c1-c1ccccc1
281,21797,0.0,Cc1cc(-n2c(=O)[nH]c(=O)n(C)c2=O)ccc1Oc1ccc(S(=O)(=O)C(F)(F)F)cc1
282,26508,0.0,Cc1ccc(O)c2ncccc12
283,3193,0.0,Oc1ccc(Cl)cc1Cc1cc(Cl)ccc1O
284,2762,0.0,COCCCOc1ccnc(CS(=O)c2nc3ccccc3[n-]2)c1C.[Na+]
285,4691,0.0,CCCCN(CCCC)C(=S)[S-].CCCCN(CCCC)C(=S)[S-].[Zn+2]
286,24265,0.0,CCCCCC(=O)O[C@]1(C(C)=O)CC[C@H]2[C@@H]3CCC4=CC(=O)CC[C@]4(C)[C@H]3CC[C@@]21C
287,575,0.0,CC(=O)O[C@]1(C(C)=O)CC[C@H]2[C@@H]3C=C(Cl)C4=CC(=O)CC[C@]4(C)[C@H]3CC[C@@]21C
288,17679,0.0,CC(=O)[C@]1(O)Cc2c(O)c3c(c(O)c2[C@@H](O[C@H]2C[C@H](N)[C@H](O)[C@H](C)O2)C1)C(=O)c1c(O)cccc1C3=O
289,3429,0.0,CC(=O)[C@]1(O)Cc2c(O)c3c(c(O)c2[C@@H](O[C@H]2C[C@H](N)[C@H](O)[C@H](C)O2)C1)C(=O)c1c(O)cccc1C3=O
290,24690,0.0,CC(=O)O[C@]1(C(C)=O)CC[C@H]2[C@@H]3CCC4=CC(=O)CC[C@]4(C)[C@@]3(F)[C@@H](O)C[C@@]21C
291,27133,0.0,CC(=O)Oc1cc(C)c(OC(C)=O)c2ccccc12
292,13991,0.0,CC(=O)OCC(=O)[C@@]1(O)[C@H](C)C[C@H]2[C@@H]3CCC4=CC(=O)C=C[C@]4(C)[C@@]3(F)[C@@H](O)C[C@@]21C
293,26056,0.0,CC(C)(C)CC(=O)OCC(=O)[C@@]12OC(C)(C)O[C@@H]1C[C@H]1[C@@H]3CCC4=CC(=O)C=C[C@]4(C)[C@@]3(F)[C@@H](O)C[C@@]12C
294,13830,0.0,C=C[C@]1(C)C[C@@H](OC(=O)CSC(C)(C)CNC(=O)[C@H](N)C(C)C)[C@]2(C)[C@H](C)CC[C@]3(CCC(=O)[C@H]32)[C@@H](C)[C@@H]1O
295,25796,0.0,C=C(NC(=O)C(=C)NC(=O)c1csc(C2=NC3c4csc(n4)C4NC(=O)c5csc(n5)C(C(C)(O)C(C)O)NC(=O)C5CSC(=N5)/C(=C\C)NC(=O)C(C(C)O)NC(=O)c5csc(n5)C3(CC2)NC(=O)C(C)NC(=O)C(=C)NC(=O)C(C)NC(=O)C(C(C)CC)NC2C=Cc3c(C(C)O)cc(nc3C2O)C(=O)OC4C)n1)C(N)=O
296,9279,0.0,COC(=O)C1=C(C#N)NC(C)=C(C(=O)OC(C)C)C1c1cccc([N+](=O)[O-])c1
297,329,0.0,CCC(=O)OCC(=O)[C@@]1(OC(=O)CC)[C@@H](C)C[C@H]2[C@@H]3CCC4=CC(=O)C=C[C@]4(C)[C@@]3(Cl)[C@@H](O)C[C@@]21C
298,27646,0.0,CCN(CC)CCC(=O)N1c2ccccc2Sc2ccc(C(F)(F)F)cc21
299,7179,0.0,CCN(CC)CCNc1ccc(CO)c2sc3ccccc3c(=O)c12
300,1842,0.0,CC(=O)[C@]1(O)Cc2c(O)c3c(c(O)c2[C@@H](O[C@H]2C[C@H](N)[C@H](O)[C@H](C)O2)C1)C(=O)c1ccccc1C3=O.Cl
301,2253,0.0,CCCCc1oc2ccccc2c1C(=O)c1cc(I)c(OCCN(CC)CC)c(I)c1.Cl
302,27498,0.0,CCCCCCCCn1sc(Cl)c(Cl)c1=O
303,10055,0.0,CC1(C)O[C@@H]2C[C@H]3[C@@H]4CCC5=CC(=O)CC[C@]5(C)[C@@]4(F)[C@@H](O)C[C@]3(C)[C@]2(C(=O)CCl)O1
304,5401,0.0,CN(C)CCCN1c2ccccc2CCc2ccccc21
305,3570,0.0,CN(C)CCOC1=Cc2ccccc2Sc2ccc(Cl)cc21
306,24620,0.0,CC(C)[C@@]1(NC(=O)[C@@H]2C[C@@H]3c4cccc5[nH]cc(c45)C[C@H]3N(C)C2)O[C@@]2(O)[C@@H]3CCCN3C(=O)[C@H](Cc3ccccc3)N2C1=O
307,26963,0.0,CN1CCN(C2=Nc3ccccc3Sc3ccc(Cl)cc32)CC1
308,1093,0.0,CNC[C@H](O)[C@@H](O)[C@@H](O)[C@H](O)CO.Cc1c(Nc2ncccc2C(=O)O)cccc1C(F)(F)F
309,16827,0.0,COc1cc([C@@H]2c3cc4c(cc3[C@@H](O)[C@H]3COC(=O)[C@H]23)OCO4)cc(OC)c1O
310,14375,0.0,COC(=O)[C@H]1[C@H]2C[C@@H]3c4[nH]c5cc(OC)ccc5c4CCN3C[C@H]2C[C@@H](OC(=O)c2cc(OC)c(OC)c(OC)c2)[C@@H]1OC
311,26133,0.0,O=C(CCCN1CCC(n2c(=S)[nH]c3ccccc32)CC1)c1ccc(F)cc1
312,28476,0.0,CCCCC[C@H](O)/C=C/[C@H]1[C@H](O)CC(=O)[C@@H]1C/C=C\CCCC(=O)O
313,1767,0.0,CCCCNC(=O)OCC#CI
314,27866,0.0,C[C@]12C=CC(=O)C=C1CC[C@@H]1[C@@H]2[C@@H](O)C[C@@]2(C)[C@H]1CC[C@]2(O)C(=O)COC(=O)CCC(=O)O
315,2363,0.0,COC(=O)Nc1nc2cc(Sc3ccccc3)ccc2[nH]1
316,26578,0.0,CCCSc1ccc2[nH]c(NC(=O)OC)nc2c1
317,4401,0.0,O=C(Nc1ccc(Br)cc1)c1cc(Br)cc(Br)c1O
318,25597,0.0,Cc1cc(O)c2c3c4c(cc(O)c13)C(C)(C)C(=O)c1c(O)cc(O)c(c1-4)C2=O
319,1386,0.0,C[C@]12C=CC(=O)C=C1CC[C@@H]1[C@@H]2[C@@H](O)C[C@@]2(C)[C@H]1CC[C@]2(O)C(=O)CO
320,26616,0.0,CCC[C@@H]1O[C@@H]2C[C@H]3[C@@H]4CCC5=CC(=O)C=C[C@]5(C)[C@H]4[C@@H](O)C[C@]3(C)[C@]2(C(=O)CO)O1
321,4289,0.0,CC1(C)O[C@@H]2C[C@H]3[C@@H]4C[C@H](F)C5=CC(=O)C=C[C@]5(C)[C@H]4[C@@H](O)C[C@]3(C)[C@]2(C(=O)CO)O1
322,20282,0.0,CC1(C)O[C@@H]2C[C@H]3[C@@H]4C[C@H](F)C5=CC(=O)CC[C@]5(C)[C@H]4[C@@H](O)C[C@]3(C)[C@]2(C(=O)CO)O1
323,14202,0.0,[Na+].[Na+].[O-]c1c(Cl)cc(Cl)cc1Sc1cc(Cl)cc(Cl)c1[O-]
324,7799,0.0,COc1cccc2c1cc([N+](=O)[O-])c1c(C(=O)[O-])cc3c(c12)OCO3.[Na+]
325,28780,0.0,CC1(C)C(/C=C\C=C/C=C\C=C2\N(CCCCS(=O)(=O)[O-])c3ccc4ccccc4c3C2(C)C)=[N+](CCCCS(=O)(=O)[O-])c2ccc3ccccc3c21.[Na+]
326,28603,0.0,CN(C)c1ccc(C(=C2C=CC(=[N+](C)C)C=C2)c2c(O)c(S(=O)(=O)[O-])cc3cc(S(=O)(=O)[O-])ccc23)cc1.[Na+]
327,5226,0.0,O=[N+]([O-])C=Cc1ccccc1
328,21062,0.0,CCCCN(CCCC)C(=S)[S-].CCCCN(CCCC)C(=S)[S-].[Zn+2]
329,7267,0.0,CCNC(=O)/C=C/c1cccc(Br)c1
330,4941,0.0,c1ccc2c(c1)c1cccc3ccc4cccc2c4c31
331,12954,0.0,C=C1C[C@H]2[C@@H]3C=C(C)C4=CC(=O)CC[C@]4(C)[C@H]3CC[C@]2(C)[C@@]1(OC(C)=O)C(C)=O
332,18700,0.0,CC(=O)O[C@]1(C(C)=O)CC[C@H]2[C@@H]3C=C(C)C4=CC(=O)CC[C@]4(C)[C@H]3CC[C@@]21C
333,20787,0.0,CC(=O)[C@H]1CC[C@H]2[C@@H]3CCC4=CC(=O)CC[C@]4(C)[C@H]3CC[C@]12C
334,7592,0.0,C#C[C@]1(OC(C)=O)CC[C@H]2[C@@H]3CCC4=CC(=O)CC[C@@H]4[C@H]3CC[C@@]21C
335,540,0.0,CC(=O)Oc1ccc(C2(c3ccc(OC(C)=O)cc3)C(=O)Nc3ccccc32)cc1
336,25894,0.0,CCOc1cc(C(C)(C)C)ccc1C1COC(c2c(F)cccc2F)=N1
337,6648,0.0,CC(C)c1nc(CN(C)C(=O)N[C@H](C(=O)N[C@@H](Cc2ccccc2)C[C@H](O)[C@H](Cc2ccccc2)NC(=O)OCc2cncs2)C(C)C)cs1
338,5762,0.0,Cc1nc(-c2ccc(OCC(C)C)c(C#N)c2)sc1C(=O)O
339,26228,0.0,CC(C)Nc1ccc(Nc2ccccc2)cc1
340,18862,0.0,COc1cc(NCCCC(C)N)c2ncccc2c1
341,26405,0.0,Cc1c(Cl)cccc1Nc1ccccc1C(=O)O
342,17240,0.0,CCOC(=O)O[C@]1(C(=O)COC(=O)CC)CC[C@H]2[C@@H]3CCC4=CC(=O)C=C[C@]4(C)[C@H]3[C@@H](O)C[C@@]21C
343,108,0.0,CCc1cc(Cl)c(OC)c(C(=O)NC[C@@H]2CCCN2CC)c1O.Cl
344,27407,0.0,Cc1ncc2n1-c1ccc(Cl)cc1C(c1ccccc1F)=NC2.Cl
345,25938,0.0,C=C(CC)C(=O)c1ccc(OCC(=O)O)c(Cl)c1Cl
346,9049,0.0,O=C(Nc1cccc(Cl)c1)OCC#CCCl
347,24550,0.0,O=C(Nc1ccc(Oc2ccc(Cl)cc2)c(Cl)c1)c1cc(I)cc(I)c1O
348,4125,0.0,O=C(Nc1ccc(Cl)c(Cl)c1)c1cc(Cl)cc(Cl)c1O
349,28715,0.0,CCOC(=O)N1CCC(=C2c3ccc(Cl)cc3CCc3cccnc32)CC1
350,28398,0.0,CCC(=O)O[C@]1(C(=O)CCl)[C@@H](C)C[C@H]2[C@@H]3C[C@H](F)C4=CC(=O)C=C[C@]4(C)[C@@]3(F)[C@@H](O)C[C@@]21C
351,4833,0.0,CC#C[C@]1(O)CC[C@H]2[C@@H]3CCC4=CC(=O)CCC4=C3[C@@H](c3ccc(N(C)C)cc3)C[C@@]21C
352,4047,0.0,CN1CCCC(CN2c3ccccc3Sc3ccccc32)C1
353,22508,0.0,CN1CCN(C2=Nc3cc(Cl)ccc3Nc3ccccc32)CC1
354,24488,0.0,COc1ccc(-c2cc(=S)ss2)cc1
355,17566,0.0,CS(=O)(=O)O.N[C@@H]1[C@H]2CN(c3nc4c(cc3F)c(=O)c(C(=O)O)cn4-c3ccc(F)cc3F)C[C@@H]12
356,29306,0.0,Cc1nc2sccn2c(=O)c1CCN1CCC(=C(c2ccc(F)cc2)c2ccc(F)cc2)CC1
357,22433,0.0,CC(C)(O)c1cnn2c(-c3ccc(F)c(-c4c(F)cccc4C#N)c3)cnc2n1
358,1273,0.0,CC(O)C(=O)O.CCOc1ccc2nc3cc(N)ccc3c(N)c2c1.O
359,9672,0.0,CCCCC[C@H](O)/C=C/[C@H]1[C@H](O)CC(=O)[C@@H]1CCCCCCC(=O)O
360,9474,0.0,O=C(CCCCCCC(=O)Nc1ccccc1)NO
361,2866,0.0,CC(C)(C)NCC(O)COc1ccc(NC(=O)NC2CCCCC2)cc1
362,14668,0.0,CCOC(=O)c1cc(-c2ccccc2)nc2ccc(C)cc12
363,2067,0.0,O=C(OCc1ccccc1)c1ccc(O)cc1
364,3481,0.0,O=S(=O)([O-])c1ccc(Nc2nc(Nc3ccc(/C=C/c4ccc(Nc5nc(Nc6ccc(S(=O)(=O)[O-])cc6)nc(N(CCO)CCO)n5)cc4S(=O)(=O)[O-])c(S(=O)(=O)[O-])c3)nc(N(CCO)CCO)n2)cc1.[Na+].[Na+].[Na+].[Na+]
365,1223,0.0,CC(C)n1c(/C=C/[C@@H](O)C[C@@H](O)CC(=O)[O-])c(-c2ccc(F)cc2)c2ccccc21.[Na+]
366,5672,0.0,CN(C)C(=S)[S-].[Na+]
367,219,0.0,O=[N+]([O-])c1cc(C2CCCCC2)c(O)c([N+](=O)[O-])c1
368,12803,0.0,Br.NC(=O)C(c1ccccc1)(c1ccccc1)[C@@H]1CCN(CCc2ccc3c(c2)CCO3)C1
369,898,0.0,C/C=C/C[C@@H](C)[C@@H](O)[C@H]1C(=O)N[C@@H](CC)C(=O)N(C)CC(=O)N(C)[C@@H](CC(C)C)C(=O)N[C@@H](C(C)C)C(=O)N(C)[C@@H](CC(C)C)C(=O)N[C@@H](C)C(=O)N[C@H](C)C(=O)N(C)[C@@H](CC(C)C)C(=O)N(C)[C@@H](CC(C)C)C(=O)N(C)[C@@H](C(C)C)C(=O)N1C
370,5857,0.0,Cc1ccc(O)c(-n2nc3ccccc3n2)c1
371,2979,0.0,Cc1cc(C(C)(C)c2cc(C)c(O)c(C)c2)cc(C)c1O
372,7880,0.0,CC1=C[C@H](O)CC(C)(C)[C@H]1/C=C/C(C)=C/C=C/C(C)=C/C=C/C=C(C)/C=C/C=C(C)/C=C/C1=C(C)C[C@@H](O)CC1(C)C
373,28890,0.0,Cc1ccccc1CNc1ncnc2c1ncn2[C@@H]1O[C@H](CO)[C@@H](O)[C@H]1O
374,5010,0.0,CCCNCC(O)COc1ccccc1C(=O)CCc1ccccc1
375,1447,0.0,CCc1c2c(nc3ccc(OC(=O)N4CCC(N5CCCCC5)CC4)cc13)-c1cc3c(c(=O)n1C2)COC(=O)[C@]3(O)CC.Cl
376,11292,0.0,CCCCOCN(C(=O)CCl)c1c(CC)cccc1CC
377,14587,0.0,C=C[C@H]1CN2CCC1C[C@@H]2[C@@H](O)c1ccnc2ccc(OC)cc12
378,20557,0.0,COc1ccc(C=CC(=O)OCCC(C)C)cc1
379,22616,0.0,CCOC(=O)c1ccc(N)cc1
380,12186,0.0,CC(C)COC(=O)c1ccc(N)cc1
381,22194,0.0,Nc1ncnc2[nH]cnc12
382,1677,0.0,Cc1cc(=O)oc2cc(O)ccc12.O
383,6883,0.0,O=C(O)CCC(=O)c1ccc(-c2ccccc2)cc1
384,6030,0.0,O=C(CS)Nc1ccccc1
385,28531,0.0,CC(C(=O)O)c1ccc(N2Cc3ccccc3C2=O)cc1
386,9196,0.0,COC(=O)Nc1nc2cc(C(=O)c3ccccc3)ccc2[nH]1
387,13575,0.0,CC1=C(C)C(=O)C(CCCCC#CCCCC#CCO)=C(C)C1=O
388,23821,0.0,C[C@@H]1O[C@@H](O[C@H]2C[C@@H](O)[C@]3(CO)[C@H]4[C@H](O)C[C@]5(C)[C@@H](C6=CC(=O)OC6)CC[C@]5(O)[C@@H]4CC[C@]3(O)C2)[C@H](O)[C@H](O)[C@H]1O
389,4482,0.0,CC1=CC(=O)c2ccccc2C1=O
390,12437,0.0,O=C1C(=O)c2ncccc2-c2cccnc21
391,5105,0.0,CC(C)Oc1cc(-n2nc(C(C)(C)C)oc2=O)c(Cl)cc1Cl
392,24401,0.0,Cc1ccc(C(=O)c2cc(O)c(O)c([N+](=O)[O-])c2)cc1
393,7087,0.0,C[C@H]1CCCC(=O)CCC/C=C/c2cc(O)cc(O)c2C(=O)O1
394,8842,0.0,Cc1cc(=O)oc2cc(O)ccc12
395,6368,0.0,CC[N+](CC)(CC)CCOc1ccc(/C=C/c2ccccc2)cc1.[I-]
396,2653,0.0,Cc1[nH]nc2c1N=C(c1ccccc1Cl)c1cc([N+](=O)[O-])ccc1N2
397,11506,0.0,CC(C)C[C@H]1C(=O)N2CCC[C@H]2[C@]2(O)O[C@](NC(=O)[C@@H]3C=C4c5cccc6[nH]c(Br)c(c56)C[C@H]4N(C)C3)(C(C)C)C(=O)N12
398,25218,0.0,c1ccc2c(c1)Sc1ccccc1N2CCN1CCCC1
399,7341,0.0,CC(=O)[C@H]1CC[C@H]2[C@@H]3CCC4=CC(=O)CC[C@]4(C)[C@H]3CC[C@]12C
400,3086,0.0,Cc1ccc2nc(N)[nH]c(=O)c2c1Sc1ccncc1.Cl.Cl
401,490,0.0,CN(C)CCC=C1c2ccccc2C(C)(C)c2ccccc21.Cl
402,1027,0.0,COc1ccc(Cc2nccc3cc(OC)c(OC)cc23)cc1OC.Cl
403,1551,0.0,Nc1cc(Cl)c(-c2cc(Cl)c(N)cc2Cl)cc1Cl
404,25085,0.0,Clc1ccc(Nc2nnc(Cc3ccncc3)c3ccccc23)cc1
405,21656,0.0,CN1C(=O)C(O)N=C(c2ccccc2)c2cc(Cl)ccc21
406,9749,0.0,CN(C)C(=S)SC(=S)N(C)C
407,687,0.0,CN1CCC(=C2c3ccccc3CCc3sccc32)CC1
408,28953,0.0,COc1cc(-c2ccc(=O)[nH]n2)ccc1OC(F)F
409,3900,0.0,N=C(Nc1ccccc1)Nc1ccccc1
410,20329,0.0,COc1ccc(C(=O)c2ccccc2)c(O)c1
411,8117,0.0,CC(C)OC(=O)C(C)(C)Oc1ccc(C(=O)c2ccc(Cl)cc2)cc1
412,3831,0.0,O=C(O)Cn1c(C(=O)Nc2nc(-c3ccccc3Cl)cs2)cc2ccccc21
413,26871,0.0,O=C(O)/C=C/C(=O)O.c1ccc(C(O[C@H]2CCCN(CCc3ccc4c(c3)OCO4)C2)c2ccccc2)cc1
414,354,0.0,C#CCC(Cc1cnc2nc(N)nc(N)c2n1)c1ccc(C(=O)N[C@@H](CCC(=O)O)C(=O)O)cc1
415,4366,0.0,COc1cc(O)cc(O)c1
416,286,0.0,O=C1OC(c2ccc(O)cc2)(c2ccc(O)cc2)c2ccccc21
417,2731,0.0,O=S(=O)(O)c1ccc(O)cc1
418,16504,0.0,C#C[C@]1(O)CC[C@H]2[C@@H]3CCc4cc(O)ccc4[C@H]3CC[C@@]21C
419,2009,0.0,C[C@]12CC[C@H]3C(=CCc4cc(O)ccc43)[C@@H]1CCC2=O
420,5605,0.0,CNC(=O)[C@H](Cc1c[nH]c2ccccc12)NC(=O)[C@@H](CC(=O)NO)CC(C)C
421,24722,0.0,O=c1oc2ccccc2c(O)c1C(CC(O)c1ccc(-c2ccc(Br)cc2)cc1)c1ccccc1
422,14287,0.0,C=C(C)[C@H]1Cc2c(ccc3c2O[C@@H]2COc4cc(OC)c(OC)cc4[C@@H]2C3=O)O1
423,28177,0.0,CC(=O)N1CCN(c2ccc(OC[C@H]3CO[C@](Cn4ccnc4)(c4ccc(Cl)cc4Cl)O3)cc2)CC1
424,29128,0.0,COC(=O)N[C@H](C(=O)N[C@@H](Cc1ccccc1)[C@@H](O)CN(Cc1ccc(-c2ccccn2)cc1)NC(=O)[C@@H](NC(=O)OC)C(C)(C)C)C(C)(C)C
425,15203,0.0,CCOC(=O)C1=C(C)NC(C)=C(C(=O)OC)C1c1cccc([N+](=O)[O-])c1
426,414,0.0,CCC1=C(C)CN(C(=O)NCCc2ccc(S(=O)(=O)NC(=O)N[C@H]3CC[C@H](C)CC3)cc2)C1=O
427,2551,0.0,Cc1cn([C@H]2C[C@H](O)[C@@H](CO)O2)c(=O)[nH]c1=O
428,24781,0.0,CCOc1cc(OCC)c(C(=O)CCC(=O)O)cc1OCC
429,13448,0.0,CCc1cc(Cl)c(OC)c(C(=O)NC[C@@H]2CCCN2CC)c1O.Cl
430,4003,0.0,CC[C@@]1(O)C(=O)OCc2c1cc1n(c2=O)Cc2cc3c(CN(C)C)c(O)ccc3nc2-1.Cl
431,17279,0.0,COc1cc2c(cc1OC)C(C(C(=O)N(CCc1ccc(OC)c(OC)c1OC)CCc1ccc(OC)c(OC)c1OC)c1ccccc1)=NCC2.Cl
432,29073,0.0,CC[C@@H](O)C(C[C@@H](C)N(C)C)(c1ccccc1)c1ccccc1.Cl
433,27462,0.0,COc1cc(N)c(Cl)cc1C(=O)NC1CCN(CCCOc2ccc(F)cc2)CC1OC
434,26806,0.0,CN(C)c1ccc(C(=O)c2ccc(N(C)C)cc2)cc1
435,21569,0.0,C[C@]12CC[C@@H]3c4ccc(O)cc4C[C@@H](CCCCCCCCCS(=O)CCCC(F)(F)C(F)(F)F)[C@H]3[C@@H]1CC[C@@H]2O
436,7149,0.0,O=[N+]([O-])c1ccc(F)c([N+](=O)[O-])c1
437,3351,0.0,COc1ccc(-c2noc(CC(=O)O)c2-c2ccc(OC)cc2)cc1
438,1951,0.0,CO/C=C(/C(=O)OC)c1ccccc1COc1cccc(C(F)(F)F)n1
439,13003,0.0,CCOC(=O)C1=C[C@]2(CC)CCCN3CCc4c(n1c1ccccc41)[C@@H]32
440,5534,0.0,CN(c1nccc(=O)[nH]1)C1CCN(c2nc3ccccc3n2Cc2ccc(F)cc2)CC1
441,22095,0.0,O=C(O)c1cc(-c2ccc(F)cc2F)ccc1O
442,25156,0.0,C[C@H]1CCC[C@H](O)CCCCCc2cc(O)cc(O)c2C(=O)O1
443,6299,0.0,CC[n+]1ccccc1.[Br-]
444,3746,0.0,Cc1cc(CC(=O)[O-])n(C)c1C(=O)c1ccc(Cl)cc1.[Na+]
445,27761,0.0,O=C([N-]S(=O)(=O)/C=C/c1ccccc1)c1ccc(F)cc1Cl.[Na+]
446,24975,0.0,CCCOc1cc(N)ccc1C(=O)OCCN(CC)CC.Cl
447,22271,0.0,Cl.Cl.NCCNc1cccc2ccccc12
448,6089,0.0,CCCC(=O)N1CCCN(c2nc(N)c3cc(OC)c(OC)cc3n2)CC1.Cl
449,20666,0.0,O=C1c2ccccc2C(=O)C1c1ccc(Cl)cc1
450,1158,0.0,COC(=O)c1cc(Oc2ccc(Cl)cc2Cl)ccc1[N+](=O)[O-]
451,28996,0.0,COc1cc([C@@H]2c3cc4c(cc3[C@H](O)[C@H]3COC(=O)[C@H]23)OCO4)cc(OC)c1OC
452,25527,0.0,CC(C)c1c(C(=O)Nc2ccccc2)c(-c2ccccc2)c(-c2ccc(F)cc2)n1CC[C@@H](O)C[C@@H](O)CC(=O)O
453,1606,0.0,C#CCC1=C(C)[C@H](OC(=O)[C@H]2[C@H](C=C(C)C)C2(C)C)CC1=O
454,4876,0.0,CC(C)Oc1cc(-n2nc(C(C)(C)C)oc2=O)c(Cl)cc1Cl
455,27715,0.0,CC(C)c1c(C(=O)Nc2ccccc2)c(-c2ccccc2)c(-c2ccc(F)cc2)n1CC[C@@H](O)C[C@@H](O)CC(=O)[O-].CC(C)c1c(C(=O)Nc2ccccc2)c(-c2ccccc2)c(-c2ccc(F)cc2)n1CC[C@@H](O)C[C@@H](O)CC(=O)[O-].[Ca+2]
456,7649,0.0,Brc1c2ccccc2cc2ccccc12
457,25352,0.0,CCN(CC)c1c([N+](=O)[O-])cc(C(F)(F)F)c(N)c1[N+](=O)[O-]
458,27062,0.0,Oc1c(Cl)c(Cl)c(Cl)c(Cl)c1Cl
459,6693,0.0,CC#C[C@]1(O)CC[C@H]2[C@@H]3CCC4=CC(=O)CCC4=C3[C@@H](c3ccc(N(C)C)cc3)C[C@@]21C
460,12355,0.0,CCC[C@@H]1O[C@@H]2C[C@H]3[C@@H]4CCC5=CC(=O)C=C[C@]5(C)[C@H]4[C@@H](O)C[C@]3(C)[C@]2(C(=O)CO)O1
461,27298,0.0,CC(C)Cc1ccc(C(C)C(=O)O)cc1
462,4730,0.0,CC(C)c1cccc(C(C)C)c1N1C(=O)c2ccc(O)cc2C1=O
463,27571,0.0,COP(=O)(OC)O/C(=C\Cl)c1cc(Cl)c(Cl)cc1Cl
464,20445,0.0,CCOP(=O)(OCC)OC(=CCl)c1ccc(Cl)cc1Cl
465,26695,0.0,CNc1ccc([N+](=O)[O-])cc1
466,9556,0.0,C[C@@H]1[C@H](O)[C@@H](C)/C=C/C=C/C=C/C=C/C=C/C=C/C=C/[C@H](O[C@@H]2O[C@H](C)[C@@H](O)[C@H](N)[C@@H]2O)C[C@@H]2O[C@](O)(C[C@@H](O)C[C@@H](O)[C@H](O)CC[C@@H](O)C[C@@H](O)CC(=O)O[C@H]1C)C[C@H](O)[C@H]2C(=O)O
467,4554,0.0,CC(Oc1ccc(Oc2ncc(C(F)(F)F)cc2Cl)cc1)C(=O)O
468,5928,0.0,C[C@@H]1C[C@@H]([C@H](O)CC2CC(=O)NC(=O)C2)C(=O)[C@@H](C)C1
469,24885,0.0,O=C(O)C1C2CCC(O2)C1C(=O)O
470,2444,0.0,N[C@@H](Cc1cc(I)c(Oc2ccc(O)c(I)c2)c(I)c1)C(=O)[O-].[Na+]
471,11956,0.0,Cc1c([N+](=O)[O-])cc2c(c1[N+](=O)[O-])C(C)(C)CC2(C)C
472,13054,0.0,C=CC(=C)C
473,16227,0.0,CC(=O)S[C@@H]1CC2=CC(=O)CC[C@]2(C)[C@H]2CC[C@@]3(C)[C@@H](CC[C@@]34CCC(=O)O4)[C@H]12
474,46,0.0,Nc1cccc(O)c1
475,24355,0.0,CCCCC(CC)COC(=O)/C=C\C(=O)OCC(CC)CCCC
476,26478,0.0,[Cl-].[Cl-].[Cu+2]
477,14157,0.0,ICCc1ccccc1
478,12540,0.0,COc1cc(C=O)cc2c1[C@H](COC(N)=O)[C@]1(OC(C)=O)ON2C[C@H]2[C@@H]1N2C(C)=O
479,25294,0.0,CC=Cc1ccc(O)c(OC)c1
480,26287,0.0,O=C(c1cc(O)c(O)c(O)c1)c1ccc(O)c(O)c1O
481,625,0.0,O=NN([O-])c1ccccc1.[NH4+]
482,1292,0.0,CCCCC(CC)COC(=O)C=Cc1ccc(OC)cc1
483,6771,0.0,CCCCCCCCCCCCCCn1cc[n+](C)c1.F[P-](F)(F)(F)(F)F
484,4103,0.0,O=C(c1ccccc1)c1ccc(O)c(O)c1O
485,17131,0.0,C[C@]12CC[C@@H]3c4ccc(O)cc4C[C@@H](CCCCCCCCCS(=O)CCCC(F)(F)C(F)(F)F)[C@H]3[C@@H]1CC[C@@H]2O
486,7521,0.0,CCCC[P+](C)(CCCC)CCCC.COS(=O)(=O)[O-]
487,5276,0.0,Cc1coc2c1CCC(C)C2
488,26199,0.0,CCCCC(=O)Cl
489,27367,0.0,CN(C)C(=O)C(CCN1CCC(O)(c2ccc(Cl)cc2)CC1)(c1ccccc1)c1ccccc1
490,7405,0.0,CC[C@@H](C(=O)[C@@H](C)[C@@H](O)[C@H](C)CCc1ccc(C)c(O)c1C(=O)[O-])[C@H]1O[C@](CC)([C@H]2CC[C@](O)(CC)[C@H](C)O2)C[C@@H]1C.[Na+]
491,25466,0.0,CO[C@@H]1[C@@H](OC)[C@H](C)[C@@](O)(CC(=O)[O-])O[C@H]1[C@H](C)[C@H]1O[C@@]2(CC[C@@](C)([C@H]3CC[C@@](C)([C@@H]4O[C@@H]([C@H]5O[C@](C)(O)[C@H](C)C[C@@H]5C)C[C@@H]4OC4C[C@H](OC)[C@@H](OC)[C@H](C)O4)O3)O2)C[C@H](O)[C@H]1C.[NH4+]
492,27249,0.0,Cc1cc(/C=C/c2ccc3cc(N(C)C)ccc3[n+]2C)c(C)n1-c1ccccc1.Cc1cc(/C=C/c2ccc3cc(N(C)C)ccc3[n+]2C)c(C)n1-c1ccccc1.O=C([O-])c1cc2ccccc2c(Cc2c(O)c(C(=O)[O-])cc3ccccc23)c1O
493,25411,0.0,Br.C[C@@H]1[C@@H]2Cc3ccc(O)cc3[C@@]1(C)CCN2CCc1ccccc1
494,24461,0.0,COC(=O)C1=C(C)NC(C)=C(C(=O)OCC(C)=O)C1c1ccccc1[N+](=O)[O-]
495,3288,0.0,CC(C)(C)[C@]1(O)CCN2C[C@H]3c4ccccc4CCc4cccc(c43)[C@@H]2C1.Cl
496,21413,0.0,CCC(=O)c1ccc2c(c1)N(CCCN(C)C)c1ccccc1S2.Cl
497,27940,0.0,Cl.F/C(COc1ccc2c(c1)[nH]c1ccccc12)=C1/CN2CCC1CC2
498,5047,0.0,CC(Cc1cccc(C(F)(F)F)c1)NCCOC(=O)c1ccccc1.Cl
499,25832,0.0,O=C(CCl)C(Cl)Cl
500,9360,0.0,O=Cc1ccccc1C=O
501,746,0.0,OC[C@H]1O[C@@H](n2cnc3c(S)ncnc32)[C@H](O)[C@@H]1O
502,4628,0.0,C[C@@H]1C[C@H]2[C@@H]3CCC4=CC(=O)C=C[C@]4(C)[C@@]3(F)[C@@H](O)C[C@]2(C)[C@@]1(O)C(=O)COP(=O)([O-])[O-].[Na+].[Na+]
503,23885,0.0,CC[Hg]Sc1ccccc1C(=O)[O-].[Na+]
504,15008,0.0,CN(C)C(=S)[S-].[Na+]
505,21483,0.0,CCCCCC(=O)O[C@]1(C(C)=O)CC[C@H]2[C@@H]3CCC4=CC(=O)CC[C@]4(C)[C@H]3CC[C@@]21C
506,14460,0.0,COc1cccc2c1C(=O)c1c(O)c3c(c(O)c1C2=O)C[C@@](O)(C(C)=O)C[C@@H]3O[C@H]1C[C@H](N)[C@H](O)[C@H](C)O1
507,26997,0.0,CC(=O)OCC(=O)[C@@]1(OC(C)=O)[C@@H](C)C[C@H]2[C@@H]3C[C@H](F)C4=CC(=O)C=C[C@]4(C)[C@@]3(F)[C@@H](O)C[C@@]21C
508,2099,0.0,CC(C)OC(=O)Nc1ccc2[nH]c(-c3cscn3)nc2c1
509,14826,0.0,CCCCC(=O)OCC(=O)[C@]1(O)Cc2c(O)c3c(c(O)c2[C@@H](O[C@H]2C[C@H](NC(=O)C(F)(F)F)[C@H](O)[C@H](C)O2)C1)C(=O)c1c(OC)cccc1C3=O
510,6225,0.0,CCOc1cc(-c2nccc3cc(OC)c(OC)cc23)cc(OCC)c1OCC
511,7022,0.0,CN1CCC(Nc2ncc3ncnc(Nc4ccc(F)c(Cl)c4)c3n2)CC1.Cl.Cl
512,2944,0.0,CN1CCC(CN2c3ccccc3Sc3ccccc32)C1.Cl
513,6121,0.0,CN(C)c1ccc(N=O)cc1
514,24834,0.0,Nc1ccc(O)cc1
515,14714,0.0,CC(=O)Nc1ccc(C(=O)CCl)cc1
516,8,0.0,CCCCc1ccc2[nH]c(NC(=O)OC)nc2c1
517,7471,0.0,O=c1c2ccccc2[se]n1-c1ccccc1
518,10177,0.0,Oc1cccc2cccnc12
519,465,0.0,Oc1ccc(OCc2ccccc2)cc1
520,4259,0.0,CN1CCc2cccc3c2[C@H]1Cc1ccc(O)c(O)c1-3
521,21884,0.0,CN1CSC(=S)N(C)C1
522,13330,0.0,S=c1[nH]cnc2[nH]cnc12
523,5473,0.0,Cc1cc(-c2ccc(/N=N/c3ccc4c(S(=O)(=O)[O-])cc(S(=O)(=O)[O-])c(N)c4c3O)c(C)c2)ccc1/N=N/c1ccc2c(S(=O)(=O)[O-])cc(S(=O)(=O)[O-])c(N)c2c1O.[Na+].[Na+].[Na+].[Na+]
524,3689,0.0,C[C@@H]1C[C@H]2[C@@H]3CCC4=CC(=O)C=C[C@]4(C)[C@@]3(F)[C@@H](O)C[C@]2(C)[C@@]1(O)C(=O)COC(=O)c1cccc(S(=O)(=O)[O-])c1.[Na+]
525,13754,0.0,COc1ccc(CC2c3cc(OC)c(OC)cc3CC[N+]2(C)CCC(=O)OCCCCCOC(=O)CC[N+]2(C)CCc3cc(OC)c(OC)cc3C2Cc2ccc(OC)c(OC)c2)cc1OC.O=S(=O)([O-])c1ccccc1.O=S(=O)([O-])c1ccccc1
526,3035,0.0,CC(C)=CCOc1ccc(/C=C/C(=O)c2ccc(OCC=C(C)C)cc2OCC(=O)O)cc1
527,7205,0.0,C[Hg]Cl
528,8002,0.0,c1ccc2c(c1)Sc1ccccc1N2CC1CN2CCC1CC2
529,28829,0.0,CC(C)C(=O)OCC(=O)[C@@]12O[C@H](C3CCCCC3)O[C@@H]1C[C@H]1[C@@H]3CCC4=CC(=O)C=C[C@]4(C)[C@H]3[C@@H](O)C[C@@]12C
530,17717,0.0,CCC(=O)OCC(=O)[C@@]1(OC(=O)CC)[C@H](C)C[C@H]2[C@H]3[C@H]([C@@H](O)C[C@@]21C)[C@@]1(C)C=CC(=O)C=C1C[C@H]3Cl
531,9653,0.0,CCCC(=O)O[C@]1(C(=O)COC(=O)CC)[C@@H](C)C[C@H]2[C@@H]3CCC4=CC(=O)C=C[C@]4(C)[C@@]3(F)[C@@H](O)C[C@@]21C
532,22351,0.0,CCN(CC)CCC(=O)N1c2ccccc2Sc2ccc(Cl)cc21
533,22004,0.0,Cl.Cn1ccc2cc3c(cc21)CCN3C(=O)Nc1cccnc1
534,2796,0.0,CCOC(=O)C1(c2ccccc2)CCN(CCC(C#N)(c2ccccc2)c2ccccc2)CC1.Cl
535,7766,0.0,O=C1C(Cl)=C(Cl)C(=O)C(Cl)=C1Cl
536,11626,0.0,C[C@]12CC[C@H]3[C@@H](CCC4=C(Cl)C(=O)CC[C@@]43C)[C@@H]1CC[C@@H]2O
537,26591,1.0,Oc1c(Cl)cc(Cl)c(Cl)c1Cc1c(O)c(Cl)cc(Cl)c1Cl
538,25678,1.0,Cc1cc(C(C#N)c2ccc(Cl)cc2)c(Cl)cc1NC(=O)c1cc(I)cc(I)c1O
539,28977,1.0,O=c1[nH]c2ccccc2n1CCCN1CCC(n2c(=O)[nH]c3cc(Cl)ccc32)CC1
540,25861,1.0,COc1cccc(N(C)C(=S)Oc2ccc3c(c2)CCCC3)n1
541,26778,1.0,CS(=O)(=O)O.O=C1CC2(CCCC2)CC(=O)N1CCNCC1COc2ccccc2O1
542,28493,1.0,O=C(N[C@@H](c1ccccc1)[C@@H]1CCCCN1)c1cccc(C(F)(F)F)c1Cl
543,2933,1.0,C[C@]12C=CC(=O)N[C@@H]1CC[C@@H]1[C@@H]2CC[C@]2(C)[C@@H](C(=O)Nc3cc(C(F)(F)F)ccc3C(F)(F)F)CC[C@@H]12
544,20362,1.0,CCc1oc2ccccc2c1C(=O)c1cc(I)c(O)c(I)c1
545,20713,1.0,CC(C)(Cc1c[nH]c2ccccc12)NCC(O)COc1ccccc1C#N
546,23897,1.0,N#CSc1ccc(N)c([N+](=O)[O-])c1
547,4827,1.0,N=C1NC(=N)c2cc3ccccc3cc21
548,17186,1.0,Cc1c(N)nc([C@H](CC(N)=O)NC[C@H](N)C(N)=O)nc1C(=O)N[C@H](C(=O)N[C@H](C)[C@@H](O)[C@H](C)C(=O)N[C@H](C(=O)NCCc1nc(-c2nc(C(=O)NCCCCNC(=N)N)cs2)cs1)[C@@H](C)O)[C@@H](O[C@@H]1O[C@@H](CO)[C@@H](O)[C@H](O)[C@@H]1O[C@H]1O[C@H](CO)[C@@H](O)[C@H](OC(N)=O)[C@@H]1O)c1cnc[nH]1.O=S(=O)(O)O.O=S(=O)(O)O
549,22462,1.0,Nc1ncn([C@@H]2O[C@H](CO)[C@@H](O)[C@H]2O)c(=O)n1
550,1373,1.0,COc1ccc(N)cc1N.O=S(=O)(O)O
551,24381,1.0,CCCCOC(=O)c1ccc(N)cc1
552,20579,1.0,C=C1CC[C@@H]2[C@](C)(CO)[C@H](O)CC[C@@]2(C)[C@@H]1C/C=C1/C(=O)OC[C@H]1O
553,26880,1.0,O=C(CCCCCCC(=O)Nc1ccccc1)NO
554,5035,1.0,O=C(CCl)Nc1ccccc1
555,14181,1.0,CC(=O)Oc1ccccc1C(=O)Nc1ncc([N+](=O)[O-])s1
556,7795,1.0,Cc1c(Cl)cccc1Nc1ncccc1C(=O)O
557,21422,1.0,CNC(=O)Oc1ccccc1C(=O)Nc1ccccc1
558,26445,1.0,O=C1C(=Cc2cccs2)CCCC1=Cc1cccs1
559,29065,1.0,O=c1n(CC2CO2)c(=O)n(CC2CO2)c(=O)n1CC1CO1
560,278,1.0,O=C/C(Cl)=C(/Cl)C(=O)O
561,21070,1.0,CCCCCCCCCCCCCCCCCCOCC(O)CO
562,3198,1.0,Oc1ccc(Cl)cc1Cc1ccccc1
563,25848,1.0,C[C@]12C=CC(=O)C=C1CC[C@H]1[C@@H]3C[C@@H](O)[C@](O)(C(=O)CO)[C@@]3(C)C[C@H](O)[C@@]12F
564,31,1.0,C[C@]12C=CC(=O)C=C1[C@@H](F)C[C@@H]1[C@@H]2[C@@H](O)C[C@@]2(C)[C@H]1CC[C@]2(O)C(=O)CO
565,5035,1.0,C[N+]1(C)CCCC(OC(=O)C(O)(c2ccccc2)c2ccccc2)C1.[Br-]
566,12581,1.0,O=S(=O)([O-])c1cc(O)c2c(N=Nc3ccc(Nc4ccccc4)c4c(S(=O)(=O)[O-])cccc34)cc(S(=O)(=O)[O-])cc2c1.[Na+].[Na+].[Na+]
567,28659,1.0,CC#CCC(C)[C@H](O)/C=C/[C@@H]1[C@H]2c3cccc(CCCC(=O)[O-])c3O[C@H]2C[C@H]1O.[Na+]
568,25678,1.0,O=C1OCCN1/N=C/c1ccc([N+](=O)[O-])o1
569,26363,1.0,CC(C)(c1cc(Br)c(O)c(Br)c1)c1cc(Br)c(O)c(Br)c1
570,27821,1.0,C#Cc1cccc(Nc2ncnc3cc(OCCOC)c(OCCOC)cc23)c1
571,2934,1.0,CC(=O)[C@@]1(O)CC[C@H]2[C@@H]3C=C(Cl)C4=CC(=O)CC[C@]4(C)[C@H]3CC[C@@]21C
572,4882,1.0,CC(=O)[C@H]1CC[C@H]2[C@@H]3C[C@H](C)C4=CC(=O)CC[C@]4(C)[C@H]3[C@@H](O)C[C@]12C
573,4274,1.0,CC(=O)Oc1ccc(C(c2ccc(OC(C)=O)cc2)c2ccccn2)cc1
574,1243,1.0,CCC(C)c1cc([N+](=O)[O-])cc([N+](=O)[O-])c1OC(=O)OC(C)C
575,29350,1.0,Cc1c2ccccc2c(C)c2c1ccc1ccccc12
576,26308,1.0,CCCCCCC(=O)O[C@H]1CC[C@H]2[C@@H]3CCc4cc(O)ccc4[C@H]3CC[C@]12C
577,21985,1.0,C#CCN(C)CCCOc1ccc(Cl)cc1Cl.Cl
578,26008,1.0,CN(C)CCC=C1c2ccccc2CCc2ccccc21.Cl
579,26872,1.0,CCOC(=O)COc1ccc2c(C)c(CCN(CC)CC)c(=O)oc2c1Cl.Cl
580,20678,1.0,Cl.O=C1[C@H]2CCCC[C@H]2C(=O)N1CCCCN1CCN(c2nsc3ccccc23)CC1
581,27817,1.0,O=C1OC(O)C(C(Cl)Cl)=C1Cl
582,6076,1.0,CCOP(=O)(OCC)OC(=CCl)c1ccc(Cl)cc1Cl
583,1342,1.0,O=C1C(O)=C([C@H]2CC[C@H](c3ccc(Cl)cc3)CC2)C(=O)c2ccccc21
584,6137,1.0,CCCCCCC[N+](CC)(CC)CCCCc1ccc(Cl)cc1.Cc1ccc(S(=O)(=O)[O-])cc1
585,811,1.0,Clc1ccc2c(c1)CCc1cccnc1C2=C1CCNCC1
586,278,1.0,Cc1nnc2n1-c1sc(Br)cc1C(c1ccccc1Cl)=NC2
587,20980,1.0,CCC1OC(=O)C[C@@H](O)[C@H](C)[C@@H](O[C@@H]2O[C@H](C)C[C@H](N(C)C)[C@H]2O)[C@@H](CC=O)C[C@@H](C)C(=O)/C=C/[C@]2(C)OC2C1C
588,5805,1.0,CN1CCN(CCCN2c3ccccc3Sc3ccccc32)CC1
589,23777,1.0,CNCCCC12CCC(c3ccccc31)c1ccccc12
590,17731,1.0,CNCCCCOc1ccccc1Cc1ccccc1
591,3296,1.0,COCCCC/C(=N\OCCN)c1ccc(C(F)(F)F)cc1
592,20547,1.0,O=c1[nH]c(=O)n([C@H]2C[C@H](O)[C@@H](CO)O2)cc1I
593,1285,1.0,O=C1OC2(c3ccccc31)c1cc(I)c(O)c(I)c1Oc1c2cc(I)c(O)c1I
594,28873,1.0,NC(=O)c1ncn([C@@H]2O[C@H](CO)[C@@H](O)[C@H]2O)n1
595,26429,1.0,CO[C@@]12[C@H](COC(N)=O)C3=C(C(=O)C(C)=C(N)C3=O)N1C[C@@H]1N[C@@H]12
596,4457,1.0,CCOC(=O)c1cccc(N)c1.CS(=O)(=O)O
597,21268,1.0,Cc1ccc(-c2cc(C(F)(F)F)nn2-c2ccc(S(N)(=O)=O)cc2)cc1
598,3196,1.0,C=CC[C@@H]1/C=C(\C)C[C@H](C)C[C@H](OC)[C@H]2O[C@@](O)(C(=O)C(=O)N3CCCC[C@H]3C(=O)O[C@H](/C(C)=C/[C@@H]3CC[C@@H](O)[C@H](OC)C3)[C@H](C)[C@@H](O)CC1=O)[C@H](C)C[C@@H]2OC
599,1715,1.0,Cc1cc([N+](=O)[O-])cc([N+](=O)[O-])c1O
600,29000,1.0,CCCc1nc2c(C)cc(-c3nc4ccccc4n3C)cc2n1Cc1ccc(-c2ccccc2C(=O)O)cc1
601,20668,1.0,O=C(O)Cc1sc(-c2ccccc2)nc1-c1ccc(Cl)cc1
602,28616,1.0,O=C1c2ccccc2-c2n[nH]c3cccc1c23
603,3909,1.0,CC1=C(C(=O)OCCN(Cc2ccccc2)c2ccccc2)C(c2cccc([N+](=O)[O-])c2)C(P2(=O)OCC(C)(C)CO2)=C(C)N1
604,11800,1.0,Oc1c(Br)cc(Br)c2cccnc12
605,27304,1.0,CCCCCc1ccc(C)cc1O
606,1248,1.0,CCCCOC(=O)c1ccc(O)cc1
607,319,1.0,Oc1cccc2cccnc12
608,690,1.0,O=c1oc2cc(O)ccc2c2oc3cc(O)ccc3c12
609,3224,1.0,CC(CCc1ccc(O)cc1)NCCc1ccc(O)c(O)c1
610,3638,1.0,Oc1ccc(Cl)cc1Cc1cc(Cl)ccc1O
611,28164,1.0,OCCN1CCN(CCCN2c3ccccc3Sc3ccc(Cl)cc32)CC1
612,3492,1.0,Br.C[C@H]1[C@H]2Cc3ccc(O)cc3[C@]1(C)CCN2CCc1ccccc1
613,3492,1.0,O=c1[nH]c(=O)n([C@H]2C[C@H](O)[C@@H](CO)O2)cc1Br
614,419,1.0,CC(=O)O.Cc1c(-c2ccc(O)cc2)n(Cc2ccc(OCCN3CCCCCC3)cc2)c2ccc(O)cc12
615,1788,1.0,CC(=O)O[C@@]12CO[C@@H]1C[C@H](O)[C@@]1(C)C(=O)[C@H](O)C3=C(C)[C@@H](OC(=O)[C@H](O)[C@@H](NC(=O)OC(C)(C)C)c4ccccc4)C[C@@](O)([C@@H](OC(=O)c4ccccc4)[C@H]21)C3(C)C
616,2161,1.0,CC(C)(c1ccc(OCC2CO2)cc1)c1ccc(OCC2CO2)cc1
617,2162,1.0,CO[C@H]1/C=C/O[C@@]2(C)Oc3c(C)c(O)c4c(c3C2=O)C2=NC3(CCN(CC(C)C)CC3)NC2=C(NC(=O)/C(C)=C\C=C\[C@H](C)[C@H](O)[C@@H](C)[C@@H](O)[C@@H](C)[C@H](OC(C)=O)[C@@H]1C)C4=O
618,29086,1.0,CCC(C)n1ncn(-c2ccc(N3CCN(c4ccc(OC[C@H]5CO[C@](Cn6cncn6)(c6ccc(Cl)cc6Cl)O5)cc4)CC3)cc2)c1=O
619,31,1.0,Cc1cccc(C)c1NC(=O)CN1CCN(CCCC(c2ccc(F)cc2)c2ccc(F)cc2)CC1
620,5540,1.0,CCC(=O)O[C@H]1CC[C@H]2[C@@H]3CCc4cc(O)ccc4[C@H]3CC[C@]12C
621,5485,1.0,CCOP(=S)(OCC)SCn1nnc2ccccc2c1=O
622,4458,1.0,CCCOC(C(=O)OC1CCN(C)CC1)(c1ccccc1)c1ccccc1.Cl
623,26576,1.0,Cl.N=C(N)NC(=N)NCCc1ccccc1
624,12061,1.0,CCCCN1C(=O)[C@@H]([C@H](O)C2CCCCC2)NC(=O)C12CCN(Cc1ccc(Oc3ccc(C(=O)O)cc3)cc1)CC2.Cl
625,6314,1.0,COc1cccc(CCc2ccccc2OCC(CN(C)C)OC(=O)CCC(=O)O)c1.Cl
626,243,1.0,CC(=O)C(Cl)(Cl)Cl
627,1385,1.0,C=C(CC)C(=O)c1ccc(OCC(=O)O)c(Cl)c1Cl
628,690,1.0,Cc1nnc2n1-c1ccc(Cl)cc1C(c1ccccc1)=NC2
629,28919,1.0,CN1CCN(C2=Nc3cc(F)ccc3Cc3ccccc32)CC1
630,6190,1.0,COc1cc([C@@H]2c3cc4c(cc3C(O[C@@H]3O[C@@H]5CO[C@@H](C)O[C@H]5[C@H](O)[C@H]3O)C3COC(=O)[C@@H]32)OCO4)cc(OC)c1O
631,6190,1.0,COC(=O)[C@H]1[C@H]2C[C@@H]3c4[nH]c5cc(OC)ccc5c4CCN3C[C@H]2C[C@@H](OC(=O)c2cc(OC)c(OC)c(OC)c2)[C@@H]1OC
632,26707,1.0,CN1CCCCC1CCN1c2ccccc2Sc2ccc(S(C)=O)cc21
633,26808,1.0,O=C(O)c1cccnc1Nc1cccc(C(F)(F)F)c1
634,1031,1.0,C[C@](O)(CS(=O)(=O)c1ccc(F)cc1)C(=O)Nc1ccc(C#N)c(C(F)(F)F)c1
635,1421,1.0,N#CCCC(Br)(C#N)CBr
636,5258,1.0,CCCOC(=O)c1ccc(N)cc1
637,1464,1.0,Nc1nc(Cl)nc2c1ncn2[C@@H]1O[C@H](CO)[C@@H](O)[C@@H]1F
638,1248,1.0,CCOc1ccc2nc(S(N)(=O)=O)sc2c1
639,24525,1.0,CCN(CC)C(=S)[S-].O.O.O.[Na+]
640,26787,1.0,COc1ccc(C(=O)c2ccc(C)cc2)c(O)c1
641,5599,1.0,CC1(C)[C@@H](O)CC[C@]2(C)[C@H]3C(=O)C=C4[C@@H]5C[C@@](C)(C(=O)O)CC[C@]5(C)CC[C@@]4(C)[C@]3(C)CC[C@@H]12
642,1373,1.0,CN(Cc1cnc2nc(N)nc(N)c2n1)c1ccc(C(=O)N[C@@H](CCC(=O)O)C(=O)O)cc1
643,3197,1.0,CCCCC(F)(F)[C@@]1(O)CC[C@H]2[C@@H](CC(=O)[C@@H]2CCCCCCC(=O)O)O1
644,23909,1.0,CCC(C)c1cc([N+](=O)[O-])cc([N+](=O)[O-])c1OC(=O)C=C(C)C
645,2801,1.0,C[C@]12CCC(=O)C[C@@H]1CC[C@@H]1[C@@H]2CC[C@]2(C)[C@@H](O)CC[C@@H]12
646,1421,1.0,C[C@]12CCC(=O)C[C@@H]1CC[C@@H]1[C@@H]2CC[C@@]2(C)[C@H]1CC[C@]2(C)O
647,5948,1.0,O=C/C(Cl)=C(/Cl)C(=O)O
648,28698,1.0,COc1cc(NC(C)CCCN)c2ncccc2c1.O=P(O)(O)O.O=P(O)(O)O
649,3051,1.0,Cc1ccc(S(=O)(=O)O)cc1.NC1CCN(c2nc3c(cc2F)c(=O)c(C(=O)O)cn3-c2ccc(F)cc2F)C1
650,26922,1.0,Cc1cc2nc3c(=O)[nH]c(=O)nc-3n(C[C@H](O)[C@H](O)[C@H](O)CO)c2cc1C
651,28505,1.0,O=C(NOC[C@H](O)CO)c1ccc(F)c(F)c1Nc1ccc(I)cc1F
652,26658,1.0,O=C(Nc1ccc(Br)cc1)c1cc(Br)cc(Br)c1O
653,23853,1.0,O=S(c1cc(Cl)cc(Cl)c1O)c1cc(Cl)cc(Cl)c1O
654,20362,1.0,CCCCCCc1ccc(O)cc1O
655,4458,1.0,Oc1ccc(Cl)cc1Cc1cc(Cl)ccc1O
656,28997,1.0,S=C(SSSSSSC(=S)N1CCCCC1)N1CCCCC1
657,26104,1.0,CN(C)c1ccc2nc3ccc(N(C)C)cc3[s+]c2c1.O.O.O.[Cl-]
658,21752,1.0,Cc1ccc(Cl)c(Nc2ccccc2C(=O)[O-])c1Cl.O.[Na+]
659,3550,1.0,CC(C)(c1cc(Br)c(OCCO)c(Br)c1)c1cc(Br)c(OCCO)c(Br)c1
660,3340,1.0,COc1cc(C(C)=O)ccc1OCCCN1CCC(c2noc3cc(F)ccc23)CC1
661,5258,1.0,CO[C@H]1/C=C/O[C@@]2(C)Oc3c(C)c(O)c4c(O)c(c5c(nc6cc(C)ccn65)c4c3C2=O)NC(=O)/C(C)=C\C=C\[C@H](C)[C@H](O)[C@@H](C)[C@@H](O)[C@@H](C)[C@H](OC(C)=O)[C@@H]1C
662,5258,1.0,COCCOC(=O)C1=C(C)NC(C)=C(C(=O)OC(C)C)C1c1cccc([N+](=O)[O-])c1
663,16467,1.0,CC1=C(C(=O)Nc2ccccc2)S(=O)(=O)CCO1
664,24966,1.0,Cc1cccc(N(C)C(=S)Oc2ccc3ccccc3c2)c1
665,25173,1.0,Cc1ccc(O)c(O)c1
666,28804,1.0,Cc1ccc(/N=C/N(C)/C=N/c2ccc(C)cc2C)c(C)c1
667,4457,1.0,Cc1ccc(C=C2C(=O)C3CCC2C3(C)C)cc1
668,10636,1.0,Cc1cccc(C)c1NC(=O)CC12CCCN1CCC2
669,26870,1.0,CC(CC(c1ccccc1)c1ccccc1)NC(C)(C)C.Cl
670,3652,1.0,CCC(=O)N(c1ccccc1)[C@H]1CCN(CCc2ccccc2)C[C@@H]1C.Cl
671,804,1.0,Cl.Cl.N=C(N)c1ccc(OCCCOc2ccc(C(=N)N)cc2Br)c(Br)c1
672,27831,1.0,Cl.Cl.OCCN1CCN(CCCN2c3ccccc3C=Cc3ccccc32)CC1
673,26752,1.0,Cl.Clc1cccc(C(c2ccc3nc[nH]c3c2)n2ccnc2)c1
674,1150,1.0,CN(C)CC[C@@H](c1ccc(Cl)cc1)c1ccccn1.Cl
675,26807,1.0,CCC(=O)O[C@](Cc1ccccc1)(c1ccccc1)[C@H](C)CN(C)C.Cl
676,26862,1.0,CCCCc1cc2ccccc2c(OCCN(C)C)n1.Cl
677,14181,1.0,CN1CCCC(CC2c3ccccc3Sc3ccccc32)C1.Cl
678,22129,1.0,CNCCCN1c2ccccc2CCc2ccccc21.Cl
679,319,1.0,Cl.O=C(N[C@H](c1ccccc1)[C@@H]1CN2CCC1CC2)c1c(Cl)ccc(C(F)(F)F)c1Cl
680,6214,1.0,Cl.O=C(O[C@H]1CN2CCC1CC2)N1CCc2ccccc2[C@@H]1c1ccccc1
681,342,1.0,Cl.O=C(OCC(O)CO)c1ccccc1Nc1ccnc2cc(Cl)ccc12
682,3057,1.0,Clc1nc(C(Cl)(Cl)Cl)c(Cl)c(Cl)c1Cl
683,20980,1.0,O=C(NC(=O)c1c(F)cccc1F)Nc1cc(Cl)c(OC(F)(F)C(F)C(F)(F)F)cc1Cl
684,25232,1.0,O=C(CCl)CCl
685,26557,1.0,COc1ccc(S(=O)(=O)N2C(=O)[C@@](c3ccccc3OC)(N3C[C@H](O)C[C@H]3C(=O)N(C)C)c3cc(Cl)ccc32)c(OC)c1
686,12638,1.0,CN(C)CCCN1c2ccccc2C(C)(C)c2ccccc21
687,25318,1.0,CN(CCOc1ccc(CC2SC(=O)NC2=O)cc1)c1ccccn1
688,28571,1.0,CC(C)C[C@H]1C(=O)N2CCC[C@H]2[C@]2(O)O[C@](NC(=O)[C@@H]3C[C@@H]4c5cccc6[nH]cc(c56)C[C@H]4N(C)C3)(C(C)C)C(=O)N12
689,22248,1.0,COc1ccc(-c2ccccc2)cc1NNC(=O)OC(C)C
690,1247,1.0,CS(=O)(=O)O.Cc1ccc2c(c1)c1c3n2CCNC3CCC1
691,266,1.0,CCCN1C[C@H](CSC)C[C@@H]2c3cccc4[nH]cc(c34)C[C@H]21.CS(=O)(=O)O
692,1314,1.0,O=c1[nH]c(=O)n([C@H]2C[C@H](O)[C@@H](CO)O2)cc1C(F)(F)F
693,4151,1.0,O=C(NC(=O)c1c(F)cccc1F)Nc1cc(Cl)c(Oc2ncc(C(F)(F)F)cc2Cl)c(Cl)c1
694,25625,1.0,N=C1NC(=N)c2ccccc21
695,20464,1.0,C/C1=C2/N=C(/C=C3\N=C(/C(C)=C4\N([Co+]C[C@H]5O[C@@H](n6cnc7c(N)ncnc76)[C@H](O)[C@@H]5O)C(C(CC(N)=O)C4(C)CCC(=O)NCC(C)OP(=O)([O-])O[C@H]4[C@@H](O)[C@@H](n5cnc6cc(C)c(C)cc65)O[C@@H]4CO)C4(C)N=C1C(CCC(N)=O)C4(C)CC(N)=O)C(CCC(N)=O)C3(C)C)C(CCC(N)=O)C2(C)CC(N)=O
696,1106,1.0,C=CCNC1=C2C[C@@H](C)C[C@H](OC)[C@H](O)[C@@H](C)/C=C(\C)[C@H](OC(N)=O)[C@@H](OC)/C=C\C=C(/C)C(=O)NC(=CC1=O)C2=O
697,1577,1.0,NC(=O)NS(=O)(=O)c1ccc(N)cc1
698,13382,1.0,COc1nc(N)nc2c1ncn2[C@@H]1O[C@H](CO)[C@@H](O)[C@@H]1O
699,12580,1.0,CCN(CC)C(=S)[S-].O.O.O.[Na+]
700,2162,1.0,C=C[C@H]1CN2CCC1C[C@@H]2[C@@H](O)c1ccnc2ccccc12
701,4274,1.0,COC(CNC(=O)c1ccccc1OCC(=O)O)C[Hg]O
702,21897,1.0,O=C(N/N=C/c1ccc([N+](=O)[O-])o1)c1cc([N+](=O)[O-])cc([N+](=O)[O-])c1O
703,12533,1.0,COc1cc2c(cc1OC)[C@@H](c1ccccc1)CN(C)CC2.O=C(O)/C=C\C(=O)O
704,5805,1.0,CC1=C2[C@H](/C=C(\C)C(=O)O)CC[C@@H](C)[C@H]2CC1
705,28654,1.0,Cc1c(C)c2c(c(C)c1OC(=O)CCC(=O)O)CC[C@@](C)(CCC[C@H](C)CCC[C@H](C)CCCC(C)C)O2
706,12551,1.0,C=CC(=O)OCCOCC(CC)(COCCOC(=O)C=C)COCCOC(=O)C=C
707,6214,1.0,CC(C)(C)NC[C@H](O)COc1ccccc1C1CCCC1.CC(C)(C)NC[C@H](O)COc1ccccc1C1CCCC1.O=S(=O)(O)O
708,26231,1.0,CC1(C)S[C@@H]2[C@H](NC(=O)[C@H](N)c3ccc(O)cc3)C(=O)N2[C@H]1C(=O)O
709,28610,1.0,OC(CN1CCC(Cc2ccc(F)cc2)CC1)c1ccc(Cl)cc1
710,26903,1.0,COc1ccccc1N1CCN(CC(O)COc2cccc3ccccc23)CC1
711,28871,1.0,C=CCc1cc(S(=O)(=O)c2ccc(O)c(CC=C)c2)ccc1O
712,21985,1.0,CCCN(CCc1cccs1)[C@H]1CCc2c(O)cccc2C1
713,811,1.0,CC(O)C(=O)O.CCCCCCCCCCCCCCNCCO
714,21411,1.0,N=C(N)c1ccc(OCCCCCOc2ccc(C(=N)N)cc2)cc1.O=S(=O)(O)CCO.O=S(=O)(O)CCO
715,5757,1.0,Nc1ccc(S(=O)(=O)[N-]c2ncccn2)cc1.[Ag+]
716,26804,1.0,CCN(CC)c1ccc(N=Nc2ccc(S(=O)(=O)N(C)C)cc2)c(S(=O)(=O)NCC[n+]2ccccc2)c1.[Cl-]
717,25804,1.0,O=P([O-])([O-])OP(=O)([O-])[O-].[Na+].[Na+].[Na+].[Na+]
718,26361,1.0,CCCCCCCC(=O)Oc1c(Br)cc(C#N)cc1Br
719,5599,1.0,COCCCCCCCCOCCC[Si](C)(O[Si](C)(C)C)O[Si](C)(C)C
720,2933,1.0,C=CC(=O)OCC1CC2CC1C1CCC(COC(=O)C=C)C21
721,26545,1.0,c1ccc(C(O[C@@H]2CCCN(CCc3ccc4c(c3)OCO4)C2)c2ccccc2)cc1
722,26401,1.0,CC(=O)O[C@]1(C(C)=O)CC[C@H]2[C@@H]3C=C(Cl)C4=CC(=O)[C@@H]5C[C@@H]5[C@]4(C)[C@H]3CC[C@@]21C
723,1824,1.0,CC(=O)[C@H]1CC[C@H]2[C@@H]3CCC4=CC(=O)CC[C@]4(C)[C@H]3CC[C@]12C
724,1462,1.0,COc1ccccc1Oc1c(NS(=O)(=O)c2ccc(C(C)(C)C)cc2)nc(-c2ncccn2)nc1OCCO
725,274,1.0,CC(C)(C)NC(=O)[C@H]1CC[C@H]2[C@@H]3CC=C4C=C(C(=O)O)CC[C@]4(C)[C@H]3CC[C@]12C
726,2742,1.0,CC(C)NC[C@@H](O)COc1cccc2ccccc12
727,2742,1.0,CC[C@H]1CC[C@H](NCc2cc3c(cc2OC)[C@H]2C[C@H]2C(=O)N3C)[C@H](c2ccccc2)N1
728,26236,1.0,CC1=C(/C=C/C(C)=C\C=C\C(C)=C\C(=O)O)C(C)(C)CCC1
729,20625,1.0,COC(=O)C1=C(C)NC(C)=C(C(=O)OC)C1c1ccccc1OC(F)F
730,3128,1.0,CCCCN1CCCC1C(=O)Nc1c(C)cc(C)cc1C
731,27775,1.0,CCCN(CCC)C(=O)Cc1c(-c2ccc(Cl)cc2)nc2ccc(Cl)cn12
732,12315,1.0,C=C[C@]1(C)C[C@@H](OC(=O)CSCCN(CC)CC)[C@@]2(C)C(C)CC[C@]3(CCC(=O)[C@H]32)[C@@H](C)[C@@H]1O
733,28668,1.0,Cc1cccc(Cc2c[nH]cn2)c1C.Cl
734,8038,1.0,CCC1(c2cnc[nH]2)Cc2ccccc2C1.Cl
735,20672,1.0,CCc1ccc(CCOc2ccc(CC3SC(=O)NC3=O)cc2)nc1.Cl
736,2563,1.0,CCCCOc1ccc(OCCCN2CCOCC2)cc1.Cl
737,6181,1.0,CCc1cc(Cl)c(OC)c(C(=O)NC[C@@H]2CCCN2CC)c1O.Cl
738,26101,1.0,CN1CCC(OC(c2ccccc2)c2ccccc2)CC1.Cl
739,1270,1.0,COc1cc(C[C@H](C)N)c(OC)cc1Br.Cl
740,99,1.0,CCc1cc(OC)c(C[C@@H](C)N)cc1OC.Cl
741,28130,1.0,CNCC(O)c1ccc(OC(=O)C(C)(C)C)c(OC(=O)C(C)(C)C)c1.Cl
742,1462,1.0,CCOC(=O)Nc1ccc2c(c1)N(C(=O)CCN1CCOCC1)c1ccccc1S2.Cl
743,3764,1.0,Cl.O=S(=O)(c1cccc2cnccc12)N1CCCNCC1
744,3411,1.0,COc1ccc2c(c1)c(CC(=O)O)c(C)n2C(=O)c1ccc(Cl)cc1
745,5485,1.0,COc1ccc2c(c1)c(CC(=O)OCC(=O)O)c(C)n2C(=O)c1ccc(Cl)cc1
746,25706,1.0,CCOC(=O)C(C)OC(=O)c1cc(Oc2ccc(C(F)(F)F)cc2Cl)ccc1[N+](=O)[O-]
747,25409,1.0,Cc1ccc(Nc2c(F)cccc2Cl)c(CC(=O)O)c1
748,5257,1.0,CCOC(=O)Nc1ccc2c(c1)N(C(=O)CN(C)C)c1ccccc1CC2
749,21617,1.0,CN(Cc1ccc(C(C)(C)C)cc1)Cc1cccc2ccccc12
750,26227,1.0,CN1CCCC(OC(=O)C(O)(c2ccccc2)c2ccccc2)C1
751,20767,1.0,CN1[C@@H]2CC[C@H]1C[C@@H](OC(c1ccccc1)c1ccccc1)C2
752,3224,1.0,CN1[C@@H]2CC[C@H]1C[C@@H](OC(c1ccccc1)c1ccccc1)C2.CS(=O)(=O)O
753,3322,1.0,CCC(COC(=O)c1cc(OC)c(OC)c(OC)c1)(c1ccccc1)N(C)C.O=C(O)/C=C\C(=O)O
754,25701,1.0,COC(=O)[C@H]1[C@H]2C[C@@H]3c4[nH]c5cc(OC)ccc5c4CCN3C[C@H]2C[C@@H](OC(=O)c2cc(OC)c(OC)c(OC)c2)[C@@H]1OC
755,26274,1.0,COc1cc2c(cc1OC)[C@@]13CCN4CC5=CCO[C@H]6CC(=O)N2[C@H]1[C@H]6[C@H]5C[C@H]43
756,21133,1.0,O=C(CCCN1CCC(O)(c2ccc(Cl)cc2)CC1)c1ccc(F)cc1
757,7781,1.0,CCN(CC)CCN1C(=O)CN=C(c2ccccc2F)c2cc(Cl)ccc21
758,27949,1.0,CCCCCCCCCCCCCCC[C@H](O)[C@@H](N)CO
759,26749,1.0,Nc1ccccc1C(=O)OCC=Cc1ccccc1
760,25953,1.0,O.O=C(O)[C@@H]1[C@H]2C[C@H]3c4[nH]c5ccccc5c4CCN3C[C@@H]2CC[C@@H]1O
761,26976,1.0,CC(C)C(=O)Nc1ccc([N+](=O)[O-])c(C(F)(F)F)c1
762,28598,1.0,COc1ccc(Cl)cc1C(=O)NCCc1ccc(S(=O)(=O)NC(=O)NC2CCCCC2)cc1
763,20682,1.0,C[C@@H]1[C@H]2Cc3ccc(O)cc3[C@]1(C)CCN2C.O=C(O)/C=C/C(=O)O
764,1715,1.0,CC(CN(C)C)CN1c2ccccc2CCc2ccccc21.O=C(O)/C=C\C(=O)O
765,26112,1.0,CCOc1cc(N)c(Cl)cc1C(=O)NCC1CN(Cc2ccc(F)cc2)CCO1.O=C(O)CC(O)(CC(=O)O)C(=O)O
766,1460,1.0,Cc1ccccc1C(OCCN(C)C)c1ccccc1.O=C(O)CC(O)(CC(=O)O)C(=O)O
767,5670,1.0,O=C(O)c1cc(-c2ccccc2)nc2ccccc12
768,28479,1.0,CN(C)CCOc1ccccc1Cc1ccccc1.Nc1ccc(C(=O)O)c(O)c1
769,26810,1.0,Cc1cccc(Nc2ccccc2C(=O)O)c1C
770,1314,1.0,COCC(=O)Nc1cc(Sc2ccccc2)ccc1N=C(NC(=O)OC)NC(=O)OC
771,28504,1.0,CCOC(=O)[C@]1(c2ccccc2)Oc2ccccc2[C@@H]1N
772,576,1.0,CCOC(=O)c1c(C)n(C)c2ccc(O)cc12
773,12589,1.0,Nc1ccc2c(O)cc(S(=O)(=O)O)cc2c1
774,1248,1.0,OC(C#CCN1CCCC1)(c1ccccc1)c1ccccc1
775,25952,1.0,COP(=O)(OC)C(O)C(Cl)(Cl)Cl
776,894,1.0,COP(=O)(OC)C(O)C(Cl)(Cl)Cl
777,27542,1.0,OC(c1ccc(Cl)cc1)(c1ccc(Cl)cc1)c1cccnc1
778,28490,1.0,CC(C)(CO)[C@@H](O)C(=O)NCCCC(=O)[O-].CC(C)(CO)[C@@H](O)C(=O)NCCCC(=O)[O-].[Ca+2]
779,917,1.0,C[N+](C)(C)CC(=O)O.[Cl-]
780,29080,1.0,Cc1ccc(S(=O)(=O)Oc2ccc(N=Nc3ccc(-c4ccc(N=Nc5c(O)ccc6cc(S(=O)(=O)[O-])cc(S(=O)(=O)[O-])c56)c(C)c4)cc3C)cc2)cc1.[Na+].[Na+]
781,1106,1.0,CO/N=C(\C(=O)N[C@@H]1C(=O)N2C(C(=O)[O-])=C(CSc3nc(=O)c([O-])nn3C)CS[C@H]12)c1csc(N)n1.O.O.O.[Na+].[Na+]
782,3322,1.0,Cc1cc(C)c(NC(=O)C[C@H](CC(=O)[O-])c2cccc3ccccc23)c(C(=O)N2CCC3(CCCC3)CC2)c1.[Na+]
783,26970,1.0,O=C([O-])c1cc2cc(Cc3cccnc3)ccc2o1.[Na+]
784,14186,1.0,Cc1cc(CC(=O)[O-])n(C)c1C(=O)c1ccc(Cl)cc1.[Na+]
785,28140,1.0,Nc1c(CC(=O)[O-])cccc1C(=O)c1ccccc1.[Na+]
786,24950,1.0,O=C(O)c1cccc(/C=C2/C[C@@H]3[C@@H](/C=C/[C@@H](O)C4CCCCC4)[C@H](O)C[C@@H]3O2)c1.[Na+]
787,25895,1.0,CC(C)(c1cc(Br)c(O)c(Br)c1)c1cc(Br)c(O)c(Br)c1
788,28909,1.0,OCCCCCCCCCCCCBr
789,3545,1.0,C[Si](Cn1cncn1)(c1ccc(F)cc1)c1ccc(F)cc1
790,1680,1.0,CC(=O)O[C@]1(C(C)=O)CC[C@H]2[C@@H]3C=C(C)C4=CC(=O)CC[C@]4(C)[C@H]3CC[C@@]21C
791,12514,1.0,CC(=O)Oc1cccc2c1C(=O)c1c(OC(C)=O)cc(C(=O)O)cc1C2=O
792,26019,1.0,Cc1ccc(C(C)(C)C)c(O)c1
793,5540,1.0,Cc1c(C)c2c(c(C)c1OC(=O)c1cccnc1)CC[C@@](C)(CCC[C@H](C)CCC[C@H](C)CCCC(C)C)O2
794,2883,1.0,CCCc1nc(C(C)(C)O)c(C(=O)OCc2oc(=O)oc2C)n1Cc1ccc(-c2ccccc2-c2nn[nH]n2)cc1
795,26852,1.0,CCC1(c2cnc[nH]2)Cc2ccccc2C1
796,26497,1.0,CCC1OCC(COc2ccc(Oc3ccccc3)cc2)O1
797,26307,1.0,Cl.c1ccc2c(c1)CCCC2C1=NCCN1
798,5138,1.0,C=CCOc1ccccc1OCC(O)CNC(C)C.Cl
799,4499,1.0,Cc1cccc(C)c1OCC(C)N.Cl
800,294,1.0,Cl.Cl.Nc1ccc(-c2ccc(N)c(Cl)c2)cc1Cl
801,25410,1.0,COc1ccc(OC)c(C(O)C(C)N)c1.Cl
802,730,1.0,Cl.c1ccc([C@H]2CN3CCSC3=N2)cc1
803,717,1.0,CCN(CC)CCNC(=O)c1ccc(NS(C)(=O)=O)cc1.Cl
804,810,1.0,Nc1nc2cc(Cl)ccc2o1
805,3586,1.0,COc1ccc2c(c1)c(CC(=O)O)c(C)n2C(=O)c1ccc(Cl)cc1
806,813,1.0,Nc1nnc(-c2cccc(Cl)c2Cl)c(N)n1
807,27821,1.0,CC1=C(CC(=O)O)c2cc(F)ccc2/C1=C\c1ccc(S(C)(=O)=O)cc1
808,266,1.0,CSC1=N[C@@](C)(c2ccccc2)C(=O)N1Nc1ccccc1
809,690,1.0,O=C(O)c1ccccc1Nc1cccc(C(F)(F)F)c1
810,20662,1.0,CC(C(=O)O)c1ccc(-c2ccccc2)c(F)c1
811,26134,1.0,Cc1[nH]c(=O)c(C#N)cc1-c1ccncc1
812,12751,1.0,NC(=O)N(O)[C@@H]1COc2cc(OCc3ccccc3)ccc21
813,27776,1.0,NC(=O)NO
814,116,1.0,NC(=S)NS(=O)(=O)c1ccc(N)cc1
815,398,1.0,CCOC(=O)Nc1ccc(NCc2ccc(F)cc2)nc1N.O=C(O)/C=C\C(=O)O
816,21133,1.0,Cc1onc(-c2ccccc2)c1-c1ccc(S(N)(=O)=O)cc1
817,13757,1.0,CC(=O)N1C[C@H](O)C[C@H]1C(=O)O
818,6262,1.0,O=[N+]([O-])C1(Br)COCOC1
819,423,1.0,CC(=O)N[C@@H](CCC(=O)O)C(=O)O
820,6081,1.0,Cc1cccc(C)c1NC(=O)c1ccccc1C(=O)O
821,2681,1.0,CCSc1ccc2c(c1)N(CCCN1CCN(C)CC1)c1ccccc1S2.O=C(O)CC(O)C(=O)O.O=C(O)CC(O)C(=O)O
822,20268,1.0,O=C(O)c1nn(Cc2ccc(Cl)cc2Cl)c2ccccc12
823,510,1.0,CCOC(=O)COc1ccc2c(=O)cc(-c3ccccc3)oc2c1
824,276,1.0,O=C1CCC(=O)N1CO
825,2629,1.0,CC(=O)Nc1ccc(OC(=O)c2ccccc2O)cc1
826,3557,1.0,CCCCC(=O)O[C@]1(C(=O)CO)[C@@H](C)C[C@H]2[C@@H]3CCC4=CC(=O)C=C[C@]4(C)[C@@]3(F)[C@@H](O)C[C@@]21C
827,898,1.0,O.O.O.O=C([O-])C1O[Sb]2OC(=O)C(O2)C(C(=O)[O-])O[Sb]2OC(=O)C1O2.[K+].[K+]
828,2053,1.0,CCCCc1nc2cccnc2n1Cc1ccc(-c2ccccc2-c2nnn[n-]2)cc1.[Na+]
829,20525,1.0,Cc1c(C2(c3cc(Br)c(O)c(Br)c3C)OS(=O)(=O)c3ccccc32)cc(Br)c(O)c1Br
830,25849,1.0,O=S1(=O)OC(c2cc(Br)c(O)c(Br)c2)(c2cc(Br)c(O)c(Br)c2)c2ccccc21
831,730,1.0,CC(C)=CCC1=C(O)C(=O)c2ccccc2C1=O
832,1824,1.0,c1ccc2c(c1)-c1cccc3c1c-2cc1ccccc13
833,28852,1.0,Cc1nc(-c2ccccn2)ncc1C(=O)Nn1cc(C)c2cc(F)ccc21
834,20464,1.0,COC(=O)C1=C(C)NC(C)=C(C(=O)O[C@@H]2CCCN(Cc3ccccc3)C2)[C@@H]1c1cccc([N+](=O)[O-])c1.Cl
835,28911,1.0,N#CC(Cl)Cl
836,27316,1.0,ClC1=C(Cl)[C@]2(Cl)[C@@H]3[C@@H]4C[C@@H]([C@H]5O[C@@H]45)[C@@H]3[C@@]1(Cl)C2(Cl)Cl
837,5257,1.0,O=S(=O)(c1ccc(Cl)cc1)c1cc(Cl)c(Cl)cc1Cl
838,3035,1.0,Cc1oc2c(NC(=O)c3c(Cl)cccc3Cl)cccc2c1C(C)(C)O
839,26437,1.0,ClC1=C(Cl)C2(Cl)C3C4OC4C(Cl)C3C1(Cl)C2(Cl)Cl
840,822,1.0,Nc1ccc2c(c1)Cc1ccccc1-2
841,20269,1.0,Nc1ccccc1Nc1ccccc1
842,423,1.0,NNC(=S)NN
843,6181,1.0,O=[Se](O)O
844,26225,1.0,O=C(O)c1cccc(N(Cc2cccnc2)c2ccc(OC(F)F)c(OC(F)F)c2)c1
845,1824,1.0,O=C(C=Cc1ccccc1)OCc1ccccc1
846,5600,1.0,OC(c1ccc(Cl)cc1)(c1cncnc1)c1ccccc1Cl
847,25567,1.0,Cc1cc2nc3c(=O)[nH]c(=O)nc-3n(C[C@H](O)[C@H](O)[C@H](O)CO)c2cc1C
848,18922,1.0,O=C1Nc2ccccc2C1(c1ccc(O)cc1)c1ccc(O)cc1
849,14792,1.0,CC(=O)Oc1ccc(C(c2ccc(OC(C)=O)cc2)c2ccccn2)cc1
850,26602,1.0,CC(=O)Oc1ccc(C2(c3ccc(OC(C)=O)cc3)Oc3ccccc3NC2=O)cc1
851,21772,1.0,CC(=O)OCC(=O)[C@@]12N=C(C)O[C@@H]1C[C@H]1[C@@H]3CCC4=CC(=O)C=C[C@]4(C)[C@H]3[C@@H](O)C[C@@]12C
852,24658,1.0,CC(C)(C)C(=O)C1C(=O)c2ccccc2C1=O
853,26352,1.0,CCC(C)(C)C(=O)O[C@H]1C[C@@H](C)C=C2C=C[C@H](C)[C@H](CC[C@@H]3C[C@@H](O)CC(=O)O3)[C@H]21
854,24940,1.0,CN(C)CCCN1c2ccccc2CCc2ccccc21.Cl
855,27283,1.0,Cl.Cn1sccc1=O
856,26898,1.0,O=C=Nc1ccc(Cl)cc1
857,6520,1.0,O=C=Nc1ccc(Cl)c(Cl)c1
858,22256,1.0,COc1ccc(C(=O)CC(=O)c2ccc(C(C)(C)C)cc2)cc1
859,6081,1.0,CCCCCCn1cc[n+](C)c1.O=S(=O)([N-]S(=O)(=O)C(F)(F)F)C(F)(F)F
860,29129,1.0,NC(=O)Cn1c(=O)cc(CCN2CCN(c3nccc4sccc34)CC2)c2ccc(F)cc21
861,433,1.0,O=C1CN(N=Cc2ccc([N+](=O)[O-])o2)C(=O)N1
862,3063,1.0,O=[Se]=O
863,96,1.0,O=C(c1ccccc1)c1ccc(O)cc1
864,29390,1.0,CCC(=O)N(c1ccccc1)C1(COC)CCN(CCc2cccs2)CC1.O=C(O)CC(O)(CC(=O)O)C(=O)O
865,3907,1.0,Cc1c(C)c2c(c(C)c1OC(=O)CCC(=O)O)CC[C@@](C)(CCC[C@H](C)CCC[C@H](C)CCCC(C)C)O2
866,1316,1.0,O=C(OC[C@H]1O[C@@H](OC(=O)c2cc(O)c(O)c(OC(=O)c3cc(O)c(O)c(O)c3)c2)[C@H](OC(=O)c2cc(O)c(O)c(OC(=O)c3cc(O)c(O)c(O)c3)c2)[C@@H](OC(=O)c2cc(O)c(O)c(OC(=O)c3cc(O)c(O)c(O)c3)c2)[C@@H]1OC(=O)c1cc(O)c(O)c(OC(=O)c2cc(O)c(O)c(O)c2)c1)c1cc(O)c(O)c(OC(=O)c2cc(O)c(O)c(O)c2)c1
867,4300,1.0,O=Cc1ccccc1O
868,24528,1.0,CCOP(=O)(Sc1ccccc1)Sc1ccccc1
869,2681,1.0,O=C(NS(=O)(=O)/C=C/c1cccs1)c1ccc(F)cc1Br
870,28765,1.0,CCCCNS(=O)(=O)c1ccccc1
871,1264,1.0,Oc1ccc2c(c1)Cc1ccccc1-2
872,6076,1.0,C=CC(=O)OCCOc1ccccc1
873,28492,1.0,c1ccsc1
874,27569,1.0,c1ccc2c(c1)ccc1ncccc12
875,20715,1.0,CCCOCC(C)O
876,4585,1.0,CC1(C)C(C(=O)OC(C#N)c2cccc(Oc3ccccc3)c2)C1(C)C
877,9572,1.0,CCCCOC(=O)CC(CC(=O)OCCCC)(OC(C)=O)C(=O)OCCCC
878,29389,1.0,CC(CCc1ccccc1)NCC(O)c1ccc(O)c(C(N)=O)c1.Cl
879,6520,1.0,CC1(C)[C@H](/C=C(\Cl)C(F)(F)F)[C@@H]1C(=O)O[C@H](C#N)c1cccc(Oc2ccccc2)c1
880,576,1.0,CC1COc2ccccc2N1C(=O)C(Cl)Cl
881,27132,1.0,CCC(=O)Nc1ccc(Cl)c(Cl)c1
882,29268,1.0,Nc1c(Cl)c(Cl)nc(C(=O)O)c1Cl
883,24995,1.0,COc1ccc(N)cc1
884,1385,1.0,O=[N+]([O-])c1cc(C(F)(F)F)cc([N+](=O)[O-])c1Cl
885,12647,1.0,O=C1C(=O)c2cccc3cccc1c23
886,5436,1.0,Cc1cc(C)nc(NS(=O)(=O)c2ccc(N)cc2)n1
887,5401,1.0,Nc1ccc2c(O)cc(S(=O)(=O)O)cc2c1
888,26114,1.0,CCC1CCC(CCC(=O)O)C1
889,6181,1.0,O=C(c1ccccc1)c1cc(Cl)ccc1O
890,2308,1.0,Oc1ccccc1-c1ccccc1
891,20712,1.0,C#C[C@]1(O)CC[C@H]2[C@@H]3CCc4cc(O)ccc4[C@H]3CC[C@@]21C
892,27347,1.0,O=C([O-])c1ccc2c(c1)nc(C(=O)NC1CCN(C3CC3)CC1)n2Cc1cc(-c2ccc(Cl)s2)on1.[Na+]
893,1421,1.0,Brc1cccc(-c2ccccc2)c1
894,28574,1.0,CC(C)=C1CC[C@@H](C)CC1=O
895,7585,1.0,CC(C)OC(=O)CCCCC(=O)OC(C)C
896,3411,1.0,CC1(C)[C@H](C=C(Cl)Cl)[C@@H]1C(=O)O[C@@H](C#N)c1cccc(Oc2ccccc2)c1
897,5485,1.0,CC12CC1(C)C(=O)N(c1cc(Cl)cc(Cl)c1)C2=O
898,510,1.0,CC(Oc1ccc(Cl)cc1Cl)C(=O)O
899,119,1.0,COc1cc(/C=C/c2ccccc2)oc(=O)c1
900,28539,1.0,NC(=O)c1cccnc1
901,28672,1.0,Nc1ccc(C(=O)OCCCOC(=O)c2ccc(N)cc2)cc1
902,20770,1.0,CCCCCCc1ccc(N)cc1
903,5830,1.0,COc1ccc(Cl)cc1C(=O)NCCc1ccc(S(=O)(=O)NC(=O)NC2CCCCC2)cc1
904,7585,1.0,O=C(O)CCCCCCCCCCCBr
905,344,1.0,CC(C)=CC1C(C(=O)OCc2coc(Cc3ccccc3)c2)C1(C)C
906,25149,1.0,COC1=CC(=O)O[C@@H](/C=C/c2ccc3c(c2)OCO3)C1
907,18939,1.0,O=Cc1cccc(Oc2ccccc2)c1
908,25192,1.0,O=C(c1ccccc1)c1ccc(O)c(O)c1O
909,28869,1.0,COC(=O)NC(=S)Nc1ccccc1NC(=S)NC(=O)OC
910,25119,1.0,CSCCCN=C=S
911,6262,1.0,CCCCCC[n+]1ccccc1.[I-]
912,3155,1.0,CCN(CC)c1ccc(C(=C2C=CC(=[N+](CC)CC)C=C2)c2ccc(S(=O)(=O)[O-])cc2S(=O)(=O)[O-])cc1.[Na+]
913,2381,1.0,Brc1c2ccccc2c(Br)c2ccccc12
914,1084,1.0,c1ccc2cc(Nc3ccc(Nc4ccc5ccccc5c4)cc3)ccc2c1
915,25910,1.0,C1CCCNCC1
916,28879,1.0,C1COC1
917,5401,1.0,CC(=O)O[C@]1(C(C)=O)CC[C@H]2[C@@H]3C=C(Cl)C4=CC(=O)[C@@H]5C[C@@H]5[C@]4(C)[C@H]3CC[C@@]21C
918,139,1.0,CC(C)(c1ccc(O)cc1)c1ccc(O)cc1
919,27827,1.0,Cc1ccc2cc3c(ccc4ccccc43)c3c2c1CC3
920,6214,1.0,CCC(=O)C(CC(C)N(C)C)(c1ccccc1)c1ccccc1.Cl
921,28593,1.0,COc1cc(CCN)c(OC)cc1Br.Cl
922,21883,1.0,CCCC1COC(Cn2cncn2)(c2ccc(Cl)cc2Cl)O1
923,28738,1.0,CC(C)C(C(=O)OC(C#N)c1cccc(Oc2ccccc2)c1)c1ccc(Cl)cc1
924,29127,1.0,Clc1nc(Cl)nc(Cl)n1
925,299,1.0,CCOc1cc(Oc2ccc(C(F)(F)F)cc2Cl)ccc1[N+](=O)[O-]
926,25700,1.0,CN(C)c1ccc(Cc2ccc(N(C)C)cc2)cc1
927,470,1.0,IC(I)I
928,17712,1.0,Nc1nc(N)c(N)c(N)n1.O=S(=O)(O)O
929,27866,1.0,NCCNCCN
930,433,1.0,CC(=O)Nc1ccc(C)cc1
931,27758,1.0,COC(=O)/C=C(\C)OP(=O)(OC)OC
932,27325,1.0,Oc1cc(Cl)c(Cl)cc1Cl
933,432,1.0,CCn1c2ccccc2c2cc([N+](=O)[O-])ccc21
934,26883,1.0,CC(=O)CCC(=O)O
935,20672,1.0,CC(C)(CCl)C(=O)Cl
936,16760,1.0,CC(C)C(C)C
937,810,1.0,Cl.Nc1ccc(Cl)cc1
938,5857,1.0,ClC(Cl)(Cl)c1ccccc1
939,24872,1.0,CCCCC(CC)COC(=O)c1ccc(N(C)C)cc1
940,5231,1.0,II
941,3035,1.0,CNCC(O)c1ccc(O)cc1
942,27253,1.0,C=CCCCC
943,263,1.0,COCC(C)OC(C)=O
944,3900,1.0,CCC12COCN1COC2
945,465,1.0,CN(C)c1ccccc1
946,917,1.0,Nc1ccc(Cl)cc1
947,424,1.0,Cc1cc(O)ccc1Cl
948,12398,1.0,Cc1cccc(NC(=S)N(C)C)c1
949,3557,1.0,CS(=O)(=O)O.Cc1ccc(NC(=O)c2ccc(CN3CCN(C)CC3)cc2)cc1Nc1nccc(-c2cccnc2)n1
950,2442,1.0,CC(C)(C)CC(C)(C)c1ccc(OCCO)cc1
951,2391,1.0,CCCCC(=O)OCC(=O)[C@H]1[C@H](C)C[C@H]2[C@@H]3C[C@H](F)C4=CC(=O)C=C[C@]4(C)[C@@]3(F)[C@@H](O)C[C@@]21C
952,2308,1.0,CCCCOc1ccc(C(=O)CCN2CCCCC2)cc1.Cl
953,6082,1.0,O=C1c2ccccc2C(=O)N1SC(Cl)(Cl)Cl
954,21141,1.0,CN(C(=O)Cc1ccc(Cl)c(Cl)c1)[C@H]1CC[C@@]2(CCCO2)C[C@@H]1N1CCCC1
955,894,1.0,N#CSCSc1nc2ccccc2s1
956,4866,1.0,C[C@]12CC[C@H]3[C@@H](CCC4=CC(=O)CC[C@@]43C)[C@@H]1CC[C@H]2O
957,21306,1.0,O=S(=O)(O)O.Oc1cccc2cccnc12.Oc1cccc2cccnc12
958,155,1.0,CCCCCCCCCCCCCCCC[N+](C)(C)CCN(Cc1ccc(OC)cc1)c1ncccn1.[Br-]
959,17208,1.0,COc1cc(Br)c(C[N+]2(CCOCCC3CCC4CC3C4(C)C)CCOCC2)cc1OC.[Br-]
960,4585,1.0,COc1ccc2cc3[n+](cc2c1OC)CCc1cc2c(cc1-3)OCO2.[Cl-]
961,10636,1.0,C[C@H]1C[C@@H]2[C@H]([C@@H](O)C[C@@]3(C)[C@H]2CC[C@]3(O)C(=O)COC(=O)CCC(=O)[O-])[C@@]2(C)C=CC(=O)C=C12.[Na+]
962,24161,1.0,c1ccc(CCNc2nc(-c3ccccc3)cs2)cc1
963,243,1.0,C=CC(=O)OCCCCCCOC(=O)C=C
964,804,1.0,CC(=O)OCC(=O)[C@@]1(O)[C@H](C)C[C@H]2[C@@H]3C[C@H](F)C4=CC(=O)C=C[C@]4(C)[C@H]3[C@@H](O)C[C@@]21C
965,117,1.0,C=C1CC2C3CCC4=CC(=O)C=C[C@]4(C)[C@@]3(F)[C@@H](O)C[C@]2(C)[C@@]1(O)C(=O)COC(C)=O
966,13664,1.0,C[C@@H]1C[C@H]2C3C[C@H](F)C4=CC(=O)C=CC4(C)[C@@]3(F)[C@@H](O)CC2(C)[C@@]1(O)C(=O)COC(=O)C(C)(C)C
967,263,1.0,CC(C)CCC(=O)O[C@H]1CC[C@H]2[C@@H]3CCC4=CC(=O)CC[C@]4(C)[C@H]3CC[C@]12C
968,27146,1.0,CC(C)N1CCN(c2ccc(OC[C@H]3CO[C@](Cn4cncn4)(c4ccc(Cl)cc4Cl)O3)cc2)CC1
969,55,1.0,CN(C)CCCN1c2ccccc2Sc2ccccc21.Cl
970,368,1.0,COc1ccc(OC(F)(F)F)cc1CN[C@H]1CCCN[C@H]1c1ccccc1
971,3719,1.0,O=C1NCN(c2ccccc2)C12CCN(CCCOc1ccc(F)cc1)CC2
972,26178,1.0,CN1C(=O)/C(=N/NC(N)=S)c2ccccc21
973,4602,1.0,C[C@]12C[C@H]3S[C@H]3C[C@@H]1CC[C@@H]1[C@@H]2CC[C@]2(C)[C@@H](O)CC[C@@H]12
974,114,1.0,Nc1ccc(C(=O)Nc2ccccc2N)cc1
975,1191,1.0,CO[C@@H]1[C@@H](O[C@@H]2O[C@H](C)[C@@H](O[C@H]3C[C@@](C)(O)[C@@H](OC(=O)CC(C)C)[C@H](C)O3)[C@H](N(C)C)[C@H]2O)[C@@H](CC=O)C[C@@H](C)[C@@H](O)/C=C/C=C/C[C@@H](C)OC(=O)C[C@H]1O.O=C(O)C(O)C(O)C(=O)O
976,634,1.0,O=C(Nc1ccc(Br)cc1)c1cc(Br)cc(Br)c1O
977,2828,1.0,O=c1c(-c2ccc(O)cc2)coc2cc(O)cc(O)c12
978,27242,1.0,C[C@]12C=CC(=O)C=C1[C@@H](F)C[C@@H]1[C@@H]2[C@@H](O)C[C@@]2(C)[C@H]1CC[C@]2(O)C(=O)CO
979,24112,1.0,CCCCC(=O)O[C@]1(C(=O)CO)[C@H](C)C[C@H]2[C@@H]3CCC4=CC(=O)C=C[C@]4(C)[C@@]3(F)[C@@H](O)C[C@@]21C
980,674,1.0,CC1(C)O[C@@H]2C[C@H]3[C@@H]4C[C@H](F)C5=CC(=O)C=C[C@]5(C)[C@@]4(F)[C@@H](O)C[C@]3(C)[C@]2(C(=O)CO)O1
981,2652,1.0,CN1CSC(=S)N(C)C1
982,614,1.0,C[C@]12CCC(=O)C=C1CC[C@@H]1[C@@H]2[C@@H](O)C[C@@]2(C)[C@H]1CC[C@]2(O)C(=O)COP(=O)([O-])[O-].[Na+].[Na+]
983,14928,1.0,CC[Sn](Br)(CC)CC
984,29297,1.0,CC(=O)[C@@]1(O)CC[C@H]2[C@@H]3C[C@H](C)C4=CC(=O)CC[C@]4(C)[C@H]3CC[C@@]21C
985,4209,1.0,CC(=O)[C@@]1(O)CC[C@H]2[C@@H]3CCC4=CC(=O)CC[C@]4(C)C3(F)[C@@H](O)C[C@@]21C
986,14881,1.0,CC(=O)[C@@]1(O)CC[C@H]2[C@@H]3C[C@H](C)C4=CC(=O)C=C[C@]4(C)[C@@]3(F)[C@@H](O)C[C@@]21C
987,19657,1.0,CC(=O)OCC(=O)[C@@]1(O)[C@H](OC(C)=O)C[C@H]2[C@@H]3CCC4=CC(=O)C=C[C@]4(C)[C@@]3(F)[C@@H](O)C[C@@]21C
988,2563,1.0,CC(=O)OCC(=O)[C@@]1(O)[C@H](C)C[C@H]2[C@@H]3CCC4=CC(=O)C=C[C@]4(C)[C@@]3(F)[C@@H](O)C[C@@]21C
989,16760,1.0,CC(=O)OCC(=O)[C@@]1(O)CC[C@H]2[C@@H]3CCC4=CC(=O)C=C[C@]4(C)[C@H]3[C@@H](O)C[C@@]21C
990,28571,1.0,CC(=O)OCC(=O)[C@@]1(O)CCC2C3CCC4=CC(=O)CC[C@]4(C)C3[C@@H](O)C[C@@]21C
991,2381,1.0,CC(C)Oc1ccc2c(=O)c(-c3ccccc3)coc2c1
992,2382,1.0,CSc1ccc(Oc2ccc(S(N)(=O)=O)cc2CN(C)C)cc1C
993,21206,1.0,Cc1oncc1C(=O)Nc1ccc(C(F)(F)F)cc1
994,25203,1.0,Cc1nn(C)c(Oc2ccccc2)c1/C=N/OCc1ccc(C(=O)OC(C)(C)C)cc1
995,26682,1.0,Cc1[nH]cnc1C[C@H]1CCc2c(C)c3ccccc3n2C1=O
996,26249,1.0,CCN(CC)CCNc1ccc(CNC=O)c2sc3ccc(OC)cc3c(=O)c12
997,28670,1.0,CCN(CC)CCOCCOC(=O)C1(c2ccccc2)CCCC1
998,26556,1.0,CCOc1ccc(N=Nc2ccc(N)cc2N)cc1
999,19657,1.0,O=C1NC2CCCCN2C12CCN(CCCN1c3ccccc3CCc3ccc(Cl)cc31)CC2
1000,5538,1.0,C[C@@H]1C[C@H]2[C@@H]3CCC4=CC(=O)C=C[C@]4(C)[C@@]3(Cl)[C@@H](O)C[C@]2(C)[C@@]1(OC(=O)c1ccco1)C(=O)CCl
1001,26481,1.0,Cc1c(C)n(Cc2ccccc2)c2ccc(C(=O)OCCN(C)C)cc12
1002,6262,1.0,CN1CCC(=C2c3ccccc3C=Cc3ccccc32)CC1
1003,465,1.0,CNS(=O)(=O)c1cc(C(=O)N2CCC(CCN3C4CCC3CC(n3c(C)nc5ccccc53)C4)(c3cccc(F)c3)CC2)c(Cl)cc1F
1004,17717,1.0,CC[C@H](C)[C@H]1O[C@]2(C=C[C@@H]1C)C[C@@H]1C[C@@H](C/C=C(\C)[C@@H](O[C@H]3C[C@H](OC)[C@@H](O[C@H]4C[C@H](OC)[C@@H](O)[C@H](C)O4)[C@H](C)O3)[C@@H](C)/C=C/C=C3\CO[C@@H]4[C@H](O)C(C)=C[C@@H](C(=O)O1)[C@]34O)O2
1005,2391,1.0,CCCSSC(CCO)=C(C)N(C=O)Cc1cnc(C)nc1N
1006,28170,1.0,C[C@@H]1C[C@H]2[C@@H]3C[C@H](F)C4=CC(=O)C(Cl)=C[C@]4(C)[C@@]3(F)[C@@H](O)C[C@]2(C)[C@@]1(O)C(=O)CO.O
1007,28613,1.0,CCCCC[C@H](O)/C=C/[C@@H]1[C@@H](C/C=C\CCCC(=O)O)[C@@H](O)C[C@H]1O
1008,20526,1.0,O=C(CN1CCN(Cc2ccc3c(c2)OCO3)CC1)N1c2ccccc2Sc2ccccc21
1009,26888,1.0,CCC(=O)O[C@]1(C(=O)SCF)[C@H](C)C[C@H]2C3C[C@H](F)C4=CC(=O)C=C[C@]4(C)[C@@]3(F)[C@@H](O)C[C@@]21C
1010,2967,1.0,C[C@]12CCC(=O)C=C1CC[C@@H]1[C@@H]2CC[C@]2(C)C(=O)CC[C@@H]12
1011,116,1.0,N#CC(C#N)=Cc1cc(O)c(O)c(O)c1
1012,822,1.0,COc1cc(/C=C/C(=O)CC(=O)/C=C/c2ccc(O)c(OC)c2)ccc1O
1013,573,1.0,CCCCCCCC/C=C\CCCCCCCC(=O)NCc1ccc(O)c(OC)c1
1014,1118,1.0,CN1CCc2cc(Cl)c(O)cc2[C@H]2c3ccccc3CC[C@@H]21
1015,9572,1.0,C=CCN1CC[C@]23CCCC[C@H]2[C@H]1Cc1ccc(O)cc13
1016,3706,1.0,C[C@@H]1C[C@H]2[C@@H]3C[C@H](F)C4=CC(=O)C=C[C@]4(C)[C@@]3(F)[C@@H](O)C[C@]2(C)[C@@]1(O)C(=O)CO
1017,119,1.0,C[C@]12CCC(=O)C=C1CC[C@@H]1[C@@H]2[C@@H](O)C[C@@]2(C)[C@H]1CC[C@]2(O)C(=O)CO
1018,674,1.0,C[C@]12CCC(=O)C=C1CC[C@H]1[C@@H]3CC[C@](O)(C(=O)CO)[C@@]3(C)C[C@H](O)[C@@]12F
1019,717,1.0,C[C@H]1C[C@@H]2[C@H]([C@@H](O)C[C@@]3(C)[C@H]2CC[C@]3(O)C(=O)CO)[C@@]2(C)C=CC(=O)C=C12
1020,2377,1.0,CCCCC(=O)O[C@]1(C(=O)CO)CC[C@H]2[C@@H]3CCC4=CC(=O)CC[C@]4(C)[C@H]3[C@@H](O)C[C@@]21C
1021,156,1.0,CC1(C)O[C@@H]2C[C@H]3[C@@H]4CCC5=CC(=O)C=C[C@]5(C)[C@@]4(F)[C@@H](O)C[C@]3(C)[C@]2(C(=O)CO)O1
1022,4729,1.0,CC1(C)O[C@@H]2C[C@H]3[C@@H]4CCC5=CC(=O)C=C[C@]5(C)[C@H]4[C@@H](O)C[C@]3(C)[C@]2(C(=O)CO)O1
1023,5716,1.0,C[C@]12CC[C@H]3[C@@H](CCC4=CC(=O)CC[C@@]43C)[C@@H]1CC[C@@H]2C(=O)CO
1024,1460,1.0,C[C@@H]1C[C@H]2[C@@H]3CCC4=CC(=O)C=C[C@]4(C)[C@@]3(F)[C@@H](O)C[C@]2(C)[C@H]1C(=O)CO
1025,1959,1.0,O=S(=O)([O-])c1ccc2c(/N=N\c3ccc(S(=O)(=O)[O-])c4ccccc34)c(O)c(S(=O)(=O)[O-])cc2c1.[Na+].[Na+].[Na+]
1026,213,1.0,CC[C@H](C)C(=O)O[C@H]1CCC=C2C=C[C@H](C)[C@H](CC[C@@H]3C[C@@H](O)CC(=O)O3)[C@H]21
1027,674,1.0,COc1ccc2cc([C@H](C)CO)ccc2c1
1028,409,1.0,CCCCCCCCCCCCCCCCSCC(COC)COP(=O)([O-])OCC[N+](C)(C)C
1029,344,1.0,C=C1/C(=C\C=C2/CCC[C@]3(C)[C@@H]([C@H](C)OCCC(C)(C)O)CC[C@@H]23)C[C@@H](O)C[C@@H]1O
1030,29099,1.0,c1cc(N(CC2CO2)CC2CO2)ccc1OCC1CO1
1031,27673,1.0,CC(=O)O[C@]1(C(C)=O)CC[C@H]2[C@@H]3C[C@H](C)C4=CC(=O)CC[C@]4(C)[C@H]3CC[C@@]21C
1032,11863,1.0,C=C[C@@]1(C)CC(=O)[C@]2(O)[C@@]3(C)[C@@H](O)CCC(C)(C)[C@@H]3[C@H](O)[C@H](OC(C)=O)[C@@]2(C)O1
1033,4473,1.0,CC(=O)Oc1ccc(C2(c3ccc(OC(C)=O)cc3)C(=O)Nc3ccccc32)cc1
1034,24342,1.0,CC(=O)OCC(=O)[C@@]1(O)CC[C@H]2[C@@H]3CCC4=CC(=O)C=C[C@]4(C)[C@@]3(F)[C@@H](O)C[C@@]21C
1035,24950,1.0,CCCC(=O)O[C@]1(C(=O)COC(C)=O)CC[C@H]2[C@@H]3C[C@H](F)C4=CC(=O)C=C[C@]4(C)[C@@]3(F)[C@@H](O)C[C@@]21C
1036,573,1.0,CCC(C)(C)C(=O)O[C@H]1C[C@@H](C)C=C2C=C[C@H](C)[C@H](CC[C@@H]3C[C@@H](O)CC(=O)O3)[C@H]21
1037,846,1.0,CC(C)Nc1ccc(Nc2ccccc2)cc1
1038,24429,1.0,CC(C)Oc1ccc2c(=O)c(-c3ccccc3)coc2c1
1039,24728,1.0,CC(NNC(=O)c1ccccc1)c1ccccc1
1040,2060,1.0,Cc1oc(=O)oc1CN1CCN(c2cc3c(cc2F)c(=O)c(C(=O)O)c2n3C(C)S2)CC1
1041,1031,1.0,Cc1c2ccccc2c(C)c2c1ccc1ccccc12
1042,4209,1.0,Cc1cc(C2CC2)nc(Nc2ccccc2)n1
1043,13538,1.0,CCCCN(CCCC)CC(O)c1cc(Cl)cc2c1-c1ccc(Cl)cc1/C2=C/c1ccc(Cl)cc1
1044,114,1.0,CCCC(C(=O)OCCN(CC)CC)(c1ccccc1)c1ccccc1.Cl
1045,9120,1.0,CC(C)(C)c1ccc(CN2CCN(C(c3ccccc3)c3ccc(Cl)cc3)CC2)cc1.Cl.Cl
1046,576,1.0,O=C1Nc2ccc(Cl)cc2C(c2ccccc2)=NC1O
1047,1716,1.0,Cc1ccc(-c2nc3ccc(C)cn3c2CC(=O)N(C)C)cc1
1048,2877,1.0,CC(CN1c2ccccc2Sc2ccc(S(=O)(=O)N(C)C)cc21)N(C)C
1049,29294,1.0,CN1N=C(N)c2cn([C@@H]3O[C@H](CO)[C@@H](O)[C@H]3O)c3ncnc1c23
1050,5983,1.0,COc1ccc2nc(NC(=O)Nc3ccccc3)sc2c1
1051,29117,1.0,COc1ccnc(CS(=O)c2nc3cc(OC(F)F)ccc3[nH]2)c1OC
1052,5355,1.0,CN(CCOc1ccc(NS(C)(=O)=O)cc1)CCc1ccc(NS(C)(=O)=O)cc1
1053,4891,1.0,CS(=O)(=O)O.O=C(O[C@@H]1C[C@@H]2C[C@@H]3C[C@H](C1)N2CC3=O)c1c[nH]c2ccccc12
1054,20720,1.0,O=C(CCCN1CCC2(CC1)C(=O)NCN2c1ccccc1)c1ccc(F)cc1
1055,1181,1.0,Nc1ccc(N)c(Cl)c1.O=S(=O)(O)O
1056,24112,1.0,Cn1cnc([N+](=O)[O-])c1Sc1ncnc2nc[nH]c12
1057,5355,1.0,Cc1c(N)nc(C(CC(N)=O)NCC(N)C(N)=O)nc1C(=O)NC(C(=O)NC(C)C(O)C(C)C(=O)NC(C(=O)NCCc1nc(-c2nc(C(=O)NCCCN[C@@H](C)c3ccccc3)cs2)cs1)C(C)O)C(O[C@@H]1O[C@@H](CO)[C@@H](O)[C@H](O)[C@@H]1O[C@H]1O[C@H](CO)[C@@H](O)[C@H](OC(N)=O)[C@@H]1O)c1c[nH]cn1.O=S(=O)(O)O
1058,1218,1.0,C[C@@H](Cc1ccccc1)NCCC(c1ccccc1)c1ccccc1.C[C@H](O)C(=O)O
1059,2377,1.0,CC(C(=O)O)c1ccc(C2CCCCC2)c2ccccc12
1060,634,1.0,COc1ccccc1OCCNCC(O)COc1cccc2[nH]c3ccccc3c12.O=C(O)C(O)C(O)C(=O)O
1061,634,1.0,O=C(O)c1cccc(-c2noc(-c3ccccc3F)n2)c1
1062,263,1.0,Cc1cccc(Nc2ncccc2C(=O)O)c1C
1063,24527,1.0,O=C(O)Cc1sc(-c2ccccc2)nc1-c1ccc(Cl)cc1
1064,3908,1.0,C[C@]12CC[C@H](O)CC1=CC[C@@H]1[C@@H]2CC[C@]2(C)C(=O)CC[C@@H]12
1065,26482,1.0,C#C[C@]1(O)C=C[C@H]2[C@@H]3CCC4=CC(=O)CC[C@@H]4[C@H]3CC[C@@]21CC
1066,733,1.0,C[C@]12CC[C@H]3[C@@H](CCC4=CC(=O)CC[C@@]43C)[C@@H]1CC[C@@H]2OC(=O)CCc1ccccc1
1067,1339,1.0,O=C(Nc1ccc(S(=O)(=O)N2CCOCC2)cc1)c1cc(Cl)ccc1NS(=O)(=O)c1ccc(Cl)s1
1068,4875,1.0,O=C(O)c1ccccc1-c1ccc(C(F)(F)F)cc1
1069,4729,1.0,CC(C(O)c1ccccc1)N(C)CCOC(c1ccccc1)c1ccccc1
1070,2828,1.0,CCC(=C(CC)c1ccc(O)cc1)c1ccc(O)cc1
1071,357,1.0,Oc1ccc2c3c1O[C@H]1[C@@H](O)CC[C@@]4(O)[C@@H](C2)N(CC2CCC2)CC[C@]314
1072,15206,1.0,C[C@]12CCC(=O)C=C1CC[C@@H]1[C@@H]2CC[C@@]2(C)[C@H]1CC[C@]2(O)C(=O)CO
1073,24919,1.0,CC[N+]1(CCOC(=O)C(O)(c2ccccc2)c2ccccc2)CCCCC1.[Br-]
