Name,SMILE
12,O=C(O)C(Cc1ccccc1)C[PH](O)(O)C1=CCCN1C(=O)OCc1ccccc1
13,CC(C)CC(C[PH](O)(O)C1=CCCN1C(=O)OCc1ccccc1)C(=O)O
14,CC(C[PH](O)(O)C1=CCCN1C(=O)OCc1ccccc1)C(=O)O
15,CC(NC(=O)OCc1ccccc1)P(=O)(O)CC(Cc1ccccc1)C(=O)O
16,O=C(NC(Cc1ccccc1)P(=O)(O)CC(Cc1ccccc1)C(=O)O)OCc1ccccc1
17,CC(C)CC(NC(=O)OCc1ccccc1)P(=O)(O)CC(Cc1ccccc1)C(=O)O
26,O=C(O)C(Cc1ccccc1)C[PH](O)(O)C1=NCCC1
27,CC(=O)NC(C)C(=O)N1CCC=C1[PH](O)(O)CC(Cc1ccccc1)C(=O)O
28,CC(=O)NC(CC(C)C)C(=O)N1CCC=C1[PH](O)(O)CC(Cc1ccccc1)C(=O)O
29,CC(=O)NC(CCCCN)C(=O)N1CCC=C1[PH](O)(O)CC(Cc1ccccc1)C(=O)O
30,CC(=O)NC(CCC(=O)O)C(=O)N1CCC=C1[PH](O)(O)CC(Cc1ccccc1)C(=O)O
31,CC(=O)NC(Cc1ccc(O)cc1)C(=O)N1CCC=C1[PH](O)(O)CC(Cc1ccccc1)C(=O)O
32,CC(=O)NC(Cc1ccccc1)C(=O)N1CCC=C1[PH](O)(O)CC(Cc1ccccc1)C(=O)O
33,CC(=O)NC(C(=O)N1CCC=C1[PH](O)(O)CC(Cc1ccccc1)C(=O)O)C(C)C
34,CC(=O)NC(Cc1cnc[nH]1)C(=O)N1CCC=C1[PH](O)(O)CC(Cc1ccccc1)C(=O)O
35,CC(=O)NC(CC(C)C)C(=O)NC(Cc1ccccc1)P(=O)(O)CC(Cc1ccccc1)C(=O)O
36,CC(=O)NC(Cc1cnc[nH]1)C(=O)NC(CC(C)C)P(=O)(O)CC(Cc1ccccc1)C(=O)O
40,CC(=O)NC(CC(C)C)C(=O)N1CCC=C1[PH](O)(O)CC(Cc1cc(-c2ccccc2)no1)C(=O)O
41,CC(=O)NC(Cc1cnc[nH]1)C(=O)N1CCC=C1[PH](O)(O)CC(Cc1cc(-c2ccccc2)no1)C(=O)O
44,CC(=O)NC(Cc1cnc[nH]1)C(=O)NC(CC(C)C)P(=O)(O)CC(Cc1cc(-c2ccccc2)no1)C(=O)O
18,CC(=N)[PH](O)(O)CC(Cc1ccccc1)C(=O)O
19,N=C(Cc1ccccc1)[PH](O)(O)CC(Cc1ccccc1)C(=O)O
20,CC(C)CC(=N)[PH](O)(O)CC(Cc1ccccc1)C(=O)O
4,CC[C@H](N[C@@H](Cc1cncn1Cc1ccccc1)C(=O)O)C(=O)O
5,O=C(O)[C@H](Cc1ccccc1)N[C@@H](Cc1cncn1Cc1ccccc1)C(=O)O
6,CC(C)C[C@H](N[C@@H](Cc1cncn1CC1CCCCC1)C(=O)O)C(=O)O
8,CC(C)C[C@H](N[C@@H](Cc1cncn1Cc1ccc([N+](=O)[O-])cc1)C(=O)O)C(=O)O
9,CC(C)C[C@H](N[C@@H](Cc1cncn1Cc1ccc(Cl)cc1)C(=O)O)C(=O)O
10,CC(C)C[C@H](N[C@@H](Cc1cncn1Cc1ccc(OC(F)(F)F)cc1)C(=O)O)C(=O)O
11,Cc1ccc(Cn2cncc2C[C@H](N[C@@H](CC(C)C)C(=O)O)C(=O)O)cc1
12,Cc1ccccc1Cn1cncc1C[C@H](N[C@@H](CC(C)C)C(=O)O)C(=O)O
13,Cc1cccc(Cn2cncc2C[C@H](N[C@@H](CC(C)C)C(=O)O)C(=O)O)c1
14,Cc1ccc(Cn2cncc2C[C@H](N[C@@H](CC(C)C)C(=O)O)C(=O)O)cc1C
15,Cc1cc(C)cc(Cn2cncc2C[C@H](N[C@@H](CC(C)C)C(=O)O)C(=O)O)c1
MLN-4760,CC(C)C[C@H](N[C@@H](Cc1cncn1Cc1cc(Cl)cc(Cl)c1)C(=O)O)C(=O)O
7,CC(C)C[C@H](N[C@@H](Cc1cncn1C(C)(C)C1CCCCC1)C(=O)O)C(=O)O
126874-65-5.mol,CCC(C)[C@H](NC(=O)[C@@H]1CCCN1C(=O)[C@H](Cc1cnc[nH]1)NC(=O)[C@@H](NC(=O)[C@H](Cc1ccc(O)cc1)NC(=O)[C@@H](NC(=O)[C@H](CCCN=C(N)N)NC(=O)CNC)C(C)C)[C@@H](C)CC)C(=O)O
126874-65-5.mol,CC[C@H](C)[C@H](NC(=O)[C@H](Cc1ccc(O)cc1)NC(=O)[C@@H](NC(=O)[C@H](CCCN=C(N)N)NC(=O)CNC)C(C)C)C(=O)N[C@@H](Cc1cnc[nH]1)C(=O)N1CCC[C@H]1C(=O)N[C@H](C(=O)O)C(C)O
126874-65-5.mol,CC[C@H](C)[C@H](NC(=O)[C@H](Cc1ccc(O)cc1)NC(=O)[C@@H](NC(=O)[C@H](CCCN=C(N)N)NC(=O)CNC)C(C)C)C(=O)N[C@@H](Cc1cnc[nH]1)C(=O)N1CCC[C@H]1C(=O)N[C@H](C(=O)O)C(C)O
126874-65-5.mol,CC[C@H](C)[C@H](NC(=O)[C@H](Cc1ccc(O)cc1)NC(=O)[C@@H](NC(=O)[C@@H](N)CCCN=C(N)N)C(C)C)C(=O)N[C@@H](Cc1cnc[nH]1)C(=O)N1CCC[C@H]1C(=O)N[C@@H](Cc1ccccc1)C(=O)O
126874-65-5.mol,CC[C@H](C)[C@H](NC(=O)[C@H](Cc1ccc(O)cc1)NC(=O)[C@@H](NC(=O)[C@@H](N)CCCN=C(N)N)C(C)C)C(=O)N[C@@H](Cc1cnc[nH]1)C(=O)N1CCC[C@H]1C(=O)N[C@@H](Cc1ccccc1)C(=O)O
126761-43-1.mol,CC[C@H](C)[C@H](NC(=O)[C@H](Cc1ccc(O)cc1)NC(=O)[C@@H](N)C(C)C)C(=O)N[C@@H](Cc1cnc[nH]1)C(=O)N1CCC[C@H]1C(=O)N[C@@H](Cc1ccccc1)C(=O)O
126761-43-1.mol,CC[C@H](C)[C@H](NC(=O)[C@H](Cc1ccc(O)cc1)NC(=O)[C@@H](N)C(C)C)C(=O)N[C@@H](Cc1cnc[nH]1)C(=O)N1CCC[C@H]1C(=O)N[C@@H](Cc1ccccc1)C(=O)O
126761-43-1.mol,CC[C@H](C)[C@H](NC(=O)[C@H](Cc1ccc(O)cc1)NC(=O)[C@@H](N)C(C)C)C(=O)N[C@@H](Cc1cnc[nH]1)C(=O)N1CCC[C@H]1C(=O)N[C@@H](Cc1ccccc1)C(=O)O
126761-43-1.mol,CC[C@H](C)[C@H](NC(=O)[C@H](Cc1ccc(O)cc1)NC(=O)[C@@H](N)C(C)C)C(=O)N[C@@H](Cc1cnc[nH]1)C(=O)N1CCC[C@H]1C(=O)N[C@@H](Cc1ccccc1)C(=O)O
126761-43-1.mol,CC[C@H](C)[C@H](NC(=O)[C@H](Cc1ccc(O)cc1)NC(=O)[C@H](N)C(C)C)C(=O)N[C@@H](Cc1cnc[nH]1)C(=O)N1CCC[C@H]1C(=O)N[C@@H](Cc1ccccc1)C(=O)O
126761-43-1.mol,CC[C@H](C)[C@H](NC(=O)[C@H](Cc1ccc(O)cc1)NC(=O)CCCN)C(=O)N[C@@H](Cc1cnc[nH]1)C(=O)N1CCC[C@H]1C(=O)N[C@@H](Cc1ccccc1)C(=O)O
126761-43-1.mol,CC[C@H](C)[C@H](NC(=O)[C@H](Cc1ccc(O)cc1)NC(=O)CCCN)C(=O)N[C@@H](Cc1cnc[nH]1)C(=O)N1CCC[C@H]1C(=O)N[C@@H](Cc1ccccc1)C(=O)O
123805,CC[C@H](C)[C@H](NC(=O)[C@H](Cc1ccc(O)cc1)NC(=O)[C@@H](NC(=O)[C@H](CCCN=C(N)N)NC(=O)[C@@H](N)CC(=O)O)C(C)C)C(=O)N[C@@H](Cc1cnc[nH]1)C(=O)N1CCC[C@H]1C(=O)O
123805,CC[C@H](C)[C@H](NC(=O)[C@H](Cc1ccc(O)cc1)NC(=O)[C@@H](NC(=O)[C@H](CCCN=C(N)N)NC(=O)[C@@H](N)CC(=O)O)C(C)C)C(=O)N[C@@H](Cc1cnc[nH]1)C(=O)N[C@H](C)C(=O)O
123805,CC[C@H](C)[C@H](NC(=O)[C@H](Cc1ccc(O)cc1)NC(=O)[C@@H](NC(=O)[C@H](CCCN=C(N)N)NC(=O)[C@@H](N)CC(=O)O)C(C)C)C(=O)N[C@@H](Cc1cnc[nH]1)C(=O)N[C@H](C)C(=O)O
123805,CC[C@H](C)[C@H](NC(=O)[C@H](Cc1ccc(O)cc1)NC(=O)[C@@H](NC(=O)[C@@H](N)CCCN=C(N)N)C(C)C)C(=O)N[C@@H](Cc1cnc[nH]1)C(=O)N1CCC[C@H]1C(=O)O
126761-43-1.mol,CC[C@H](C)[C@H](NC(=O)[C@H](Cc1ccc(O)cc1)NC(=O)[C@@H](N)C(C)C)C(=O)O[C@@H](Cc1cnc[nH]1)C(=O)N1CCC[C@H]1C(=O)N[C@@H](Cc1ccccc1)C(=O)N[C@@H](C(=O)N[C@@H](CC(C)C)C(=O)O)c1cnc[nH]1
126761-43-1.mol,CC[C@H](C)[C@H](NC(=O)[C@H](Cc1ccc(O)cc1)NC(=O)[C@@H](N)C(C)C)C(=O)O[C@@H](Cc1cnc[nH]1)C(=O)N1CCC[C@H]1C(=O)N[C@@H](Cc1ccccc1)C(=O)N[C@@H](C(=O)N[C@@H](CC(C)C)C(=O)N[C@@H](C(=O)O)C(C)C)c1cnc[nH]1
,CC(C)[C@H](N)C(=O)N[C@@H](Cc1ccc(O)cc1)C(=O)O
123805,CC[C@H](C)[C@H](NC(=O)[C@H](Cc1ccc(O)cc1)NC(=O)[C@@H](N)C(C)C)C(=O)O
123805,CC[C@H](C)[C@H](NC(=O)[C@H](Cc1ccc(O)cc1)NC(=O)[C@@H](N)C(C)C)C(=O)N[C@@H](Cc1cnc[nH]1)C(=O)O
123805,CC[C@H](C)[C@H](NC(=O)[C@H](Cc1ccc(O)cc1)NC(=O)[C@@H](N)C(C)C)C(=O)N[C@@H](Cc1cnc[nH]1)C(=O)N1CCC[C@H]1C(=O)O
126761-43-1.mol,CC[C@H](C)[C@H](NC(=O)[C@H](Cc1ccc(O)cc1)NC(=O)[C@@H](N)C(C)C)C(=O)N[C@@H](Cc1cnc[nH]1)C(=O)N1CCC[C@H]1C(=O)N[C@@H](Cc1ccccc1)C(=O)N[C@@H](C(=O)O)c1cnc[nH]1
126761-43-1.mol,CC[C@H](C)[C@H](NC(=O)[C@@H](N)Cc1ccc(O)cc1)C(=O)N[C@@H](Cc1cnc[nH]1)C(=O)N1CCC[C@H]1C(=O)N[C@@H](Cc1ccccc1)C(=O)O
,CCC(C)C(NC(=O)C(Cc1ccc(O)cc1)NC(=O)C(NC(=O)C(CCCN=C(N)N)NC(=O)C(N)CC(=O)O)C(C)C)C(=O)NC(Cc1cnc[nH]1)C(=O)NC(Cc1cnc[nH]1)C(=O)N1CCCC1C(=O)NC(Cc1ccccc1)C(C)=O
,CCC(C)C(NC(=O)C(Cc1ccc(O)cc1)NC(=O)C(NC(=O)C(CCCN=C(N)N)NC(=O)C(N)CC(=O)O)C(C)C)C(=O)NC(Cc1cnc[nH]1)C(=O)NC(Cc1cnc[nH]1)C(=O)N1CCCC1C(=O)NC(Cc1ccccc1)C(C)=O
Divalinal Ang IV,CC(C)[C@H](N)CN[C@@H](Cc1ccc(O)cc1)C(=O)N[C@H](CN[C@@H](Cc1cnc[nH]1)C(=O)CN1CCCC1C(=O)NC(C(=O)O)c1ccccc1)C(C)C
Divalinal Ang IV,CC(C)[C@H](N)CN[C@@H](Cc1ccc(O)cc1)C(=O)N[C@H](CN[C@@H](Cc1cnc[nH]1)C(=O)CN1CCCC1C(=O)NC(C(=O)O)c1ccccc1)C(C)C
,CCCCc1nc(Cl)c(CO)n1Cc1ccc(-c2ccccc2-c2nnn[nH]2)cc1
,CCCCc1nc(Cl)c(CO)n1Cc1ccc(-c2ccccc2-c2nnn[nH]2)cc1
,CCCC[C@H](N)C(=O)N[C@H](Cc1ccccc1)C(=O)NCCCCCC(N)=O
,Cc1cc(Cn2cnc3c2C[C@@H](C(=O)O)N(C(=O)C(c2ccccc2)c2ccccc2)C3)ccc1N
,Cc1cc(Cn2cnc3c2C[C@@H](C(=O)O)N(C(=O)C(c2ccccc2)c2ccccc2)C3)ccc1N
,CNC(=O)[C@H](Cc1c[nH]cn1)NC(=O)CN(CCCc1ccccc1)CC(=O)O
,NCCNCCN1CC1
1382255,Cc1nnc(SC(=Cc2ccc(-c3cc(Cl)ccc3C)o2)C(=O)O)[nH]1
MLN-4760,CC(C)C[C@H](N[C@@H](Cc1cncn1Cc1cc(Cl)cc(Cl)c1)C(=O)O)C(=O)O
,CC(=O)CNC(=O)[C@H](CC(=O)O)NC(=O)[C@H](Cc1ccc(O)cc1)NC(=O)[C@H](CO)NC(=O)[C@H](Cc1cnc[nH]1)NC(=O)[C@@H]1CSSC[C@H](NC(=O)[C@@H](NC(=O)[C@H](Cc2ccc(O)cc2)NC(=O)[C@@H]2CCCN2C(=O)[C@H](CC(=O)O)NC(=O)[C@@H]2CCCN2C(=O)[C@H](CCC(=O)O)NC(=O)CNC(=O)CNC(=O)CN)[C@@H](C)O)C(=O)N[C@@H](CCCCN)C(=O)N[C@@H](Cc2c[nH]c3ccccc23)C(=O)N[C@@H](Cc2c[nH]c3ccccc23)C(=O)N2CCC[C@H]2C(=O)N[C@@H](Cc2ccc(O)cc2)C(=O)N[C@@H](Cc2ccc(O)cc2)C(=O)N[C@@H](CCCN=C(N)N)C(=O)N[C@@H](CC(C)C)C(=O)N2CCC[C@H]2C(=O)N[C@@H](CO)C(=O)N1
,CC(C)C[C@H](NC(=O)[C@@H]1CCCN1C(=O)[C@H](CO)NC(=O)[C@H](CS)NC(=O)[C@H](Cc1cnc[nH]1)NC(=O)[C@H](CO)NC(=O)[C@H](Cc1ccc(O)cc1)NC(=O)[C@@H](CC(=O)O)NC(=O)CN)C(=O)N[C@@H](CCCN=C(N)N)C(=O)N[C@@H](Cc1ccc(O)cc1)C(=O)N[C@@H](Cc1ccc(O)cc1)C(=O)N1CCC[C@H]1C(=O)N[C@@H](Cc1c[nH]c2ccccc12)C(=O)N[C@@H](Cc1c[nH]c2ccccc12)C(=O)N[C@@H](CCCCN)C(=O)N[C@@H](CS)C(=O)N[C@H](C(=O)N[C@@H](Cc1ccc(O)cc1)C(=O)N1CCC[C@H]1C(=O)N[C@@H](CC(=O)O)C(=O)N1CCC[C@H]1C(=O)O)[C@@H](C)O
,CC(C)CC(NC(Cc1ccccc1)NP(=O)([O-])CNC(=O)CCc1ccccc1)C(=O)O
,C[C@H](N[C@@H](CCc1ccccc1)C(=O)O)C(=O)N1CCC[C@H]1C(=O)O
,CC(C)CC(NC(=O)C(Cc1ccccc1)NP(C)([O-])=S)C(=O)[O-]
,CC(=O)NCP(=O)([O-])NC(Cc1ccccc1)NC(CC(C)C)C(=O)O
,CC(C)CC(NC(Cc1ccccc1)NP(=O)([O-])CNC(=O)[C@H](C)NC(=O)C(N)Cc1ccc(O)cc1)C(=O)O
,CC(C)CC(NC(Cc1ccccc1)NP(=O)([O-])CNC(=O)CNC(=O)C(N)Cc1ccc(O)cc1)C(=O)O
,CC(C)CC(NC(Cc1ccccc1)NP(=O)([O-])CNC(=O)Cc1ccccc1)C(=O)O
,CCOP(=O)(CNC(C)=O)NC(Cc1ccccc1)NC(CCSC)C(=O)[O-]
,CSCCC(NC(Cc1ccccc1)NP(=O)([O-])CNC(C)=O)C(=O)O
,CC(C)CC(NC(Cc1ccccc1)NP(=O)([O-])CNC(=O)c1ccccc1)C(=O)O
,O=C(O)[C@H](Cc1ccc(-c2ccccc2)cc1)NC(=O)[C@@H](S)Cc1ccccc1
,O=C(O)[C@H](Cc1ccc(-c2ccccc2)cc1)NC(=O)[C@@H](S)CCc1ccccc1
,O=C(O)[C@H](Cc1ccc(-c2ccccc2)cc1)NC(=O)[C@@H](S)CC1CCCCC1
,CC(C)(C)C[C@H](S)C(=O)N[C@@H](Cc1ccc(-c2ccccc2)cc1)C(=O)O
,CC(C)C[C@H](S)C(=O)N[C@@H](Cc1ccc(-c2ccccc2)cc1)C(=O)O
,O=C(O)[C@H](Cc1ccc(-c2ccccc2)cc1)NC(=O)[C@@H](S)C1CCCCC1
,O=C(O)[C@H](Cc1ccc(-c2ccccc2)cc1)NC(=O)[C@@H](S)C1CCCC1
,CC[C@H](C)[C@H](S)C(=O)N[C@@H](Cc1ccc(-c2ccccc2)cc1)C(=O)O
,CC[C@@H](C)[C@H](S)C(=O)N[C@@H](Cc1ccc(-c2ccccc2)cc1)C(=O)O
,CC(C)[C@H](S)C(=O)N[C@@H](Cc1ccc(-c2ccccc2)cc1)C(=O)O
,CC[C@H](S)C(=O)N[C@@H](Cc1ccc(-c2ccccc2)cc1)C(=O)O
,CC(C)(S)C(=O)N[C@@H](Cc1ccc(-c2ccccc2)cc1)C(=O)O
,C[C@H](S)C(=O)N[C@@H](Cc1ccc(-c2ccccc2)cc1)C(=O)O
,O=C(N[C@@H](Cc1ccc(-c2ccccc2)cc1)C(=O)O)[C@H](S)Cc1ccccc1
,O=C(O)[C@H](Cc1ccc(-c2ccccc2)cc1)NC(=O)[C@@H](S)Cc1ccc2ccccc2c1
,O=C(O)[C@H](Cc1ccc(-c2ccccc2)cc1)NC(=O)[C@@H](S)c1ccccc1
,O=C(O)[C@H](Cc1ccc(-c2ccccc2)cc1)NC(=O)[C@@H](S)C1CCC1
,CCCC[C@H](S)C(=O)N[C@@H](Cc1ccc(-c2ccccc2)cc1)C(=O)O
,O=C(CS)N[C@@H](Cc1ccc(-c2ccccc2)cc1)C(=O)O
,CN1CCN(c2ccc(CNC(=O)c3ccno3)cc2)CC1
,NCCNCCN1CC1
,NCCNCCN1CC1
chloroquine,CCN(CC)CCCC(C)Nc1ccnc2cc(Cl)ccc12
chloroquine,CCN(CC)CCCC(C)Nc1ccnc2cc(Cl)ccc12
,CCN(CCO)CCCC(C)Nc1ccnc2cc(Cl)ccc12
,CCCC(C(CC(C)C)C(=O)NC(CCCCNC(=O)OCc1ccccc1)C(=O)Nc1nccs1)N(O)C=O
,CC(C)CC(CC(=O)NO)C(=O)NC(Cc1ccc2ccccc2c1)C(=O)NC(C)C(N)=O
,CC(C)CC(CC(=O)NO)C(=O)NC(C(=O)NC(C)C(=O)NCCN)C(C)(C)C
,CC(C)CC(NC(Cc1cncn1Cc1cc(Cl)cc(Cl)c1)C(=O)O)C(=O)O
MLN-4760,CC(C)C[C@H](N[C@@H](Cc1cncn1Cc1cc(Cl)cc(Cl)c1)C(=O)O)C(=O)O
,COc1cccc2[nH]c(C(=O)N[C@@H](CC(C)C)C(=O)N[C@@H](C[C@@H]3CCNC3=O)C(=O)CO)cc12
,COc1cccc2[nH]c(C(=O)N[C@@H](CC(C)C)C(=O)N[C@H](C#N)C[C@@H]3CCNC3=O)cc12
,COc1cccc2[nH]c(C(=O)N3C[C@H]4[C@@H]([C@H]3C(=O)N[C@@H](C[C@@H]3CCNC3=O)C(=O)c3nc5ccccc5s3)C4(C)C)cc12
,CC(C)[C@H](NS(C)(=O)=O)C(=O)N1C[C@@H]2[C@H]([C@@H]1C(=O)N[C@H](C[C@H]1CCNC1=O)C(=O)c1nc3ccccc3s1)C2(C)C
,CC(C)[C@H](NC(=O)C(F)(F)F)C(=O)N1C[C@@H]2[C@H]([C@@H]1C(=O)N[C@H](C[C@H]1CCNC1=O)C(=O)c1nc3ccccc3s1)C2(C)C
,CC(C)(C)[C@H](NC(=O)C(F)(F)F)C(=O)N1C[C@H]2[C@@H]([C@H]1C(=O)N[C@H](C#N)C[C@@H]1CCNC1=O)C2(C)C
 ,O=C(O)c1c(F)ccc2c1OB(O)[C@@H]1C[C@H]21
25,Cc1ccc(N)cc1C(=O)N[C@H](C)c1cccc2ccccc12
,Cc1ccc(NC2CNC2)cc1C(=O)N[C@H](C)c1cccc(-c2ccc(CNC3CCCC3)s2)c1
,Cc1ccc(NC2CNC2)cc1C(=O)N[C@H](C)c1cccc(-c2ccc(CN3CCCC3)s2)c1
,C[C@@H](NCCCc1cccc(C(F)(F)F)c1)c1cccc2ccccc12
 ,CC[C@H](C)[C@H](N)C(=O)N[C@@H](CCC(=O)O)C(=O)N[C@@H](CCC(=O)O)C(=O)N[C@@H](CCC(N)=O)C(=O)N[C@@H](C)C(=O)N[C@@H](CCCCN)C(=O)N[C@H](C(=O)N[C@@H](Cc1ccccc1)C(=O)N[C@@H](CC(C)C)C(=O)N[C@@H](CC(=O)O)C(=O)N[C@@H](CCCCN)C(=O)N[C@@H](Cc1ccccc1)C(=O)N[C@@H](CCC(N)=O)C(=O)N[C@@H](Cc1c[nH]cn1)C(=O)N[C@@H](CCC(=O)O)C(=O)N[C@H](C(=O)N[C@@H](CCC(=O)O)C(=O)N[C@@H](CCC(=O)O)C(=O)N[C@H](C(=O)N[C@@H](Cc1ccc(O)cc1)C(=O)N[C@@H](Cc1c[nH]c2ccccc12)C(=O)N[C@@H](CCC(N)=O)C(=O)N[C@@H](CO)C(N)=O)[C@@H](C)CC)C(C)C)[C@@H](C)O
 ,CSCC[C@H](NC(=O)[C@H](CCC(N)=O)NC(=O)[C@H](Cc1ccc(O)cc1)NC(=O)[C@H](CC(=O)O)NC(=O)[C@H](CCC(=O)O)NC(=O)[C@H](CCC(=O)O)NC(=O)[C@H](Cc1c[nH]cn1)NC(=O)[C@H](CCCCN)NC(=O)[C@H](CC(=O)O)NC(=O)[C@@H](N)CCC(N)=O)C(=O)N[C@@H](Cc1ccc(O)cc1)C(=O)N[C@@H](CC(N)=O)C(=O)N[C@@H](CCCCN)C(=O)NCC(=O)N[C@@H](CC(=O)O)C(=O)N[C@@H](CCCCN)C(=O)N[C@@H](CCC(=O)O)C(=O)N[C@@H](CC(=O)O)C(N)=O
 ,CC(C)C[C@H](NC(=O)[C@H](CO)NC(=O)[C@H](CO)NC(=O)[C@H](CCC(N)=O)NC(=O)[C@H](Cc1ccc(O)cc1)NC(=O)[C@H](Cc1ccccc1)NC(=O)[C@H](CC(C)C)NC(=O)[C@H](CC(=O)O)NC(=O)[C@H](CCC(=O)O)NC(=O)[C@H](C)NC(=O)[C@H](CCC(=O)O)NC(=O)[C@H](Cc1c[nH]cn1)NC(=O)[C@H](CC(N)=O)NC(=O)[C@H](Cc1ccccc1)NC(=O)[C@H](CCCCN)NC(=O)[C@@H](N)CC(=O)O)C(=O)N[C@@H](C)C(=O)N[C@@H](CO)C(=O)N[C@@H](Cc1c[nH]c2ccccc12)C(=O)N[C@@H](CC(N)=O)C(=O)N[C@@H](Cc1ccc(O)cc1)C(=O)N[C@@H](CC(N)=O)C(=O)N[C@H](C(N)=O)[C@@H](C)O
 ,CC[C@H](C)[C@H](N)C(=O)N[C@@H](CC(=O)O)C(=O)N[C@@H](CCC(=O)O)C(=O)N[C@@H](CC(N)=O)C(=O)N[C@@H](C)C(=O)N[C@@H](CCCNC(=N)N)C(=O)N[C@@H](CO)C(=O)N[C@@H](Cc1ccc(O)cc1)C(=O)N[C@H](C(=O)N[C@@H](CC(=O)O)C(=O)N[C@@H](CCCCN)C(=O)N[C@@H](Cc1ccccc1)C(=O)N[C@@H](CCC(N)=O)C(=O)N[C@@H](Cc1c[nH]cn1)C(=O)N[C@@H](CC(=O)O)C(=O)N[C@@H](C)C(=O)N[C@@H](CCC(=O)O)C(=O)N[C@@H](CCC(=O)O)C(=O)N[C@@H](CCSC)C(=O)N[C@@H](Cc1c[nH]c2ccccc12)C(=O)N[C@@H](Cc1ccc(O)cc1)C(=O)N[C@@H](CCC(N)=O)C(N)=O)[C@@H](C)CC
 ,CC[C@H](C)[C@H](N)C(=O)N[C@@H](Cc1ccc(O)cc1)C(=O)N[C@@H](C)C(=O)N[C@@H](CC(C)C)C(=O)N[C@@H](CC(C)C)C(=O)N[C@@H](CCC(=O)O)C(=O)N[C@@H](CC(N)=O)C(=O)N[C@@H](C)C(=O)N[C@@H](CCC(=O)O)C(=O)N[C@@H](CC(=O)O)C(=O)N[C@@H](Cc1ccc(O)cc1)C(=O)N[C@@H](CC(N)=O)C(=O)N[C@@H](CC(C)C)C(=O)N[C@H](C(=O)N[C@@H](CC(N)=O)C(N)=O)C(C)C
 ,N=C(N)NCCC[C@H](NC(=O)[C@H](CC(=O)O)NC(=O)[C@H](CC(N)=O)NC(=O)[C@H](CCC(=O)O)NC(=O)[C@H](CCCCN)NC(=O)[C@H](CCC(=O)O)NC(=O)[C@H](Cc1c[nH]cn1)NC(=O)[C@H](CCC(=O)O)NC(=O)[C@H](CCC(=O)O)NC(=O)[C@H](Cc1c[nH]cn1)NC(=O)[C@H](CCCCN)NC(=O)[C@H](CC(=O)O)NC(=O)[C@H](CCCNC(=N)N)NC(=O)[C@@H](N)CO)C(=O)NCC(=O)N[C@@H](CCC(N)=O)C(N)=O
 ,CC[C@H](C)[C@H](N)C(=O)N[C@@H](Cc1ccc(O)cc1)C(=O)N[C@@H](C)C(=O)N[C@@H](CC(C)C)C(=O)N[C@@H](CC(C)C)C(=O)N[C@@H](CCC(=O)O)C(=O)N[C@@H](CC(N)=O)C(=O)N[C@@H](C)C(=O)N[C@@H](CCC(=O)O)C(=O)N[C@@H](CC(=O)O)C(=O)N[C@@H](Cc1ccc(O)cc1)C(=O)N[C@@H](CC(N)=O)C(=O)N[C@@H](CC(C)C)C(=O)N[C@H](C(=O)N[C@@H](CC(N)=O)C(N)=O)C(C)C
 ,N=C(N)NCCC[C@H](NC(=O)[C@H](CC(=O)O)NC(=O)[C@H](CC(N)=O)NC(=O)[C@H](CCC(=O)O)NC(=O)[C@H](CCCCN)NC(=O)[C@H](CCC(=O)O)NC(=O)[C@H](Cc1c[nH]cn1)NC(=O)[C@H](CCC(=O)O)NC(=O)[C@H](CCC(=O)O)NC(=O)[C@H](Cc1c[nH]cn1)NC(=O)[C@H](CCCCN)NC(=O)[C@H](CC(=O)O)NC(=O)[C@H](CCCNC(=N)N)NC(=O)[C@@H](N)CO)C(=O)NCC(=O)N[C@@H](CCC(N)=O)C(N)=O
 ,CC(C)C[C@H](NC(=O)CNC(=O)[C@H](CO)NC(=O)[C@H](CO)NC(=O)[C@H](CCC(N)=O)NC(=O)[C@H](Cc1ccc(O)cc1)NC(=O)[C@H](Cc1ccccc1)NC(=O)[C@H](CC(C)C)NC(=O)[C@H](CC(=O)O)NC(=O)[C@H](CCC(=O)O)NC(=O)[C@H](C)NC(=O)[C@H](CCC(=O)O)NC(=O)[C@H](Cc1cnc[nH]1)NC(=O)[C@H](CC(N)=O)NC(=O)[C@H](Cc1ccccc1)NC(=O)[C@H](CCCCN)NC(=O)[C@H](CC(=O)O)NC(=O)[C@H](CC(C)C)NC(=O)[C@H](Cc1ccccc1)NC(=O)[C@@H](NC(=O)[C@H](CCCCN)NC(=O)[C@H](C)NC(=O)[C@H](CCC(N)=O)NC(=O)[C@H](CCC(=O)O)NC(=O)[C@@H](N)CCC(=O)O)[C@@H](C)O)C(=O)NCC(=O)N[C@@H](CCCCN)C(=O)NCC(=O)N[C@@H](CC(=O)O)C(=O)N[C@@H](Cc1ccccc1)C(=O)N[C@@H](CCCNC(=N)N)C(=O)O
0206.cdx,O=C1C=C2CC3(O)COc4c(ccc(O)c4O)C3=C2C=C1O
Myricetin,O=c1c(O)c(-c2cc(O)c(O)c(O)c2)oc2cc(O)cc(O)c12
 ,C=CCc1cc(CSc2nnc(-c3ccccc3)o2)c(O)c(-c2ccc(O)c(CC=C)c2)c1
 ,C=CCc1cc(CSc2nnc(-c3cccnc3)o2)c(O)c(-c2ccc(O)c(CC=C)c2)c1
 ,C=CCc1ccc(O)c(-c2ccc(O)c(CC=C)c2)c1
MLN-4760,CC(C)C[C@H](N[C@@H](Cc1cncn1Cc1cc(Cl)cc(Cl)c1)C(=O)O)C(=O)O
 ,CC(C)C[C@@H](N[C@@H](Cc1cncn1Cc1cc(Cl)cc(Cl)c1)C(=O)O)C(=O)O
 ,CC(C)CC(N[C@@H](Cc1cncn1Cc1cc(Cl)cc(Cl)c1)C(=O)O)C(=O)O
,CNC(=O)CCCC1CCN(C(=O)[C@H](Cc2cccc(C(=N)N)c2)NS(=O)(=O)c2cccc(-c3ccc(Cl)cc3Cl)c2)CC1
,CN1CCN(c2ccc(CNC(=O)c3ccno3)cc2)CC1
 ,O=C(NC(Cc1ccccc1)C(=O)N1CCC(O)(c2ccc(Br)cc2)CC1)c1ccccc1
,NCCNCCN1CC1
chloroquine,CCN(CC)CCCC(C)Nc1ccnc2cc(Cl)ccc12
,CCN(CCO)CCCC(C)Nc1ccnc2cc(Cl)ccc12
 ,CCC[C@@H]([C@@H](CC(C)C)C(=O)N[C@@H](CCCCNC(=O)OCc1ccccc1)C(=O)Nc1nccs1)N(O)C=O
,CC(C)CC(CC(=O)NO)C(=O)NC(Cc1ccc2ccccc2c1)C(=O)NC(C)C(N)=O
,CC(C)CC(CC(=O)NO)C(=O)NC(C(=O)NC(C)C(=O)NCCN)C(C)(C)C
,CC(C)CC(NC(Cc1cncn1Cc1cc(Cl)cc(Cl)c1)C(=O)O)C(=O)O
Emodin,Cc1cc(O)c2c(c1)C(=O)c1cc(O)cc(O)c1C2=O
,O=C(Nc1ccc2c(c1)C(=O)c1ccccc1C2=O)c1ccccc1
,OC(COc1cccc(OCC(O)CN2CCCCC2)c1)CN1CCCCC1
 ,CC[C@H](C)[C@@H](NC(=O)[C@H]1CCCN1C(=O)[C@H](CCC(N)=O)NC(=O)[C@H](Cc1ccc(O)cc1)NC(=O)CNC(=O)[C@H](CCCCN)NC(=O)[C@H](Cc1ccc(O)cc1)NC(=O)[C@@H](NC(=O)[C@H](Cc1ccc(O)cc1)NC(=O)[C@H](CC(C)C)NC(=O)[C@H](Cc1ccccc1)NC(=O)CN)C(C)C)C(=O)O
 ,CC[C@H](C)[C@H](NC(=O)CNC(=O)[C@@H](NC(=O)[C@@H](NC(=O)[C@@H](NC(=O)[C@H](Cc1ccc(O)cc1)NC(=O)[C@@H](N)Cc1ccccc1)[C@@H](C)O)[C@@H](C)O)[C@@H](C)O)C(=O)NCC(=O)N[C@@H](Cc1ccc(O)cc1)C(=O)N[C@@H](CCC(N)=O)C(=O)N1CCC[C@@H]1C(=O)N[C@H](Cc1ccc(O)cc1)C(=O)O
 ,CC[C@H](C)[C@H](NC(=O)[C@H](CO)NC(=O)[C@H](CCCCN)NC(=O)[C@H](CCC(N)=O)NC(=O)[C@H](CO)NC(=O)[C@@H](NC(=O)[C@@H](N)CO)[C@@H](C)O)C(=O)N[C@H](C(=O)N[C@@H](C)C(=O)N[C@@H](Cc1ccc(O)cc1)C(=O)N[C@H](C(=O)N[C@@H](CCSC)C(=O)O)[C@@H](C)O)C(C)C
 ,CC(C)C[C@H](NC(=O)[C@H](CC(=O)O)NC(=O)[C@H](CCC(=O)O)NC(=O)[C@H](C)NC(=O)[C@H](CCC(=O)O)NC(=O)[C@H](Cc1cnc[nH]1)NC(=O)[C@H](CC(N)=O)NC(=O)[C@H](Cc1ccccc1)NC(=O)[C@H](CCCCN)NC(=O)[C@H](CC(=O)O)NC(=O)[C@H](CC(C)C)NC(=O)[C@H](Cc1ccccc1)NC(=O)[C@@H](NC(=O)[C@H](CCCCN)NC(=O)[C@H](C)NC(=O)[C@H](CCC(N)=O)NC(=O)[C@H](CCC(=O)O)NC(=O)[C@@H](N)CCC(=O)O)[C@@H](C)O)C(=O)N[C@@H](Cc1ccccc1)C(=O)N[C@@H](Cc1ccc(O)cc1)C(=O)N[C@@H](CCC(N)=O)C(=O)N[C@@H](CO)C(=O)N[C@@H](CO)C(=O)O
 ,CC[C@H](C)[C@H](NC(=O)[C@H](CC(N)=O)NC(=O)[C@@H](NC(=O)[C@H](CC(N)=O)NC(=O)[C@H](Cc1ccc(O)cc1)NC(=O)[C@H](CC(N)=O)NC(=O)[C@H](Cc1c[nH]c2ccccc12)NC(=O)[C@H](CO)NC(=O)[C@H](C)NC(=O)[C@H](CC(C)C)NC(=O)[C@H](CO)NC(=O)[C@H](CO)NC(=O)[C@H](CCC(N)=O)NC(=O)[C@H](Cc1ccc(O)cc1)NC(=O)[C@H](Cc1ccccc1)NC(=O)[C@H](CC(C)C)NC(=O)[C@H](CC(=O)O)NC(=O)[C@H](CCC(=O)O)NC(=O)[C@H](C)NC(=O)[C@H](CCC(=O)O)NC(=O)[C@H](Cc1cnc[nH]1)NC(=O)[C@H](CC(N)=O)NC(=O)[C@H](Cc1ccccc1)NC(=O)[C@H](CCCCN)NC(=O)[C@H](CC(=O)O)NC(=O)[C@H](CC(C)C)NC(=O)[C@H](Cc1ccccc1)NC(=O)[C@@H](NC(=O)[C@H](CCCCN)NC(=O)[C@H](C)NC(=O)[C@H](CCC(N)=O)NC(=O)[C@H](CCC(=O)O)NC(=O)[C@@H](N)CCC(=O)O)[C@@H](C)O)[C@@H](C)O)C(=O)N[C@H](C(=O)N[C@@H](CCC(=O)O)C(=O)N[C@@H](CCC(=O)O)C(=O)O)[C@@H](C)O
 ,CC(C)C[C@H](NC(=O)[C@@H]1CCCN1C(=O)[C@@H](CO)NC(=O)[C@@H](CS)NC(=O)[C@@H](Cc1cnc[nH]1)NC(=O)[C@@H](CO)NC(=O)[C@@H](Cc1ccc(O)cc1)NC(=O)[C@@H](CC(=O)O)NC(=O)CN)C(=O)N[C@@H](CCCNC(=N)N)C(=O)N[C@@H](Cc1ccc(O)cc1)C(=O)N[C@@H](Cc1ccc(O)cc1)C(=O)N1CCC[C@@H]1C(=O)N[C@H](Cc1c[nH]c2ccccc12)C(=O)N[C@H](Cc1c[nH]c2ccccc12)C(=O)N[C@H](CCCCN)C(=O)N[C@H](CS)C(=O)N[C@@H](C(=O)N[C@H](Cc1ccc(O)cc1)C(=O)N1CCC[C@@H]1C(=O)N[C@H](CC(=O)O)C(=O)N1CCC[C@@H]1C(=O)N[C@H](CCC(=O)O)C(=O)NCC(=O)NCC(=O)NCC(=O)O)[C@H](C)O
 ,CC(C)C[C@H](NC(=O)[C@@H]1CCCN1C(=O)[C@@H](CO)NC(=O)[C@@H](CS)NC(=O)[C@@H](Cc1cnc[nH]1)NC(=O)[C@@H](CO)NC(=O)[C@@H](Cc1ccc(O)cc1)NC(=O)[C@@H](CC(=O)O)NC(=O)CN)C(=O)N[C@@H](CCCNC(=N)N)C(=O)N[C@@H](Cc1ccc(O)cc1)C(=O)N[C@@H](Cc1ccc(O)cc1)C(=O)N1CCC[C@@H]1C(=O)N[C@H](Cc1c[nH]c2ccccc12)C(=O)N[C@H](Cc1c[nH]c2ccccc12)C(=O)N[C@H](CCCCN)C(=O)N[C@H](CS)C(=O)N[C@@H](C(=O)N[C@H](Cc1ccc(O)cc1)C(=O)N1CCC[C@@H]1C(=O)N[C@H](CC(=O)O)C(=O)N1CCC[C@@H]1C(=O)N[C@H](CCC(=O)O)C(=O)NCC(=O)NCC(=O)NCC(=O)O)[C@H](C)O
,NCCNCCN1CC1
,Oc1ccc([C@@H]2c3c(O)cc(O)cc3[C@@H]3c4c(cc(O)cc4[C@H]2[C@@H]2c4cc(O)cc5c4[C@@H](c4cc(O)cc(O)c4[C@H]2c2ccc(O)cc2)[C@H](c2ccc(O)cc2)O5)O[C@H]3c2ccc(O)cc2)cc1
 ,COc1cc(OC(C)=O)cc2c1OC(C)(CCC1=C(C)CCCC1(C)C)C=C2
 ,COc1cc(OC(C)=O)c(-c2c(OC(C)=O)cc(OC)c3c2C=C[C@@](C)(CCC2=C(C)CCCC2(C)C)O3)c2c1O[C@](C)(CCC1=C(C)CCCC1(C)C)C=C2
 ,COc1cc(OC(C)=O)c(-c2c(OC(C)=O)cc(OC)c3c2C=C[C@](C)(CCC2=C(C)CCCC2(C)C)O3)c2c1O[C@](C)(CCC1=C(C)CCCC1(C)C)C=C2
 ,COc1cc(O)c(-c2c(O)cc(OC)c3c2C=C[C@](C)(CCC2=C(C)CCCC2(C)C)O3)c2c1O[C@](C)(CCC1=C(C)CCCC1(C)C)C=C2
,NCCNCCN1CC1
,NCCNCCN1CC1
MLN-4760,CC(C)C[C@H](N[C@@H](Cc1cncn1Cc1cc(Cl)cc(Cl)c1)C(=O)O)C(=O)O
