DSSTox_CID,SMILES,NR-AR,SR-ARE,NR-Aromatase,NR-ER-LBD,NR-AhR,SR-MMP,NR-ER,NR-PPAR-gamma,SR-p53,SR-ATAD5,NR-AR-LBD,SR-HSE
1293,C[n+]1c2cc(N)ccc2cc2ccc(N)cc21.Nc1ccc2cc3ccc(N)cc3nc2c1.[Cl-],0,0,0,0,0,0,0,0,0,0,0,0
25900,O=C([O-])c1ccccc1-c1c2cc(Br)c(=O)c(Br)c-2oc2c(Br)c([O-])c(Br)cc12.[Na+].[Na+],0,0,0,0,0,0,0,0,0,0,0,0
7833,CO[C@@H]1[C@@H](OC)[C@H](C)[C@@](O)(CC(=O)[O-])O[C@H]1[C@H](C)[C@H]1O[C@@]2(CC[C@@](C)([C@H]3CC[C@@](C)([C@@H]4O[C@@H]([C@H]5O[C@](C)(O)[C@H](C)C[C@@H]5C)C[C@@H]4OC4C[C@H](OC)[C@@H](OC)[C@H](C)O4)O3)O2)C[C@H](O)[C@H]1C.[NH4+],0,0,0,0,0,0,0,0,0,0,0,0
17508,CN(C)c1ccc(C(=C2C=CC(=[N+](C)C)C=C2)c2ccccc2)cc1.CN(C)c1ccc(C(=C2C=CC(=[N+](C)C)C=C2)c2ccccc2)cc1.O=C(O)C(=O)O.O=C([O-])C(=O)O.O=C([O-])C(=O)O,0,0,0,0,0,0,0,0,0,0,0,0
29806,CCCCCCCCNC(C)C(O)c1ccc(SC(C)C)cc1,0,0,0,0,0,0,0,0,0,0,0,0
21601,Cc1ccc([N+](=O)[O-])c2c1O[Hg]2,0,0,0,0,0,0,0,0,0,0,0,0
4504,CCN(CC)C(=S)SSC(=S)N(CC)CC,0,0,0,0,0,0,0,0,0,0,0,0
12543,Cl.O[C@@H](CNC[C@H](O)[C@H]1CCc2cc(F)ccc2O1)[C@@H]1CCc2cc(F)ccc2O1,0,0,0,0,0,0,0,0,0,0,0,0
27550,C[C@@H]1O[C@@H](O[C@H]2C[C@@H](O)[C@]3(CO)[C@H]4[C@H](O)C[C@]5(C)[C@@H](C6=CC(=O)OC6)CC[C@]5(O)[C@@H]4CC[C@]3(O)C2)[C@H](O)[C@H](O)[C@H]1O,0,0,0,0,0,0,0,0,0,0,0,0
6355,CN(C)c1ccc(C(=C2C=CC(=[N+](C)C)C=C2)c2ccc(N(C)C)cc2)cc1.[Cl-],0,0,0,0,0,0,0,0,0,0,0,0
31626,Clc1ccc(CO/N=C(\Cn2ccnc2)c2ccc(Cl)cc2Cl)c(Cl)c1.O=[N+]([O-])O,0,0,0,0,0,0,0,0,0,0,0,0
9857,C#C[C@]1(O)CC[C@H]2[C@@H]3CCC4=Cc5oncc5C[C@]4(C)[C@H]3CC[C@@]21C,0,0,0,0,0,0,0,0,0,0,0,0
24590,C[n+]1cc2c3c(ccc2c2ccc4cc5c(cc4c21)OCO5)OCO3,0,0,0,0,0,0,0,0,0,0,0,0
3174,Cc1cc(C2CCCCC2)n(O)c(=O)c1.NCCO,0,0,0,0,0,0,0,0,0,0,0,0
362,COC(=O)C1=C(C)NC(C)=C(C(=O)OCCN(C)Cc2ccccc2)C1c1cccc([N+](=O)[O-])c1,0,0,0,0,0,0,0,0,0,0,0,0
14607,COC(=O)C1=C(C)NC(C)=C(C(=O)OCCN2CCN(C(c3ccccc3)c3ccccc3)CC2)C1c1cccc([N+](=O)[O-])c1.Cl.Cl,0,0,0,0,0,0,0,0,0,0,0,0
28810,CN1CCCC(CC2c3ccccc3Sc3ccccc32)C1.Cl,0,0,0,0,0,0,0,0,0,0,0,0
2114,Cl.O[C@@H](c1cc(C(F)(F)F)nc2c(C(F)(F)F)cccc12)[C@H]1CCCCN1,0,0,0,0,0,0,0,0,0,0,0,0
20420,Cl.O=C(c1ccc(OCCN2CCCCC2)cc1)c1c(-c2ccc(O)cc2)sc2cc(O)ccc12,0,0,0,0,0,0,0,0,0,0,0,0
4925,CN(C)C(=S)SC(=S)N(C)C,0,0,0,0,0,0,0,0,0,0,0,0
26644,CN(C)C(=S)SSC(=S)N(C)C,0,0,0,0,0,0,0,0,0,0,0,0
3843,CN(C)CCCN1c2ccccc2Sc2ccc(Cl)cc21,0,0,0,0,0,0,0,0,0,0,0,0
7040,CN(C)[C@@H]1C(O)=C(C(N)=O)C(=O)[C@@]2(O)C(O)=C3C(=O)c4c(O)cccc4C[C@H]3C[C@@H]12,0,0,0,0,0,0,0,0,0,0,0,0
5742,CC(O)C(=O)O.CCOc1ccc2nc3cc(N)ccc3c(N)c2c1.O,0,0,0,0,0,0,0,0,0,0,0,0
25327,CCCCCCOC(=O)/N=C(/N)c1ccc(NCc2nc3cc(C(=O)N(CCC(=O)OCC)c4ccccn4)ccc3n2C)cc1,0,0,0,0,0,0,0,0,0,0,0,0
22203,C[C@H]1O[C@@H](O[C@H]2CC[C@@]3(C)[C@H](CC[C@@H]4[C@@H]3C[C@@H](O)[C@]3(C)[C@@H](C5=CC(=O)OC5)CC[C@]43O)C2)C[C@H](O)[C@@H]1O[C@H]1C[C@H](O)[C@H](O[C@H]2C[C@H](O)[C@H](O[C@@H]3O[C@H](CO)[C@@H](O)[C@H](O)[C@H]3O)[C@@H](C)O2)[C@@H](C)O1,0,0,0,0,0,0,0,0,0,0,0,0
9163,C[C@H]1O[C@@H](O[C@H]2[C@@H](O)C[C@H](O[C@H]3[C@@H](O)C[C@H](O[C@H]4CC[C@@]5(C)[C@H](CC[C@@H]6[C@@H]5CC[C@]5(C)[C@@H](C7=CC(=O)OC7)CC[C@]65O)C4)O[C@@H]3C)O[C@@H]2C)C[C@H](O)[C@@H]1O,0,0,0,0,0,0,0,0,0,0,0,0
2661,C[C@@H]1O[C@@H](O[C@@H]2C=C3CC[C@@H]4[C@H](CC[C@]5(C)[C@@H](c6ccc(=O)oc6)CC[C@]45O)[C@@]3(C)CC2)[C@H](O)[C@H](O)[C@H]1O,0,0,0,0,0,0,0,0,0,0,0,0
886,O=C(Nc1ccc(Br)cc1)c1cc(Br)cc(Br)c1O,0,0,0,0,0,0,0,0,0,0,0,0
18798,Cc1cc(O)c2c3c4c(cc(O)c13)C(C)(C)C(=O)c1c(O)cc(O)c(c1-4)C2=O,0,0,0,0,0,0,0,0,0,0,0,0
13558,Clc1ccc(CSC(Cn2ccnc2)c2ccc(Cl)cc2Cl)cc1.O=[N+]([O-])O,0,0,0,0,0,0,0,0,0,0,0,0
11127,CC[C@@]1(O)C(=O)OCc2c1cc1n(c2=O)Cc2c-1nc1ccccc1c2/C=N/OC(C)(C)C,0,0,0,0,0,0,0,0,0,0,0,0
27120,COCC(=O)O[C@]1(CCN(C)CCCc2nc3ccccc3[nH]2)CCc2cc(F)ccc2[C@@H]1C(C)C.Cl.Cl,0,0,0,0,0,0,0,0,0,0,0,0
29148,CCCCCCCCCCOCC(O)CN.Cl,0,0,0,0,0,0,0,0,0,0,0,0
16668,Clc1ccc(C(Cn2ccnc2)OCc2ccsc2Cl)c(Cl)c1,0,0,0,0,0,0,0,0,0,0,0,0
27910,CN1CCC[C@@H]1CCO[C@](C)(c1ccccc1)c1ccc(Cl)cc1.O=C(O)/C=C/C(=O)O,0,0,0,0,0,0,0,0,0,0,0,0
1800,CSc1ccc2c(c1)N(CCC1CCCCN1C)c1ccccc1S2,0,0,0,0,0,0,0,0,0,0,0,0
24276,COc1ccc2cc1Oc1ccc(cc1)C[C@H]1c3c(cc4c(c3Oc3cc5c(cc3OC)CCN(C)[C@@H]5C2)OCO4)CCN1C,0,0,0,0,0,0,0,0,0,0,0,0
5333,OCCN1CCN(CC/C=C2/c3ccccc3Sc3ccc(C(F)(F)F)cc32)CC1,0,0,0,0,0,0,0,0,0,0,0,0
7342,O=C1NCCN1CCN1CCC(c2cn(-c3ccc(F)cc3)c3ccc(Cl)cc23)CC1,0,0,0,0,0,0,0,0,0,0,0,0
4150,NC(=O)n1c(O)c(C(=O)c2cccs2)c2cc(Cl)ccc21,0,0,0,0,0,0,0,0,0,0,0,0
24879,CCN(CC)CCNC(=O)C1C(C)=NC(/C=C2\C(=O)Nc3ccc(F)cc32)=C1C.O=C(O)CC(O)C(=O)O,0,0,0,0,0,0,0,0,0,0,0,0
21423,Nc1ccc2cc3ccc(N)cc3nc2c1.Nc1ccc2cc3ccc(N)cc3nc2c1.O=S(=O)(O)O,0,0,0,0,0,0,0,0,0,0,0,0
11865,Cc1cc(O)c2ccccc2c1O,0,0,0,0,0,0,0,0,0,0,0,0
19,Cc1ccc(C(=O)c2cc(O)c(O)c([N+](=O)[O-])c2)cc1,0,0,0,0,0,0,0,0,0,0,0,0
15618,CCCCCCCCCCCCCCCC[N+](C)(C)C.[Br-],0,0,0,0,0,0,0,0,0,0,0,0
14094,CCCCCCCCCCCCCC[N+](C)(C)Cc1ccccc1.O.O.[Cl-],0,0,0,0,0,0,0,0,0,0,0,0
26303,Clc1ccc(CCC(Cn2ccnc2)Sc2c(Cl)cccc2Cl)cc1.O=[N+]([O-])O,0,0,0,0,0,0,0,0,0,0,0,0
3511,C#C[C@]1(O)CC[C@H]2[C@@H]3CCc4cc(OC5CCCC5)ccc4[C@H]3CC[C@@]21C,0,0,0,0,0,0,0,0,0,0,0,0
590,CC(C)=CCC/C(C)=C/CC/C(C)=C/C(=O)OCC(=O)[C@@]1(O)CC[C@H]2[C@@H]3CCC4=CC(=O)C=C[C@]4(C)[C@H]3[C@@H](O)C[C@@]21C,0,0,0,0,0,0,0,0,0,0,0,0
6685,c1ccc(-c2ccc(C(c3ccccc3)n3ccnc3)cc2)cc1,0,0,0,0,0,0,0,0,0,0,0,0
20730,CCCCN(CCCC)CC(O)c1cc(Cl)cc2c1-c1ccc(Cl)cc1/C2=C/c1ccc(Cl)cc1,0,0,0,0,0,0,0,0,0,0,0,0
23752,CCN(CC)CCNc1ccc(CO)c2sc3ccccc3c(=O)c12,0,0,0,0,0,0,0,0,0,0,0,0
1610,CCC(=O)c1ccc2c(c1)N(CCCN(C)C)c1ccccc1S2.Cl,0,0,0,0,0,0,0,0,0,0,0,0
10608,C[C@@H]1CN(CCCn2c3ccccc3c3ccccc32)C[C@H](C)N1.Cl.Cl,0,0,0,0,0,0,0,0,0,0,0,0
15006,CN1CCN(CCCN2c3ccccc3Sc3ccc(C(F)(F)F)cc32)CC1.Cl.Cl,0,0,0,0,0,0,0,0,0,0,0,0
2409,Cl.O=C(c1ccc(F)cc1)C1CCN(CCn2c(=S)[nH]c3ccccc3c2=O)CC1,0,0,0,0,0,0,0,0,0,0,0,0
6258,O=c1[nH]sc2cc(Cl)ccc12,0,0,0,0,0,0,0,0,0,0,0,0
25632,Clc1ccc(C(Cn2ccnc2)OCc2c(Cl)cccc2Cl)c(Cl)c1,0,0,0,0,0,0,0,0,0,0,0,0
28559,CN(C)CC/C=C1\c2ccccc2Sc2ccc(Cl)cc21,0,0,0,0,0,0,0,0,0,0,0,0
29375,CN(C)CCCN1c2ccccc2CCc2ccccc21,0,0,0,0,0,0,0,0,0,0,0,0
7590,CO[C@H]1/C=C/O[C@@]2(C)Oc3c(C)c(O)c4c(O)c(c(/C=N/N5CCN(C)CC5)c(O)c4c3C2=O)NC(=O)/C(C)=C\C=C\[C@H](C)[C@H](O)[C@@H](C)[C@@H](O)[C@@H](C)[C@H](OC(C)=O)[C@@H]1C,0,0,0,0,0,0,0,0,0,0,0,0
21860,CN1CCN(CCC(=O)N2c3ccccc3Sc3ccc(C(F)(F)F)cc32)CC1,0,0,0,0,0,0,0,0,0,0,0,0
13101,COc1ccc(CCN2CCC(Nc3nc4ccccc4n3Cc3ccc(F)cc3)CC2)cc1,0,0,0,0,0,0,0,0,0,0,0,0
2976,CN1CCN(CCCN2c3ccccc3Sc3ccc(Cl)cc32)CC1.O=C(O)/C=C\C(=O)O.O=C(O)/C=C\C(=O)O,0,0,0,0,0,0,0,0,0,0,0,0
31461,C=C(c1ccc(C(=O)O)cc1)c1cc2c(cc1C)C(C)(C)CCC2(C)C,0,0,0,0,0,0,0,0,0,0,0,0
1125,CC1=NN(c2ccc(C)c(C)c2)C(=O)/C1=N/Nc1cccc(-c2cccc(C(=O)O)c2)c1O,0,0,0,0,0,0,0,0,0,0,0,0
21264,CC[C@]1(O)C[C@H]2C[N@](CCc3c([nH]c4ccccc34)[C@@](C(=O)OC)(c3cc4c(cc3OC)N(C=O)[C@H]3[C@@](O)(C(=O)OC)[C@H](OC(C)=O)[C@]5(CC)C=CCN6CC[C@]43[C@@H]65)C2)C1,0,0,0,0,0,0,0,0,0,0,0,0
20235,Oc1c(Cl)cc(Cl)c2cccnc12,0,0,0,0,0,0,0,0,0,0,0,0
11475,COC(=O)[C@H]1[C@H]2C[C@@H]3c4[nH]c5cc(OC)ccc5c4CCN3C[C@H]2C[C@@H](OC(=O)/C=C/c2ccc(O)c(OC)c2)[C@@H]1OC,0,0,0,0,0,0,0,0,0,0,0,0
6170,COc1cccc2c1C(=O)c1c(O)c3c(c(O)c1C2=O)C[C@@](O)(C(=O)CO)C[C@@H]3O[C@H]1C[C@H](N)[C@H](O[C@@H]2CCCCO2)[C@H](C)O1,0,0,0,0,0,0,0,0,0,0,0,0
22599,OCCN1CCN(CCCN2c3ccccc3Sc3ccc(Cl)cc32)CC1,0,0,0,0,0,0,0,0,0,0,0,0
28173,O=[N+]([O-])c1ccc(O)c2ncccc12,0,0,0,0,0,0,0,0,0,0,0,0
1953,Clc1ccc(COC(Cn2ccnc2)c2ccc(Cl)cc2Cl)cc1.O=[N+]([O-])O,0,0,0,0,0,0,0,0,0,0,0,0
25196,CCCCCCCCCCCCCCCCOP(=O)([O-])OCC[N+](C)(C)C,0,0,0,0,0,0,0,0,0,0,0,0
4658,C/C(=C(/OCCOc1ccc(Cl)cc1)c1ccc(Cl)cc1Cl)n1ccnc1,0,0,0,0,0,0,0,0,0,0,0,0
27431,Cc1nc(Nc2ncc(C(=O)Nc3c(C)cccc3Cl)s2)cc(N2CCN(CCO)CC2)n1,0,0,0,0,0,0,0,0,0,0,0,0
249,CCN(CC)CCOc1ccc2c(c1)C(=O)c1cc(OCCN(CC)CC)ccc1-2,0,0,0,0,0,0,0,0,0,0,0,0
17262,C[C@H]1c2cccc(O)c2C(=O)C2=C(O)[C@]3(O)C(=O)C(C(N)=O)=C(O)[C@@H](N(C)C)[C@@H]3[C@@H](O)[C@@H]21.Cl,0,0,0,0,0,0,0,0,0,0,0,0
5103,CN(C)[C@@H]1C(O)=C(C(N)=O)C(=O)[C@@]2(O)C(O)=C3C(=O)c4c(O)cccc4[C@@](C)(O)[C@H]3C[C@@H]12.Cl,0,0,0,0,0,0,0,0,0,0,0,0
26488,Cl.Nc1cc(C(F)(F)F)ccc1S,0,0,0,0,0,0,0,0,0,0,0,0
5560,Cl.O=C(Nc1ccccc1)OCC(CN1CCCCC1)OC(=O)Nc1ccccc1,0,0,0,0,0,0,0,0,0,0,0,0
26909,CCOC(=O)[C@H](CCc1ccccc1)N[C@H]1CCc2ccccc2N(CC(=O)O)C1=O.Cl,0,0,0,0,0,0,0,0,0,0,0,0
9551,Oc1c(Cl)cc(Cl)c(Cl)c1Cc1c(O)c(Cl)cc(Cl)c1Cl,0,0,0,0,0,0,0,0,0,0,0,0
4238,O=C(Nc1ccc(Oc2ccc(Cl)cc2)c(Cl)c1)c1cc(I)cc(I)c1O,0,0,0,0,0,0,0,0,0,0,0,0
6879,Oc1cc(Cl)ccc1Oc1ccc(Cl)cc1Cl,0,0,0,0,0,0,0,0,0,0,0,0
24434,O=C(Nc1ccc(Cl)cc1)Nc1ccc(Cl)c(Cl)c1,0,0,0,0,0,0,0,0,0,0,0,0
12318,C[C@]12CC[C@@H]3c4ccc(OC(=O)N(CCCl)CCCl)cc4CC[C@H]3[C@@H]1CC[C@@H]2O,0,0,0,0,0,0,0,0,0,0,0,0
725,CN1CCN(C2=Nc3cc(Cl)ccc3Nc3ccccc32)CC1,0,0,0,0,0,0,0,0,0,0,0,0
1415,CNCCCCOc1ccccc1Cc1ccccc1,0,0,0,0,0,0,0,0,0,0,0,0
27279,CC[C@H]1CN2CCc3cc(OC)c(OC)cc3[C@@H]2C[C@@H]1C[C@H]1NCCc2cc(OC)c(OC)cc21,0,0,0,0,0,0,0,0,0,0,0,0
16436,CO[C@@]12[C@H](COC(N)=O)C3=C(C(=O)C(C)=C(N)C3=O)N1C[C@@H]1N[C@@H]12,0,0,0,0,0,0,0,0,0,0,0,0
5928,CN(Cc1cnc2nc(N)nc(N)c2n1)c1ccc(C(=O)N[C@@H](CCC(=O)O)C(=O)O)cc1,0,0,0,0,0,0,0,0,0,0,0,0
22004,CCC1=C[C@@H]2C[N@](C1)Cc1c([nH]c3ccccc13)[C@@](C(=O)OC)(c1cc3c(cc1OC)N(C)[C@H]1[C@@](O)(C(=O)OC)[C@H](OC(C)=O)[C@]4(CC)C=CCN5CC[C@]31[C@@H]54)C2.O=C(O)C(O)C(O)C(=O)O.O=C(O)C(O)C(O)C(=O)O,0,0,0,0,0,0,0,0,0,0,0,0
6553,COc1c(C)c2c(c(O)c1C/C=C(\C)CCC(=O)O)C(=O)OC2,0,0,0,0,0,0,0,0,0,0,0,0
27669,COC1=CC(=O)C[C@@H](C)[C@]12Oc1c(Cl)c(OC)cc(OC)c1C2=O,0,0,0,0,0,0,0,0,0,0,0,0
26033,C[C@@H]1C[C@@H]([C@H](O)CC2CC(=O)NC(=O)C2)C(=O)[C@@H](C)C1,0,0,0,0,0,0,0,0,0,0,0,0
3613,O=c1[nH]c2ccccc2n1CCCN1CCN(C(c2ccccc2)c2ccccc2)CC1,0,0,0,0,0,0,0,0,0,0,0,0
8670,COc1ccccc1N1CCN(CC(O)COc2cccc3ccccc23)CC1,0,0,0,0,0,0,0,0,0,0,0,0
24726,Cc1ccc2c(Br)cc(Br)c(O)c2n1,0,0,0,0,0,0,0,0,0,0,0,0
132,O=S(c1cc(Cl)cc(Cl)c1O)c1cc(Cl)cc(Cl)c1O,0,0,0,0,0,0,0,0,0,0,0,0
9335,CC(C)c1c(C(=O)Nc2ccccc2)c(-c2ccccc2)c(-c2ccc(F)cc2)n1CC[C@@H](O)C[C@@H](O)CC(=O)[O-].CC(C)c1c(C(=O)Nc2ccccc2)c(-c2ccccc2)c(-c2ccc(F)cc2)n1CC[C@@H](O)C[C@@H](O)CC(=O)[O-].[Ca+2],0,0,0,0,0,0,0,0,0,0,0,0
3356,O=C1c2ccccc2C(=O)C1c1ccc(Br)cc1,0,0,0,0,0,0,0,0,0,0,0,0
14369,CC(=O)O[C@]1(C(C)=O)CC[C@H]2[C@@H]3C[C@H](C)C4=CC(=O)CC[C@]4(C)[C@H]3CC[C@@]21C,0,0,0,0,0,0,0,0,0,0,0,0
7194,CC(=O)[C@H]1CC[C@H]2[C@@H]3CC=C4C[C@@H](O)CC[C@]4(C)[C@H]3CC[C@]12C,0,0,0,0,0,0,0,0,0,0,0,0
10310,CC(C)(C)CC(C)(C)c1ccc(O)c(-n2nc3ccccc3n2)c1,0,0,0,0,0,0,0,0,0,0,0,0
467,CC(C)c1nc(CN(C)C(=O)N[C@H](C(=O)N[C@@H](Cc2ccccc2)C[C@H](O)[C@H](Cc2ccccc2)NC(=O)OCc2cncs2)C(C)C)cs1,0,0,0,0,0,0,0,0,0,0,0,0
2844,Cc1nc(-c2ccc(OCC(C)C)c(C#N)c2)sc1C(=O)O,0,0,0,0,0,0,0,0,0,0,0,0
3937,CC(C)COCC(CN(Cc1ccccc1)c1ccccc1)N1CCCC1,0,0,0,0,0,0,0,0,0,0,0,0
28979,CCOC(=O)/C=C(C)/C=C/C=C(C)/C=C/c1c(C)cc(OC)c(C)c1C,0,0,0,0,0,0,0,0,0,0,0,0
17626,CCCCC(CC)COC(=O)C(C#N)=C(c1ccccc1)c1ccccc1,0,0,0,0,0,0,0,0,0,0,0,0
25522,CCCN(CCC)C(=O)Cc1c(-c2ccc(Cl)cc2)nc2ccc(Cl)cn12,0,0,0,0,0,0,0,0,0,0,0,0
22348,CCC(CN)=C(c1ccccc1)c1ccccc1.Cl,0,0,0,0,0,0,0,0,0,0,0,0
15172,Cl.Clc1ccc(C(OCCN2CCCCC2)c2ccccc2)cc1,0,0,0,0,0,0,0,0,0,0,0,0
24959,CN1CC[C@H](c2c(O)cc(O)c3c(=O)cc(-c4ccccc4Cl)oc23)[C@H](O)C1.Cl,0,0,0,0,0,0,0,0,0,0,0,0
2522,N=C(NCCCCCCNC(=N)NC(=N)Nc1ccc(Cl)cc1)NC(=N)Nc1ccc(Cl)cc1,0,0,0,0,0,0,0,0,0,0,0,0
3679,CN(C)[C@@H](CCOc1cccc2ccccc12)c1ccccc1,0,0,0,0,0,0,0,0,0,0,0,0
21130,Cc1c(C)n(CCN(C)C)c2ccc(C(=O)OCCN(C)C)cc12,0,0,0,0,0,0,0,0,0,0,0,0
19688,Cc1c(C)n(Cc2ccccc2)c2ccc(C(=O)OCCN(C)C)cc12,0,0,0,0,0,0,0,0,0,0,0,0
4319,COc1cc([C@@H]2c3cc4c(cc3[C@H](O)[C@H]3COC(=O)[C@H]23)OCO4)cc(OC)c1OC,0,0,0,0,0,0,0,0,0,0,0,0
8011,COC(=O)[C@H]1[C@H]2C[C@@H]3c4[nH]c5cc(OC)ccc5c4CCN3C[C@H]2C[C@@H](OC(=O)c2cc(OC)c(OC)c(OC)c2)[C@@H]1OC,0,0,0,0,0,0,0,0,0,0,0,0
18319,COc1cccc2c1C(=O)c1c(O)c3c(c(O)c1C2=O)C[C@@](O)(C(=O)CO)CC3OC1CC(N2CCOC(OC)C2)C(O)C(C)O1,0,0,0,0,0,0,0,0,0,0,0,0
26182,CS(=O)(=O)O.Cc1ccc(NC(=O)c2ccc(CN3CCN(C)CC3)cc2)cc1Nc1nccc(-c2cccnc2)n1,0,0,0,0,0,0,0,0,0,0,0,0
29303,COc1cc2nc(N3CCN(C(=O)C4COc5ccccc5O4)CC3)nc(N)c2cc1OC.CS(=O)(=O)O,0,0,0,0,0,0,0,0,0,0,0,0
7495,N#Cc1nn(-c2c(Cl)cc(C(F)(F)F)cc2Cl)c(N)c1S(=O)C(F)(F)F,0,0,0,0,0,0,0,0,0,0,0,0
25699,Cc1nc2n(c(=O)c1CCN1CCC(C(=O)c3ccc(F)cc3)CC1)CCS2,0,0,0,0,0,0,0,0,0,0,0,0
12898,CCc1oc2ccccc2c1C(=O)c1cc(I)c(O)c(I)c1,0,0,0,0,0,0,0,0,0,0,0,0
27767,CCC(Cc1c(I)cc(I)c(N)c1I)C(=O)O,0,0,0,0,0,0,0,0,0,0,0,0
13387,Cc1ccc(-c2cc(C(F)(F)F)nn2-c2ccc(S(N)(=O)=O)cc2)cc1,0,0,0,0,0,0,0,0,0,0,0,0
23995,CN1Cc2cc(C(=O)N3CCC(C4CCNCC4)CC3)ccc2N[C@@H](CC(=O)O)C1=O,0,0,0,0,0,0,0,0,0,0,0,0
5012,O=C(CCCCCCC(=O)Nc1ccccc1)NO,0,0,0,0,0,0,0,0,0,0,0,0
12122,Nc1ccc(C(=O)Nc2ccccc2N)cc1,0,0,0,0,0,0,0,0,0,0,0,0
14828,C[C@@H](CN(C)C)CN1c2ccccc2Sc2ccccc21.C[C@@H](CN(C)C)CN1c2ccccc2Sc2ccccc21.O=C(O)[C@@H](O)[C@@H](O)C(=O)O,0,0,0,0,0,0,0,0,0,0,0,0
4817,O=C(O)c1ccc(-n2nc(-c3ccccc3O)nc2-c2ccccc2O)cc1,0,0,0,0,0,0,0,0,0,0,0,0
2260,O=C(O)CN(CCN(CC(=O)O)CC(=O)O)CCN(CC(=O)O)CC(=O)O,0,0,0,0,0,0,0,0,0,0,0,0
12634,CCCSc1ccc2[nH]c(NC(=O)OC)nc2c1,0,0,0,0,0,0,0,0,0,0,0,0
4052,CN1C[C@H](CNC(=O)OCc2ccccc2)C[C@@H]2c3cccc4c3c(cn4C)C[C@H]21,0,0,0,0,0,0,0,0,0,0,0,0
28744,CC[C@]12CCCN3CCc4c(n(c5ccccc45)C(=O)C1)[C@@H]32,0,0,0,0,0,0,0,0,0,0,0,0
26767,C[C@]12CCC(=O)C=C1[C@@H]1C[C@@H]1[C@H]1[C@@H]3[C@@H]4C[C@@H]4[C@@]4(CCC(=O)O4)[C@@]3(C)CC[C@@H]12,0,0,0,0,0,0,0,0,0,0,0,0
10169,CC1(CN2CCC(n3c(=O)[nH]c4ccccc43)CC2)OCc2ccccc2-n2cccc21,0,0,0,0,0,0,0,0,0,0,0,0
9675,C[C@@]12C(=O)OC(=O)[C@]1(C)C1CCC2O1,0,0,0,0,0,0,0,0,0,0,0,0
13841,C#C[C@]1(O)C=C[C@H]2[C@@H]3CCC4=CC(=O)CC[C@@H]4[C@H]3CC[C@@]21CC,0,0,0,0,0,0,0,0,0,0,0,0
26986,C=CCOC(Cn1ccnc1)c1ccc(Cl)cc1Cl.O=S(=O)(O)O,0,0,0,0,0,0,0,0,0,0,0,0
5214,CC[C@]1(O)C[C@@H]2C[N@@](CCc3c([nH]c4ccccc34)[C@@](C(=O)OC)(c3cc4c(cc3OC)N(C)[C@H]3[C@@](O)(C(=O)OC)[C@H](OC(C)=O)[C@]5(CC)C=CCN6CC[C@]43[C@@H]65)C2)C1.O=S(=O)(O)O,0,0,0,0,0,0,0,0,0,0,0,0
968,O=C(O)c1cc(-c2ccc(F)cc2F)ccc1O,0,0,0,0,0,0,0,0,0,0,0,0
31535,CCOC(=O)C(c1c(O)c2ccccc2oc1=O)c1c(O)c2ccccc2oc1=O,0,0,0,0,0,0,0,0,0,0,0,0
5457,CC(C)n1nc(-c2cc3cc(O)ccc3[nH]2)c2c(N)ncnc21,0,0,0,0,0,0,0,0,0,0,0,0
6052,Oc1ccc(Cl)cc1Cc1ccccc1,0,0,0,0,0,0,0,0,0,0,0,0
24353,COCc1c(C(C)C)nc(C(C)C)c(/C=C/[C@@H](O)C[C@@H](O)CC(=O)[O-])c1-c1ccc(F)cc1.[Na+],0,0,0,0,0,0,0,0,0,0,0,0
10777,Oc1c(Br)cc(Br)cc1Br,0,0,0,0,0,0,0,0,0,0,0,0
28607,CN(C)CCOC(c1ccccc1)c1ccc(Br)cc1,0,0,0,0,0,0,0,0,0,0,0,0
843,CC(C)=CC1C(C(=O)OCc2cccc(Oc3ccccc3)c2)C1(C)C,0,0,0,0,0,0,0,0,0,0,0,0
17101,CC(=O)[C@@]1(O)CC[C@H]2[C@@H]3C[C@H](C)C4=CC(=O)CC[C@]4(C)[C@H]3CC[C@@]21C,0,0,0,0,0,0,0,0,0,0,0,0
20118,COc1cccc2c1C(=O)c1c(O)c3c(c(O)c1C2=O)C[C@@](O)(C(C)=O)C[C@@H]3O[C@H]1C[C@H](N)[C@H](O)[C@H](C)O1,0,0,0,0,0,0,0,0,0,0,0,0
1488,CC(=O)OCC(=O)[C@@]12N=C(C)O[C@@H]1C[C@H]1[C@@H]3CCC4=CC(=O)C=C[C@]4(C)[C@H]3[C@@H](O)C[C@@]12C,0,0,0,0,0,0,0,0,0,0,0,0
30037,CN(C/C=C/C#CC(C)(C)C)Cc1cccc2ccccc12,0,0,0,0,0,0,0,0,0,0,0,0
1216,CC(C)CCCC(C)N,0,0,0,0,0,0,0,0,0,0,0,0
1875,CC(C)Oc1ccc2c(=O)c(-c3ccccc3)coc2c1,0,0,0,0,0,0,0,0,0,0,0,0
31402,CC(C)c1c(CN(C)C(C)Cc2ccccc2)n(C)n(-c2ccccc2)c1=O,0,0,0,0,0,0,0,0,0,0,0,0
1650,COCCOC(=O)C1=C(C)NC(C)=C(C(=O)OC(C)C)C1c1cccc([N+](=O)[O-])c1,0,0,0,0,0,0,0,0,0,0,0,0
9064,COC(=O)C1=C(C)NC(C)=C(C(=O)OCC(C)C)C1c1ccccc1[N+](=O)[O-],0,0,0,0,0,0,0,0,0,0,0,0
6782,CCC1=C(C)CN(C(=O)NCCc2ccc(S(=O)(=O)NC(=O)N[C@H]3CC[C@H](C)CC3)cc2)C1=O,0,0,0,0,0,0,0,0,0,0,0,0
29084,Cc1cccc(N(C)C(=S)Oc2ccc3ccccc3c2)c1,0,0,0,0,0,0,0,0,0,0,0,0
31018,Cc1ccc(CCn2c3c(c4cc(Cl)ccc42)CN(C)CC3)cn1,0,0,0,0,0,0,0,0,0,0,0,0
24827,Cc1noc(NS(=O)(=O)c2ccc(N)cc2)c1C,0,0,0,0,0,0,0,0,0,0,0,0
25118,Cc1nc(C2CCCCC2)c(-c2ccc(S(N)(=O)=O)c(F)c2)o1,0,0,0,0,0,0,0,0,0,0,0,0
21701,CCCNCC(O)COc1ccccc1C(=O)CCc1ccccc1,0,0,0,0,0,0,0,0,0,0,0,0
14231,C=CCN1C[C@H](C)N([C@H](c2ccc(C(=O)N(CC)CC)cc2)c2cccc(OC)c2)C[C@H]1C,0,0,0,0,0,0,0,0,0,0,0,0
16266,CCc1c2c(nc3ccc(OC(=O)N4CCC(N5CCCCC5)CC4)cc13)-c1cc3c(c(=O)n1C2)COC(=O)[C@]3(O)CC.Cl,0,0,0,0,0,0,0,0,0,0,0,0
22425,Cc1cc(N)c2cc(NC(=O)Nc3ccc4nc(C)cc(N)c4c3)ccc2n1.Cl.Cl,0,0,0,0,0,0,0,0,0,0,0,0
5801,CCc1nn(CCCN2CCN(c3cccc(Cl)c3)CC2)c(=O)n1CCOc1ccccc1.Cl,0,0,0,0,0,0,0,0,0,0,0,0
27160,COc1cc2c(cc1OC)C(=O)C(CC1CCN(Cc3ccccc3)CC1)C2.Cl,0,0,0,0,0,0,0,0,0,0,0,0
7743,Cc1ncc2n1-c1ccc(Cl)cc1C(c1ccccc1F)=NC2.Cl,0,0,0,0,0,0,0,0,0,0,0,0
25811,CCCCNc1c(C(=O)OCC)c(C)nc2c1cnn2CC.Cl,0,0,0,0,0,0,0,0,0,0,0,0
26397,Cl.O=S(=O)(c1cccc2cnccc12)N1CCCNCC1,0,0,0,0,0,0,0,0,0,0,0,0
9227,Clc1ccc2c(c1)Nc1ccccc1S2,0,0,0,0,0,0,0,0,0,0,0,0
24523,CCCCCCC[N+](CC)(CC)CCCCc1ccc(Cl)cc1.Cc1ccc(S(=O)(=O)[O-])cc1,0,0,0,0,0,0,0,0,0,0,0,0
2730,CC1COC2(c3ccccc3Cl)c3cc(Cl)ccc3NC(=O)CN12,0,0,0,0,0,0,0,0,0,0,0,0
3114,CC(Oc1c(Cl)cccc1Cl)C1=NCCN1,0,0,0,0,0,0,0,0,0,0,0,0
2180,Clc1ccc(C(Cn2ccnc2)OCc2ccc(Sc3ccccc3)cc2)c(Cl)c1,0,0,0,0,0,0,0,0,0,0,0,0
3267,CC#C[C@]1(O)CC[C@H]2[C@@H]3CCC4=CC(=O)CCC4=C3[C@@H](c3ccc(N(C)C)cc3)C[C@@]21C,0,0,0,0,0,0,0,0,0,0,0,0
22068,CN1C[C@H](C(=O)N[C@]2(C)O[C@@]3(O)[C@@H]4CCCN4C(=O)[C@H](Cc4ccccc4)N3C2=O)C[C@@H]2c3cccc4[nH]cc(c34)C[C@H]21,0,0,0,0,0,0,0,0,0,0,0,0
21528,CN1CCC(=C2c3ccccc3CCc3sccc32)CC1,0,0,0,0,0,0,0,0,0,0,0,0
7291,COc1ccc(OC(=O)N(CC(=O)O)Cc2ccc(OCCc3nc(-c4ccccc4)oc3C)cc2)cc1,0,0,0,0,0,0,0,0,0,0,0,0
23903,CC1=C(CC(=O)O)c2cc(F)ccc2/C1=C\c1ccc(S(C)(=O)=O)cc1,0,0,0,0,0,0,0,0,0,0,0,0
11283,CS(=O)(=O)O.N=C(N)Nc1ccc(C(=O)Oc2ccc3cc(C(=N)N)ccc3c2)cc1,0,0,0,0,0,0,0,0,0,0,0,0
17755,CSc1ccc(/C=C2/C(C)=C(CC(=O)O)c3cc(F)ccc32)cc1,0,0,0,0,0,0,0,0,0,0,0,0
27350,O=C(O)c1ccccc1Nc1cccc(C(F)(F)F)c1,0,0,0,0,0,0,0,0,0,0,0,0
676,Nc1ccccc1C(=O)OCC(O)CO,0,0,0,0,0,0,0,0,0,0,0,0
4404,Cc1ccc(Nc2nccc(N(C)c3ccc4c(C)n(C)nc4c3)n2)cc1S(N)(=O)=O,0,0,0,0,0,0,0,0,0,0,0,0
24122,O.O.O=c1c(O)c(-c2ccc(O)c(O)c2)oc2cc(O)cc(O)c12,0,0,0,0,0,0,0,0,0,0,0,0
6444,CCO[C@@H]1O[C@H](C(COCc2ccccc2)OCc2ccccc2)[C@H](OCc2ccccc2)[C@H]1O,0,0,0,0,0,0,0,0,0,0,0,0
12426,Cc1cc2c(cc1CC(=O)c1sccc1S(=O)(=O)Nc1onc(C)c1Cl)OCO2,0,0,0,0,0,0,0,0,0,0,0,0
25424,CCCCC/C=C\C/C=C\CCCCCCCC(=O)OCC,0,0,0,0,0,0,0,0,0,0,0,0
508,N[C@@H](Cc1cc(I)c(Oc2cc(I)c(O)c(I)c2)c(I)c1)C(=O)O,0,0,0,0,0,0,0,0,0,0,0,0
1379,CN(C)CCC[C@@]1(c2ccc(F)cc2)OCc2cc(C#N)ccc21.O=C(O)C(=O)O,0,0,0,0,0,0,0,0,0,0,0,0
24632,CC(C(=O)O)c1ccc2c(c1)[nH]c1ccc(Cl)cc12,0,0,0,0,0,0,0,0,0,0,0,0
4553,CCOc1cc(N)c(Cl)cc1C(=O)NCC1CN(Cc2ccc(F)cc2)CCO1.O=C(O)CC(O)(CC(=O)O)C(=O)O,0,0,0,0,0,0,0,0,0,0,0,0
2014,O=C(O)c1cccc(-c2noc(-c3ccccc3F)n2)c1,0,0,0,0,0,0,0,0,0,0,0,0
28932,Cc1cccc(Nc2ccccc2C(=O)O)c1C,0,0,0,0,0,0,0,0,0,0,0,0
26547,O=C(O)Cc1ccc2c(c1)C(=O)c1ccccc1CO2,0,0,0,0,0,0,0,0,0,0,0,0
5602,CCOC(=O)c1c(N)sc2c1CCN(Cc1ccccc1)C2,0,0,0,0,0,0,0,0,0,0,0,0
7419,CC(C)=C[C@@H]1[C@@H](C(=O)OCc2coc(Cc3ccccc3)c2)C1(C)C,0,0,0,0,0,0,0,0,0,0,0,0
8300,CN(c1nccc(=O)[nH]1)C1CCN(c2nc3ccccc3n2Cc2ccc(F)cc2)CC1,0,0,0,0,0,0,0,0,0,0,0,0
20579,CCn1ccc(NS(=O)(=O)c2ccc(N)cc2)nc1=O,0,0,0,0,0,0,0,0,0,0,0,0
2364,O=C1c2ccccc2C(=O)C1C(=O)C(c1ccccc1)c1ccccc1,0,0,0,0,0,0,0,0,0,0,0,0
24212,O=C(C1CCCCC1)N1CC(=O)N2CCCc3ccccc3C2C1,0,0,0,0,0,0,0,0,0,0,0,0
26138,O=C(C1CCCCC1)N1CC(=O)N2CCc3ccccc3C2C1,0,0,0,0,0,0,0,0,0,0,0,0
97,C[C@@H](O)[C@H]1C(=O)N2C(C(=O)O)=C([C@H]3CCCO3)S[C@H]12,0,0,0,0,0,0,0,0,0,0,0,0
13255,C=CC[C@]1(O)CC[C@H]2[C@@H]3CCC4=CC(=O)CCC4=C3C=C[C@@]21C,0,0,0,0,0,0,0,0,0,0,0,0
1038,C[C@]12CCC(=O)C=C1CC[C@@H]1[C@@H]2CC[C@@]2(C)[C@H]1CC[C@]2(C)O,0,0,0,0,0,0,0,0,0,0,0,0
6981,C[C@@H]1CC[C@H]2[C@@H](C)C(=O)O[C@@H]3O[C@@]4(C)CC[C@@H]1C32OO4,0,0,0,0,0,0,0,0,0,0,0,0
2592,CCO[C@H](Cc1ccc(OCCc2ccc(OS(C)(=O)=O)cc2)cc1)C(=O)O,0,0,0,0,0,0,0,0,0,0,0,0
1715,CC1(C)[C@H](C(=O)O)N2C(=O)C[C@H]2S1(=O)=O,0,0,0,0,0,0,0,0,0,0,0,0
326,COP(=O)(OC)C(O)C(Cl)(Cl)Cl,0,0,0,0,0,0,0,0,0,0,0,0
27075,COc1ccc(C(CN(C)C)C2(O)CCCCC2)cc1,0,0,0,0,0,0,0,0,0,0,0,0
14482,Cc1cc(O)cc(C)c1Cl,0,0,0,0,0,0,0,0,0,0,0,0
15323,O=C(OCc1ccccc1)c1ccc(O)cc1,0,0,0,0,0,0,0,0,0,0,0,0
27624,CC(C)NCC(O)c1ccc(O)c(O)c1,0,0,0,0,0,0,0,0,0,0,0,0
3427,O=C(c1cc(O)c(O)c(O)c1)c1ccc(O)c(O)c1O,0,0,0,0,0,0,0,0,0,0,0,0
20963,C[C@]12CC[C@H]3[C@@H](CCC4=CC(=O)CC[C@@]43C)[C@@H]1CC[C@@H]2C(=O)CO,0,0,0,0,0,0,0,0,0,0,0,0
7098,O=C(OCC(O)CO)c1ccccc1Nc1ccnc2c(C(F)(F)F)cccc12,0,0,0,0,0,0,0,0,0,0,0,0
27860,CC(O)C(=O)O.CCCCCCCCCCCCCCNCCO,0,0,0,0,0,0,0,1,0,0,0,0
13692,CCCCCCCCCCCCSCCOCCO,0,0,0,0,0,0,0,1,0,0,0,0
1532,CC(=O)N(O)CCCCCNC(=O)CCC(=O)N(O)CCCCCNC(=O)CCC(=O)N(O)CCCCCN.CS(=O)(=O)O,0,0,0,0,0,0,0,1,0,0,0,0
762,CC(=O)O[C@H]1C[C@@H]2CC[C@@H]3[C@H](CC[C@@]4(C)[C@H]3C[C@H]([N+]3(C)CCCCC3)[C@@H]4OC(C)=O)[C@@]2(C)C[C@@H]1N1CCCCC1.[Br-],0,0,0,0,0,0,0,1,0,0,0,0
10419,CC[N+]1(CCOC(=O)C(O)(c2ccccc2)c2ccccc2)CCCCC1.[Br-],0,0,0,0,0,0,0,1,0,0,0,0
18705,CC(=O)CCC(=O)[O-].CC(=O)CCC(=O)[O-].O.O.[Ca+2],0,0,0,0,0,0,0,1,0,0,0,0
6613,CC(=O)OCC1=C(C(=O)[O-])N2C(=O)[C@@H](NC(=O)CSc3ccncc3)[C@H]2SC1.[Na+],0,0,0,0,0,0,0,1,0,0,0,0
3801,O=C([O-])Cc1ccccc1Nc1c(Cl)cccc1Cl.[Na+],0,0,0,0,0,0,0,1,0,0,0,0
209,CO[C@@]1(NC(=O)CSCC#N)C(=O)N2C(C(=O)[O-])=C(CSc3nnnn3C)CS[C@@H]21.[Na+],0,0,0,0,0,0,0,1,0,0,0,0
4731,Cc1onc(-c2c(Cl)cccc2Cl)c1C(=O)N[C@@H]1C(=O)N2[C@@H]1SC(C)(C)[C@@H]2C(=O)[O-].O.[Na+],0,0,0,0,0,0,0,1,0,0,0,0
8979,C[C@]1(Cn2ccnn2)[C@H](C(=O)[O-])N2C(=O)C[C@H]2S1(=O)=O.[Na+],0,0,0,0,0,0,0,1,0,0,0,0
7969,Cn1cnc2c(F)c(Nc3ccc(Br)cc3Cl)c(C(=O)NOCCO)cc21,0,0,0,0,0,0,0,1,0,0,0,0
28373,c1ccc(CCNc2nc(-c3ccccc3)cs2)cc1,0,0,0,0,0,0,0,1,0,0,0,0
28494,CC(C)=CCOc1c2occc2cc2ccc(=O)oc12,0,0,0,0,0,0,0,1,0,0,0,0
5871,C[C@@H]1CC2=CC(=O)CC[C@@H]2[C@H]2CC[C@@]3(C)[C@@H](CC[C@]3(C)O)[C@@H]21,0,0,0,0,0,0,0,1,0,0,0,0
21194,CCC(C)(C)c1ccc(CC(C)CN2C[C@@H](C)O[C@@H](C)C2)cc1,0,0,0,0,0,0,0,1,0,0,0,0
21316,CC(C)=CC1C(C(=O)OCN2C(=O)C3=C(CCCC3)C2=O)C1(C)C,0,0,0,0,0,0,0,1,0,0,0,0
30270,c1ccc(-c2nc[nH]c2-c2ccccc2)cc1,0,0,0,0,0,0,0,1,0,0,0,0
10055,CC(=O)[C@@]1(O)CC[C@H]2[C@@H]3CCC4=CC(=O)CC[C@]4(C)[C@H]3CC[C@@]21C,0,0,0,0,0,0,0,1,0,0,0,0
3994,C=C1C[C@H]2[C@@H]3C=C(C)C4=CC(=O)CC[C@]4(C)[C@H]3CC[C@]2(C)[C@@]1(OC(C)=O)C(C)=O,0,0,0,0,0,0,0,1,0,0,0,0
3064,CC(=O)O[C@]1(C(C)=O)CC[C@H]2[C@@H]3C=C(C)C4=CC(=O)CC[C@]4(C)[C@H]3CC[C@@]21C,0,0,0,0,0,0,0,1,0,0,0,0
22501,COc1ccccc1N1CCN(CCCCNC(=O)c2ccc(-c3ccc(C(C)=O)cc3)cc2)CC1,0,0,0,0,0,0,0,1,0,0,0,0
21792,CCOC(=O)Oc1ccc(CCNC(=O)[C@H](CCSC)NC(C)=O)cc1OC(=O)OCC,0,0,0,0,0,0,0,1,0,0,0,0
28851,CC(=O)N[C@@H](CS)C(=O)O,0,0,0,0,0,0,0,1,0,0,0,0
11992,COC[C@@H](NC(C)=O)C(=O)NCc1ccccc1,0,0,0,0,0,0,0,1,0,0,0,0
25271,Cc1cc(C(C)(C)C)c(O)c(C(C)(C)C)c1,0,0,0,0,0,0,0,1,0,0,0,0
7639,COc1ccccc1Oc1c(NS(=O)(=O)c2ccc(C(C)(C)C)cc2)nc(-c2ncccn2)nc1OCCO,0,0,0,0,0,0,0,1,0,0,0,0
22268,CC(C)(C)OC(=O)c1ncn2c1[C@@H]1CCCN1C(=O)c1c(Br)cccc1-2,0,0,0,0,0,0,0,1,0,0,0,0
20655,Cc1c2oc3c(C)ccc(C(=O)N[C@@H]4C(=O)N[C@H](C(C)C)C(=O)N5CCC[C@H]5C(=O)N(C)CC(=O)N(C)[C@@H](C(C)C)C(=O)O[C@@H]4C)c3nc-2c(C(=O)N[C@@H]2C(=O)N[C@H](C(C)C)C(=O)N3CCC[C@H]3C(=O)N(C)CC(=O)N(C)[C@@H](C(C)C)C(=O)O[C@@H]2C)c(N)c1=O,0,0,0,0,0,0,0,1,0,0,0,0
25577,Cc1ccc(C(C)C)cc2c(C)ccc1-2,0,0,0,0,0,0,0,1,0,0,0,0
3734,CC(C)CCCC(C)CCCC(C)CCCCC(C)CCCC(C)CCCC(C)C,0,0,0,0,0,0,0,1,0,0,0,0
14750,CC(C)Cn1cnc2c(N)nc3ccccc3c21,0,0,0,0,0,0,0,1,0,0,0,0
26835,CC(C)OC(=O)C(C(=O)OC(C)C)=C1SC=CS1,0,0,0,0,0,0,0,1,0,0,0,0
1188,CC(=O)OC/C=C(C)/C=C/C=C(C)/C=C/C1=C(C)CCCC1(C)C,0,0,0,0,0,0,0,1,0,0,0,0
5263,CC1=C(C(=O)O)N2C(=O)[C@@H](NC(=O)[C@H](N)c3ccccc3)[C@H]2SC1,0,0,0,0,0,0,0,1,0,0,0,0
6513,Cc1nc2n(c(=O)c1CCN1CCC(c3noc4cc(F)ccc34)CC1)CCCC2,0,0,0,0,0,0,0,1,0,0,0,0
291,CC1(COc2ccc(CC3SC(=O)NC3=O)cc2)CCCCC1,0,0,0,0,0,0,0,1,0,0,0,0
402,Cc1ccc(O)c(-n2nc3ccccc3n2)c1,0,0,0,0,0,0,0,1,0,0,0,0
1339,Cc1cccc(N(C)C(=S)Oc2ccc3c(c2)C2CCC3C2)c1,0,0,0,0,0,0,0,1,0,0,0,0
4602,Cc1ccc(N(CC2=NCCN2)c2cccc(O)c2)cc1,0,0,0,0,0,0,0,1,0,0,0,0
18925,CCOCC(O)COc1ccc(NC(=O)CC[S+](C)C)cc1.Cc1ccc(S(=O)(=O)[O-])cc1,0,0,0,0,0,0,0,1,0,0,0,0
27518,Cc1cccc(Nc2cc(Cl)nc(SCC(=O)O)n2)c1C,0,0,0,0,0,0,0,1,0,0,0,0
2933,Cc1oncc1C(=O)Nc1ccc(C(F)(F)F)cc1,0,0,0,0,0,0,0,1,0,0,0,0
21912,CCC(=O)O[C@H]1CC[C@H]2[C@@H]3CCC4=CC(=O)CC[C@]4(C)[C@H]3CC[C@]12C,0,0,0,0,0,0,0,1,0,0,0,0
13175,CCc1nc(N)nc(N)c1-c1ccc(Cl)cc1,0,0,0,0,0,0,0,1,0,0,0,0
16541,CCN(CC)CCOc1ccc(Cc2ccccc2)cc1,0,0,0,0,0,0,0,1,0,0,0,0
14947,CCOC(=O)CC(SP(=S)(OC)OC)C(=O)OCC,0,0,0,0,0,0,0,1,0,0,0,0
6130,CCOP(=S)(OCC)Oc1ccc2c(C)c(Cl)c(=O)oc2c1,0,0,0,0,0,0,0,1,0,0,0,0
15750,Cl.O=C1OC(CN2CCOCC2)CN1N=Cc1ccc([N+](=O)[O-])o1,0,0,0,0,0,0,0,1,0,0,0,0
5361,CNNCc1ccc(C(=O)NC(C)C)cc1.Cl,0,0,0,0,0,0,0,1,0,0,0,0
25944,Cc1c(F)c(N2CCNC(C)C2)cc2c1c(=O)c(C(=O)O)cn2C1CC1.Cl,0,0,0,0,0,0,0,1,0,0,0,0
26700,CNCC[C@@H](Oc1ccccc1C)c1ccccc1.Cl,0,0,0,0,0,0,0,1,0,0,0,0
4190,CC1(C)OC[C@@H](COC(=O)CCc2ccc(OC[C@@H](O)CNCCNC(=O)N3CCOCC3)cc2)O1.Cl,0,0,0,0,0,0,0,1,0,0,0,0
7791,CCCCOc1cc(C(=O)OCCN(CC)CC)ccc1N.Cl,0,0,0,0,0,0,0,1,0,0,0,0
31579,CCOc1ccc(Cc2nccc3cc(OCC)c(OCC)cc23)cc1OCC.Cl,0,0,0,0,0,0,0,1,0,0,0,0
11571,Cl.O=C(COc1ccc(Cl)cc1)N1CCN(Cc2ccc3c(c2)OCO3)CC1,0,0,0,0,0,0,0,1,0,0,0,0
8117,CN(C)CCOC(=O)COc1ccc(Cl)cc1.Cl,0,0,0,0,0,0,0,1,0,0,0,0
5648,Cl.O=c1n(CCCN2CCN(c3cccc(Cl)c3)CC2)nc2ccccn12,0,0,0,0,0,0,0,1,0,0,0,0
25761,CCc1cccc(N(C)C(=N)Nc2cccc3ccccc23)c1.Cl,0,0,0,0,0,0,0,1,0,0,0,0
10955,CN(C)CCCOc1nn(Cc2ccccc2)c2ccccc12.Cl,0,0,0,0,0,0,0,1,0,0,0,0
9742,CCOC(=O)OC(C)OC(=O)[C@@H]1N2C(=O)[C@@H](NC(=O)[C@H](N)c3ccccc3)[C@H]2SC1(C)C.Cl,0,0,0,0,0,0,0,1,0,0,0,0
28713,CN(C)CCn1nnnc1SCC1=C(C(=O)O)N2C(=O)[C@@H](NC(=O)Cc3csc(N)n3)[C@H]2SC1.Cl,0,0,0,0,0,0,0,1,0,0,0,0
4100,Cl.NCC(=O)CCC(=O)O,0,0,0,0,0,0,0,1,0,0,0,0
16105,Cl.NNc1nncc2ccccc12,0,0,0,0,0,0,0,1,0,0,0,0
24769,CC(C)(C(=O)O)c1ccc(C(O)CCCN2CCC(C(O)(c3ccccc3)c3ccccc3)CC2)cc1.Cl,0,0,0,0,0,0,0,1,0,0,0,0
6213,Cl.O=C(O)c1cn(C2CC2)c2cc(N3CCNCC3)c(F)cc2c1=O,0,0,0,0,0,0,0,1,0,0,0,0
13991,CCN1CC(CCN2CCOCC2)C(c2ccccc2)(c2ccccc2)C1=O.Cl,0,0,0,0,0,0,0,1,0,0,0,0
7148,CCOc1ccccc1OCCN[C@H](C)Cc1ccc(OC)c(S(N)(=O)=O)c1.Cl,0,0,0,0,0,0,0,1,0,0,0,0
4974,Cl.NCCc1cc(O)c(O)cc1O,0,0,0,0,0,0,0,1,0,0,0,0
21485,CCOC(=O)[C@@](C)(N)Cc1ccc(O)c(O)c1.Cl,0,0,0,0,0,0,0,1,0,0,0,0
6303,CNC[C@H](O)c1ccc(O)c(O)c1.Cl,0,0,0,0,0,0,0,1,0,0,0,0
25861,Cl.Oc1cn2c(n1)Nc1ccc(Cl)c(Cl)c1C2,0,0,0,0,0,0,0,1,0,0,0,0
4459,N[Pt](N)(Cl)Cl,0,0,0,0,0,0,0,1,0,0,0,0
28888,CN(C(=O)C(Cl)Cl)c1ccc(OC(=O)c2ccco2)cc1,0,0,0,0,0,0,0,1,0,0,0,0
5146,O=C(CBr)Nc1ccc(Cl)cc1C(=O)c1ccccc1F,0,0,0,0,0,0,0,1,0,0,0,0
628,COP(=S)(OC)Oc1cc(Cl)c(Cl)cc1Cl,0,0,0,0,0,0,0,1,0,0,0,0
5987,O=C(CCN1CCN2CCCC2C1)N1c2ccccc2Sc2ccc(Cl)cc21,0,0,0,0,0,0,0,1,0,0,0,0
4876,O=c1[nH]c2cc(Cl)ccc2n1C1CCNCC1,0,0,0,0,0,0,0,1,0,0,0,0
26437,COc1ccc2c(c1)c(CC(=O)OC/C=C(\C)CC/C=C(\C)CCC=C(C)C)c(C)n2C(=O)c1ccc(Cl)cc1,0,0,0,0,0,0,0,1,0,0,0,0
20282,O=C(NC(Cc1cc(=O)[nH]c2ccccc12)C(=O)O)c1ccc(Cl)cc1,0,0,0,0,0,0,0,1,0,0,0,0
17572,N=C(N)NC(=O)c1nc(Cl)c(N)nc1N,0,0,0,0,0,0,0,1,0,0,0,0
29338,O=C(NC(=O)c1c(F)cccc1F)Nc1cc(Cl)c(OC(F)(F)C(F)C(F)(F)F)cc1Cl,0,0,0,0,0,0,0,1,0,0,1,0
20786,Cc1ccc(Nc2c(F)cccc2Cl)c(CC(=O)O)c1,0,0,0,0,0,0,0,1,0,0,1,0
22146,CCC(=O)O[C@]1(C(=O)CCl)[C@@H](C)C[C@H]2[C@@H]3CCC4=CC(=O)C=C[C@]4(C)[C@@]3(F)[C@@H](O)C[C@@]21C,0,0,0,0,0,0,0,1,0,0,1,0
21059,CC1(C)O[C@@H]2C[C@H]3[C@@H]4CCC5=CC(=O)CC[C@]5(C)[C@@]4(F)[C@@H](O)C[C@]3(C)[C@]2(C(=O)CCl)O1,0,0,0,0,0,0,0,1,0,0,1,0
12714,ClCCN1CCCC1,0,0,0,0,0,0,0,1,0,0,1,0
24398,CC(CC1c2ccccc2CCc2ccccc21)CN(C)C,0,0,0,0,0,0,0,1,0,0,1,0
5065,CNC(=O)Oc1cccc2ccccc12,0,0,0,0,0,0,0,1,0,0,1,0
12373,C=C[C@H]1CN2CCC1C[C@H]2[C@H](O)c1ccnc2ccc(OC)cc12,0,0,0,0,0,0,0,1,0,0,1,0
24995,CCOCCOC(=O)C=Cc1ccc(OC)cc1,0,0,0,0,0,0,0,1,0,0,1,0
1832,COc1ccc(C(=O)c2c(C)n(CCN3CCOCC3)c3ccccc23)cc1,0,0,0,0,0,0,0,1,0,0,1,0
6721,COc1ccc(-c2cc(=O)c3c(O)cc(O[C@@H]4O[C@H](CO[C@@H]5O[C@@H](C)[C@H](O)[C@@H](O)[C@H]5O)[C@@H](O)[C@H](O)[C@H]4O)cc3o2)cc1O,0,0,0,0,0,0,0,1,0,0,1,0
20489,COc1ccc2nc(NC(=O)Nc3ccccc3)sc2c1,0,0,0,0,0,0,0,1,0,0,1,0
7538,CNCCc1ccccn1.CS(=O)(=O)O,0,0,0,0,0,0,0,1,0,0,1,0
31496,CO/N=C1\CN(c2nc3c(cc2F)c(=O)c(C(=O)O)cn3C2CC2)CC1CN.CS(=O)(=O)O,0,0,0,0,0,0,0,1,0,0,1,0
6921,O=C(O)c1cccnc1Nc1cccc(C(F)(F)F)c1,0,0,0,0,0,0,0,1,0,0,1,0
14298,O=C1OC(OC(=O)c2cccnc2Nc2cccc(C(F)(F)F)c2)c2ccccc21,0,0,0,0,0,0,0,1,0,0,1,0
3027,COCCCC/C(=N\OCCN)c1ccc(C(F)(F)F)cc1,0,0,0,0,0,0,0,1,0,0,1,0
15452,C[C@H]1O[C@@H](n2cc(F)c(=O)[nH]c2=O)[C@H](O)[C@@H]1O,0,0,0,0,0,0,0,1,0,0,1,0
14166,O=C1[C@H](CC[C@H](O)c2ccc(F)cc2)[C@@H](c2ccc(O)cc2)N1c1ccc(F)cc1,0,0,0,0,0,0,0,1,0,0,1,0
6836,Cc1nc2ccccn2c(=O)c1CCN1CCC(C(=O)c2ccc(F)cc2)CC1,0,0,0,0,0,0,0,1,0,0,1,0
27038,O=C(CCCN1CCC(n2c(=O)[nH]c3ccccc32)CC1)c1ccc(F)cc1,0,0,0,0,0,0,0,1,0,0,1,0
925,O=C(CCCN1CCC(O)(c2ccc(Cl)cc2)CC1)c1ccc(F)cc1,0,0,0,0,0,0,0,1,0,0,1,0
14679,O=C(CCCN1CCN(c2ccccn2)CC1)c1ccc(F)cc1,0,0,0,0,0,0,0,1,0,0,1,0
5411,O=C(O)CCn1c2c(c3ccccc31)C[C@H](NS(=O)(=O)c1ccc(F)cc1)CC2,0,0,0,0,0,0,0,1,0,0,1,0
7240,Nc1cc(-c2ccncc2)c[nH]c1=O,0,0,0,0,0,0,0,1,0,0,1,0
1766,Nc1ccc(S(=O)(=O)Nc2cnc3ccccc3n2)cc1,0,0,0,0,0,0,0,1,0,0,1,0
806,Nc1ccc(O)cc1,0,0,0,0,0,0,0,1,0,0,1,0
24681,CCCN1CCC[C@@H]2Cc3nc(N)ncc3C[C@H]21,0,0,0,0,0,0,0,1,0,0,1,0
20001,Nc1ncnc(Nc2ccccc2)n1,0,0,0,0,0,0,0,1,0,0,1,0
9610,NCCNCCNCCNCCN,0,0,0,0,0,0,0,1,0,0,1,0
9278,NS(=O)(=O)c1cc(C2(O)NC(=O)c3ccccc32)ccc1Cl,0,0,0,0,0,0,0,1,0,0,1,0
3475,NS(=O)(=O)c1cc2c(cc1Cl)N=CNS2(=O)=O,0,0,0,0,0,0,0,1,0,0,1,0
7917,CN1C(CSCC(F)(F)F)Nc2cc(Cl)c(S(N)(=O)=O)cc2S1(=O)=O,0,0,0,0,0,0,0,1,0,0,1,0
25991,NS(=O)(=O)c1cc2c(cc1Cl)NC(C(Cl)Cl)NS2(=O)=O,0,0,0,0,0,0,0,1,0,0,1,0
27309,OC[C@]1(O)OC[C@@H](O)[C@H](O)[C@@H]1O,0,0,0,0,0,0,0,1,0,0,1,0
1249,Cc1c(C(=O)O)c(O)cc2c1C(=O)c1c(O)c([C@@H]3O[C@H](CO)[C@@H](O)[C@H](O)[C@H]3O)c(O)c(O)c1C2=O,0,0,0,0,0,0,0,1,0,1,1,0
18856,O=C1O[C@H](CO)[C@@H](O)[C@H](O)[C@H]1O,0,0,0,0,0,0,0,1,0,1,1,0
1920,O=C(C=Cc1ccc(O)c(O)c1)O[C@@H]1C[C@@](OC(=O)C=Cc2ccc(O)c(O)c2)(C(=O)O)C[C@@H](O)[C@@H]1O,0,0,0,0,0,0,0,1,0,1,1,0
26342,O=[N+]([O-])c1cc([As](=O)(O)O)ccc1O,0,0,0,0,0,0,0,1,0,1,1,0
2316,O=[N+]([O-])c1ccc([As](=O)(O)O)cc1,0,0,0,0,0,0,0,1,0,1,1,0
1985,CCCCCCCCC/C=C\C=C/C=C\C=C/C=C\C(=O)OCC,0,0,0,0,0,0,0,1,0,1,1,0
2803,CC(=O)Nc1ccc(OC(=O)c2ccccc2OC(C)=O)cc1,0,0,0,0,0,0,0,1,0,1,1,0
31431,CC(C)Nc1cccnc1N1CCN(C(=O)c2cc3cc(NS(C)(=O)=O)ccc3[nH]2)CC1,0,0,0,0,0,0,0,1,0,1,1,0
24462,CC(C)OC(=O)C(C)(C)Oc1ccc(C(=O)c2ccc(Cl)cc2)cc1,0,0,0,0,0,0,0,1,0,1,1,0
27711,CC(C(=O)O)c1ccc(C(=O)c2ccccc2)s1,0,0,0,0,0,0,0,1,0,1,1,0
3884,CN1Cc2cc(C(=O)N3CCC(C4CCNCC4)CC3)ccc2N[C@@H](CC(=O)O)C1=O,0,0,0,0,0,0,0,1,0,1,1,0
549,CN1CCC(O)(c2ccc(F)cc2)C(C(=O)c2ccc(F)cc2)C1,0,0,0,0,0,0,0,1,0,1,1,0
2058,CCC(=O)c1ccc(O)cc1,0,0,0,0,0,0,0,1,0,1,1,0
26225,O=C(CN1CCN(Cc2ccc3c(c2)OCO3)CC1)N1c2ccccc2Sc2ccccc21,0,0,0,0,0,0,0,1,0,1,1,0
28777,O=C(CCCCC(=O)Nc1c(I)cc(I)c(C(=O)O)c1I)Nc1c(I)cc(I)c(C(=O)O)c1I,0,0,0,0,0,0,0,1,0,1,1,0
2443,COc1ccc(Cl)cc1C(=O)NCCc1ccc(S(=O)(=O)NC(=O)NC2CCCCC2)cc1,0,0,0,0,0,0,0,1,0,1,1,0
17220,CN(C)CCOC(c1ccc(Cl)cc1)c1ccccn1.O=C(O)/C=C\C(=O)O,0,0,0,0,0,0,0,1,0,1,1,0
21366,COC[C@H](c1ccc(C(F)(F)F)cc1)N1CCN(C2(C)CCN(C(=O)c3c(C)ncnc3C)CC2)C[C@H]1C.O=C(O)/C=C\C(=O)O,0,0,0,0,0,0,0,1,0,1,1,0
26091,CC(=O)OCC1=C(C(=O)O)N2C(=O)[C@@H](NC(=O)Cc3cccs3)[C@H]2SC1,0,0,0,0,0,0,0,1,0,1,1,0
58,CC(C)OC(=O)OCOP(=O)(CO[C@H](C)Cn1cnc2c(N)ncnc21)OCOC(=O)OC(C)C.O=C(O)C=CC(=O)O,0,0,0,0,0,0,0,1,0,1,1,0
4275,O=C(O)c1cc(=O)c2ccccc2o1,0,0,0,0,0,0,0,1,0,1,1,0
3549,Cc1cc(CC(=O)O)c(C)n1-c1ccc(Cl)cc1,0,0,0,0,0,0,0,1,0,1,1,0
1151,O=C(O)CCCCC1CCSS1,0,0,1,0,0,0,0,1,0,1,1,0
5504,Cc1ccc(C(=O)Oc2ccc(C(O)CNC(C)(C)C)cc2OC(=O)c2ccc(C)cc2)cc1,0,0,1,0,0,0,0,1,0,1,1,0
29121,CCOC(=O)c1cc(=O)c2c(OCC(COc3cccc4oc(C(=O)OCC)cc(=O)c34)OC(=O)[C@@H](N)CCCCN)cccc2o1,0,0,1,0,0,0,0,1,0,1,1,0
13472,CCCCNc1ccc(C(=O)OCCOCCOCCOCCOCCOCCOCCOCCOCCOC)cc1,0,0,1,0,0,0,0,1,0,1,1,0
27471,O=C1CC[C@@]2(O)[C@H]3Cc4ccc(O)c5c4[C@@]2(CCN3CC2CC2)[C@H]1O5,0,0,1,0,0,0,0,1,0,1,1,0
9120,C#C[C@]1(O)CC[C@H]2[C@@H]3[C@H](C)CC4=C(CCC(=O)C4)[C@H]3CC[C@@]21C,0,0,1,0,0,0,0,1,0,1,1,0
27938,CCCCCCNC(=O)n1cc(F)c(=O)[nH]c1=O,0,0,1,0,0,0,0,1,0,1,1,0
7872,O=C1NS(=O)(=O)c2ccccc21,0,0,1,0,0,0,0,1,0,1,1,0
25378,C[C@]12CC[C@H](O)CC1=CC[C@@H]1[C@@H]2CC[C@]2(C)C(=O)CC[C@@H]12,0,0,1,0,0,0,0,1,0,1,1,0
24922,C[C@]12CC[C@H]3[C@@H](CCC4=CC(=O)CC[C@@H]43)[C@@H]1CC[C@@H]2O,0,0,1,0,0,0,0,1,0,1,1,0
13033,C#C[C@]1(O)CC[C@H]2[C@@H]3CCC4=CC(=O)CC[C@@H]4[C@H]3CC[C@@]21C,0,0,1,0,0,0,0,1,0,1,1,0
12492,C#C[C@]1(O)CC[C@H]2[C@@H]3CCC4=CC(=O)CC[C@@H]4[C@H]3CC[C@@]21CC,0,0,1,0,0,0,0,1,0,1,1,0
28654,O=C1CC2(CCCC2)CC(=O)N1CCCCN1CCN(c2ncccn2)CC1,0,0,1,0,0,0,0,1,0,1,1,0
21645,C[C@]12CC[C@H]3[C@@H](CCC4=CC(=O)CC[C@@H]43)[C@@H]1CC[C@@H]2OC(=O)CCc1ccccc1,0,0,1,0,0,0,0,1,0,1,1,0
4357,COc1cc(NC(C)CCCN)c2ncccc2c1.O=P(O)(O)O.O=P(O)(O)O,0,0,1,0,0,0,0,1,0,1,1,0
16502,CCN(CC)CCCC(C)Nc1ccnc2cc(Cl)ccc12.O=P(O)(O)O.O=P(O)(O)O,0,0,1,0,0,0,0,1,0,1,1,0
17708,O=S(=O)(O)c1cc(I)c(O)c2ncccc12,0,0,1,0,0,0,0,1,0,1,1,0
28142,CC(C)(C)C(=O)OCOC(=O)C1N2C(=O)CC2S(=O)(=O)C1(C)C,0,0,1,0,0,0,0,1,0,1,1,0
1092,CC(=O)N[C@@H](CO)C(=O)N[C@@H](CC(=O)O)C(=O)N[C@@H](CCCCN)C(=O)N1CCC[C@H]1C(=O)O,0,0,1,0,0,0,0,1,0,1,1,0
434,O=C(O)c1ccccc1S,0,0,1,0,0,0,0,1,0,1,1,0
6645,O=C(O)CCc1nc(-c2ccccc2)c(-c2ccccc2)o1,1,0,1,0,0,0,0,1,0,1,1,0
20350,CC(C(O)c1ccccc1)N(C)C/C=C/c1ccccc1,1,0,1,0,0,0,0,1,0,1,1,0
11368,CC(CCc1ccccc1)NC(C)C(O)c1ccc(O)cc1,1,0,1,0,0,0,0,1,0,1,1,0
14533,Cc1ncc(CO)c(C=O)c1O,1,0,1,0,0,0,0,1,0,1,1,0
2887,O=c1oc2c(O)c(O)cc3c(=O)oc4c(O)c(O)cc1c4c23,1,0,1,0,0,0,0,1,0,1,1,0
25474,Cc1cc(O)c(C)c(C)c1O,1,0,1,0,0,0,0,1,0,1,1,0
12818,O=C(O)c1cc(O)c(O)c(O)c1,1,0,1,0,0,0,0,1,0,1,1,0
3229,COc1cc(O)cc(O)c1,1,0,1,0,0,0,0,1,0,1,1,0
3381,N#CC(C#N)=Cc1ccc(O)c(O)c1,1,0,1,0,0,0,0,1,0,1,1,0
26274,Oc1ccc(C2CNCCc3c2cc(O)c(O)c3Cl)cc1,1,0,1,0,0,0,0,1,0,1,1,0
3310,N[C@H](C(=O)O)[C@@H](O)c1ccc(O)c(O)c1,1,0,1,0,0,0,0,1,0,1,1,0
13326,Oc1cc(O)c2c(c1)O[C@H](c1ccc(O)c(O)c1)[C@H](O)C2,1,0,1,0,0,0,0,1,0,1,1,0
15274,O=S(=O)(O)O.Oc1ccc(C(O)CNCCCCCCNCC(O)c2ccc(O)c(O)c2)cc1O,1,0,1,0,0,0,0,1,0,1,1,0
165,CC=Cc1ccc(O)c(OC)c1,1,0,1,0,0,0,0,1,0,1,1,0
21965,C=CCc1ccc(O)c(OC)c1,1,0,1,0,0,0,0,1,0,1,1,0
12588,CCCCCCCCC(=O)NCc1ccc(O)c(OC)c1,1,0,1,0,0,0,0,1,0,1,1,0
23838,COc1ccc(O)cc1,1,0,1,0,0,0,0,1,0,1,1,0
14876,Oc1ccc(CCNCCCCCCNCCc2ccccc2)cc1O,1,0,1,0,0,0,0,1,0,1,1,0
5298,O=C1CCCc2c(O)cccc21,1,0,1,0,0,0,0,1,0,1,1,0
29275,Oc1cccc2[nH]ccc12,1,0,1,0,0,0,0,1,0,1,1,0
10696,C[C@@H]1C[C@H]2[C@@H]3CCC4=CC(=O)C=C[C@]4(C)[C@@]3(F)[C@@H](O)C[C@]2(C)[C@H]1C(=O)CO,1,0,1,0,0,0,0,1,0,1,1,0
27190,O=C(CCN1CCN(CCO)CC1)N1c2ccccc2Sc2ccc(C(F)(F)F)cc21,1,0,1,0,0,0,0,1,0,1,1,0
2546,N=C(N)c1ccc(OCCCCCOc2ccc(C(=N)N)cc2)cc1.O=S(=O)(O)CCO.O=S(=O)(O)CCO,1,0,1,0,0,0,0,1,0,1,1,0
25083,CCCCc1oc2ccc(NS(C)(=O)=O)cc2c1C(=O)c1ccc(OCCCN(CCCC)CCCC)cc1,1,0,1,0,0,0,0,1,0,1,1,0
31271,Oc1c(Br)cc(Br)c2cccnc12,1,0,1,0,0,0,0,1,0,1,1,0
21235,Cc1ccc(O)c2ncccc12,1,0,1,0,0,0,0,1,0,1,1,0
17022,Oc1ccc(Cl)c2cccnc12,1,0,1,0,0,0,0,1,0,1,1,0
4697,COc1ccc(CN2CCN(C(c3ccc(F)cc3)c3ccc(F)cc3)CC2)c(OC)c1OC.Cl.Cl,1,0,1,0,0,0,0,1,0,1,1,0
6094,CN(C)[C@@H]1C(O)=C(C(N)=O)C(=O)[C@@]2(O)C(O)=C3C(=O)c4c(O)ccc(Cl)c4[C@@H](O)[C@H]3C[C@@H]12.Cl,1,0,1,0,0,0,0,1,0,1,1,0
20146,CSc1ccc2c(c1)C(N1CCN(C)CC1)Cc1ccccc1S2,1,0,1,0,0,0,0,1,0,1,1,0
24493,CNC(=O)c1ccccc1Sc1ccc2c(/C=C/c3ccccn3)n[nH]c2c1,1,0,1,0,0,0,0,1,0,1,1,0
25149,CC(C)C[C@H](NC(=O)[C@H](Cc1ccccc1)NC(=O)c1cnccn1)B(O)O,1,0,1,0,0,0,0,1,0,1,1,0
4776,COc1cc(C=C2CCCC(=Cc3ccc(O)c(OC)c3)C2=O)ccc1O,1,0,1,0,0,0,0,1,0,1,1,0
8842,CC(C)C[C@H](NC(=O)[C@H](CCc1ccccc1)NC(=O)CN1CCOCC1)C(=O)N[C@@H](Cc1ccccc1)C(=O)N[C@@H](CC(C)C)C(=O)[C@@]1(C)CO1,1,0,1,0,0,0,0,1,0,1,1,0
5692,C/C=C/C[C@@H](C)[C@@H](O)[C@H]1C(=O)N[C@@H](CC)C(=O)N(C)CC(=O)N(C)[C@@H](CC(C)C)C(=O)N[C@@H](C(C)C)C(=O)N(C)[C@@H](CC(C)C)C(=O)N[C@@H](C)C(=O)N[C@H](C)C(=O)N(C)[C@@H](CC(C)C)C(=O)N(C)[C@@H](CC(C)C)C(=O)N(C)[C@@H](C(C)C)C(=O)N1C,1,0,1,0,0,0,0,1,0,1,1,0
27252,CC[C@@H]([C@H](C)O)n1ncn(-c2ccc(N3CCN(c4ccc(OCC5CO[C@@](Cn6cncn6)(c6ccc(F)cc6F)C5)cc4)CC3)cc2)c1=O,1,0,1,0,0,0,0,1,0,1,1,0
13914,C=C1/C(=C\C=C2/CCC[C@]3(C)[C@@H]([C@H](C)/C=C/[C@@H](O)C4CC4)CC[C@@H]23)C[C@@H](O)C[C@@H]1O,1,0,1,0,0,0,0,1,0,1,1,0
27812,CC(=O)c1ccc2c(c1)N(CCCN1CCC(CCO)CC1)c1ccccc1S2,1,0,1,0,0,0,0,1,0,1,1,0
9907,CC(=O)O[Hg]c1ccccc1,1,0,1,0,0,0,0,1,0,1,1,0
25670,CC(C)(C)C1CCC(CC2=C(O)C(=O)c3ccccc3C2=O)CC1,1,0,1,0,0,0,0,1,0,1,1,0
20689,CCOC(=O)C1=C(C)NC(C)=C(C(=O)OCC)C1c1ccccc1/C=C/C(=O)OC(C)(C)C,1,0,1,0,0,0,0,1,0,1,1,0
26591,Cc1cc(C)c(C=C2C(=O)Nc3ccccc32)[nH]1,1,0,1,0,0,0,0,1,0,1,1,0
24557,Cl.Clc1ccc(Cn2c(CN3CCCC3)nc3ccccc32)cc1,1,0,1,0,0,0,0,1,0,1,1,0
27583,CNCCCC1c2ccccc2C=Cc2ccccc21.Cl,1,0,1,0,0,0,0,1,0,1,1,0
2477,CNCCCN1c2ccccc2CCc2ccccc21.Cl,1,0,1,0,0,0,0,1,0,1,1,0
1578,CN1CCCN(C(c2ccccc2)c2ccc(Cl)cc2)CC1,1,0,1,0,0,0,0,1,0,1,1,0
27397,CN1CCN(CCCN2c3ccccc3Sc3ccc(S(=O)(=O)N(C)C)cc32)CC1.CS(=O)(=O)O.CS(=O)(=O)O,1,0,1,0,0,0,0,1,0,1,1,0
1447,CCCCCOc1ccccc1/C(=C\SC)n1ccnc1,1,0,1,0,0,0,0,1,0,1,1,0
5513,Fc1ccc(C(c2ccc(F)cc2)N2CCN(C/C=C/c3ccccc3)CC2)cc1,1,0,1,0,0,0,0,1,0,1,1,1
25638,CS(=O)(=O)CCNCc1ccc(-c2ccc3ncnc(Nc4ccc(OCc5cccc(F)c5)c(Cl)c4)c3c2)o1,1,0,1,0,0,0,0,1,0,1,1,1
31427,N=C(N)NN=C(C=Cc1ccc([N+](=O)[O-])o1)C=Cc1ccc([N+](=O)[O-])o1,1,0,1,0,0,0,0,1,0,1,1,1
1322,CCCCCCCCCCCC(=O)O[Sn](CCCC)(CCCC)OC(=O)CCCCCCCCCCC,1,0,1,0,0,0,0,1,0,1,1,1
653,COc1ccc2cc3[n+](cc2c1OC)CCc1cc2c(cc1-3)OCO2.[Cl-],1,0,1,0,0,0,0,1,0,1,1,1
25943,CCN1C(=CC=Cc2sc3ccccc3[n+]2CC)Sc2ccccc21.[I-],1,0,1,0,0,0,0,1,0,1,1,1
25204,O=C1C(I)=CC(=C(c2cc(I)c([O-])c(I)c2)c2ccccc2C(=O)[O-])C=C1I.[Na+].[Na+],1,0,1,0,0,0,0,1,0,1,1,1
25583,CC[Hg]Sc1ccccc1C(=O)[O-].[Na+],1,0,1,0,0,0,0,1,0,1,1,1
3363,CC(C)=CCOc1ccc(/C=C/C(=O)c2ccc(OCC=C(C)C)cc2OCC(=O)O)cc1,1,0,1,0,0,0,0,1,0,1,1,1
1333,COCCOC(=O)C1=C(C)NC(C)=C(C(=O)OC/C=C/c2ccccc2)C1c1cccc([N+](=O)[O-])c1,1,0,1,0,0,0,0,1,0,1,1,1
1332,CN1CCC(Nc2ncc3ncnc(Nc4ccc(F)c(Cl)c4)c3n2)CC1.Cl.Cl,1,0,1,0,0,0,0,1,0,1,1,1
26274,Cl.O=C(OCC(O)CO)c1ccccc1Nc1ccnc2cc(Cl)ccc12,1,0,1,0,0,0,0,1,0,1,1,1
6181,COC(=O)c1nc(Cl)c(Cl)nc1N,1,0,1,0,0,0,0,1,0,1,1,1
25490,Clc1ccc2c(c1)CCc1cccnc1C2=C1CCNCC1,1,0,1,0,0,0,0,1,0,1,1,1
31491,CN(C)CCCN1c2ccccc2CCc2ccc(Cl)cc21,1,0,1,0,0,0,0,1,0,1,1,1
26619,COC1=C(OC)C(=O)C(CCCCCCCCCCO)=C(C)C1=O,1,0,1,0,0,0,0,1,0,1,1,1
